from,to,weight,activation,EC50,n
A1_ALPHA2,FUS1,1,FALSE,0.481303939,1.699406549
ABF1,ACS1,1,TRUE,0.479114664,1.764568327
ABF1,ADH1,1,TRUE,0.473920737,1.721363107
ABF1,CDC19,1,TRUE,0.409943135,1.659502005
ABF1,COX6,1,TRUE,0.535319225,1.540031017
ABF1,DED1,1,TRUE,0.416017274,1.77136045
ABF1,PGK1,1,TRUE,0.569381471,1.76909898
ABF1,POT1,1,TRUE,0.450518466,1.419289002
ABF1,QCR8,1,TRUE,0.49429474,1.65359925
ABF1,RPL4A,1,TRUE,0.52791952,1.741219174
ABF1,RPL4B,1,TRUE,0.559455199,1.555456717
ABF1,SPR3,1,TRUE,0.454784223,1.576139054
ABF1,TUB2,1,TRUE,0.423321725,1.760044094
ACE2,CDC6,1,FALSE,0.488239527,1.705950356
ACE2,CTS1,1,TRUE,0.447181947,1.504764228
ACE2,EGT2,1,TRUE,0.540639611,1.760546614
ACE2,HO,1,TRUE,0.57904588,1.730543106
ACE2,RME1,1,TRUE,0.438344763,1.452328933
ADR1,ACS1,1,TRUE,0.456089669,1.745352874
ADR1,ADH1,1,TRUE,0.408582757,1.687463355
ADR1,ADH2,1,TRUE,0.520614006,1.578983891
ADR1,CTA1,1,TRUE,0.484743402,1.723406174
ADR1,FOX2,1,TRUE,0.463469692,1.647315904
ADR1,GUT1,1,TRUE,0.551679315,1.692914398
ADR1,PEX1,1,TRUE,0.50832446,1.547877305
ADR1,POT1,1,TRUE,0.403326206,1.504295761
ALPHA1,MFALPHA1,1,TRUE,0.528874885,1.602212302
ALPHA1,STE3,1,TRUE,0.587692407,1.40026789
ALPHA2,STE6,1,FALSE,0.406355158,1.604286162
ARO80,ARO10,1,TRUE,0.495742105,1.500867
ARO80,ARO9,1,TRUE,0.439125429,1.580655672
ASH1,MUC1,1,TRUE,0.457999416,1.455734721
BAS1,ADE12,1,TRUE,0.523443686,1.468261252
BAS1,ADE3,1,TRUE,0.449869876,1.762892369
BAS1,ADE4,1,TRUE,0.529064961,1.685220438
BAS1,ADE6,1,TRUE,0.446795139,1.607060401
BAS1,HIS6,1,TRUE,0.556585855,1.496019996
CAF16,ADH1,1,FALSE,0.43278205,1.494101024
CAF16,FKS1,1,TRUE,0.434043733,1.438349963
CAF16,HO,1,TRUE,0.526598843,1.425815334
CAF4,ADH1,1,FALSE,0.460079839,1.578615519
CAF4,FKS1,1,TRUE,0.49690827,1.445321058
CAF4,GAL1,1,FALSE,0.498623883,1.788277141
CAF4,HO,1,TRUE,0.564648147,1.658592268
CAT8,ACS1,1,TRUE,0.524884249,1.410420861
CAT8,CAT5,1,TRUE,0.474236013,1.410061071
CAT8,IDP2,1,FALSE,0.580027901,1.758352159
CAT8,JEN1,1,FALSE,0.481703849,1.521644697
CAT8,MDH2,1,TRUE,0.563141014,1.703342777
CBF1,CYT1,1,TRUE,0.452121356,1.450397638
CBF1,GAL2,1,TRUE,0.53221222,1.484556494
CBF1,MET14,1,TRUE,0.471302818,1.517983495
CBF1,MET16,1,TRUE,0.413508573,1.483069067
CBF1,MET17,1,FALSE,0.47244028,1.71485951
CBF1,MET28,1,FALSE,0.551778991,1.726045031
CBF1,MET8,1,TRUE,0.522840769,1.698740275
CBF1,QCR8,1,FALSE,0.491757767,1.5654762
CBF1,SAM2,1,TRUE,0.553208724,1.504970915
CBF1,TRP1,1,TRUE,0.406375499,1.404304185
CCR4,ADH1,1,FALSE,0.496385148,1.544268748
CCR4,ADH2,1,TRUE,0.559193774,1.434162042
CDC36,FUS1,1,FALSE,0.566916309,1.657134045
CDC39,CYC1,1,FALSE,0.40152609,1.482879886
CDC39,FUS1,1,FALSE,0.474481904,1.419898828
CDC50,CYC1,1,FALSE,0.574547729,1.40670567
CHA4,CHA1,1,TRUE,0.513934369,1.576833357
CIN5,ENA1,1,TRUE,0.419255204,1.621742034
CRZ1,ENA1,1,TRUE,0.492723449,1.391830334
CRZ1,GSC2,1,TRUE,0.442256909,1.604332047
CRZ1,PMC1,1,TRUE,0.413326837,1.628865535
CUP2,CUP1A,1,TRUE,0.510129595,1.695765935
CUP2,CUP1B,1,TRUE,0.444875371,1.398805168
CUP2,RS5,1,TRUE,0.57503633,1.514128314
CUP2,SOD1,1,TRUE,0.584643578,1.725804365
CUP9,FET3,1,TRUE,0.557896106,1.713081984
CUP9,PTR2,1,FALSE,0.503650175,1.570318241
DAL80,CAN1,1,FALSE,0.542599301,1.740253387
DAL80,DAL1,1,FALSE,0.417016711,1.46790286
DAL80,DAL2,1,FALSE,0.486071325,1.479783261
DAL80,DAL3,1,FALSE,0.466279038,1.719845447
DAL80,DAL4,1,FALSE,0.583578976,1.799723698
DAL80,DAL5,1,FALSE,0.461631893,1.754592821
DAL80,DAL7,1,FALSE,0.578659564,1.524460314
DAL80,DCG1,1,FALSE,0.579106305,1.765551058
DAL80,DUR1,1,FALSE,0.59589412,1.637728304
DAL80,DUR3,1,FALSE,0.432549858,1.707528831
DAL80,GAT1,1,FALSE,0.481424162,1.725090763
DAL80,GDH1,1,FALSE,0.556981729,1.640924345
DAL80,PUT1,1,FALSE,0.502989233,1.499045362
DAL80,PUT2,1,FALSE,0.583086104,1.451867392
DAL80,PUT4,1,FALSE,0.527275925,1.733715381
DAL80,UGA1,1,FALSE,0.446749599,1.631738549
DAL80,UGA2,1,FALSE,0.471386363,1.482090861
DAL80_GZF3,DAL80,1,FALSE,0.481977456,1.503795332
DAL80_GZF3,GAP1,1,FALSE,0.563781732,1.581800261
DAL80_GZF3,UGA4,1,FALSE,0.482018467,1.677564305
DAL81,UGA2,1,TRUE,0.513395478,1.493192101
DAL81,UGA4,1,TRUE,0.543908408,1.644135259
FKH2,CLB2,1,FALSE,0.544834473,1.565347194
FLO8,MUC1,1,TRUE,0.530404142,1.602228154
FLO8,STA1,1,TRUE,0.423007657,1.751160434
FLO8,STA2,1,TRUE,0.589216648,1.70421701
FZF1,SSU1,1,TRUE,0.431978974,1.612303404
GAL11,A1_ALPHA2,1,TRUE,0.521514644,1.410170036
GAL11,ALPHA1,1,TRUE,0.581646568,1.471184618
GAL11,ALPHA2,1,TRUE,0.536564389,1.475462454
GAL11,GAL1,1,TRUE,0.466731325,1.795586328
GAL11,GAL10,1,TRUE,0.520608416,1.617179427
GAL11,GAL2,1,TRUE,0.471541883,1.42639577
GAL11,GAL7,1,TRUE,0.408730584,1.703670535
GAL11,MFALPHA1,1,TRUE,0.544789115,1.756114132
GAL4,FUR4,1,TRUE,0.576882152,1.755858858
GAL4,GAL1,1,TRUE,0.482203206,1.799210654
GAL4,GAL10,1,TRUE,0.403306039,1.785538533
GAL4,GAL2,1,TRUE,0.403795545,1.787003606
GAL4,GAL3,1,TRUE,0.400029473,1.693913417
GAL4,GAL7,1,TRUE,0.574224577,1.49814097
GAL4,GAL80,1,TRUE,0.445741166,1.704016312
GAL4,GCY1,1,TRUE,0.447867572,1.516964314
GAL4,LAP3,1,TRUE,0.479153641,1.566518818
GAL4,MEL1,1,TRUE,0.408394105,1.78301125
GAL4,MTH1,1,TRUE,0.511672607,1.646745998
GAL4,PCL10,1,TRUE,0.44494874,1.539584928
GAL4,PGM2,1,TRUE,0.577043134,1.507791407
GAT1,DAL80,1,TRUE,0.452398989,1.77983969
GAT1,DAL80_GZF3,1,TRUE,0.543852677,1.720832475
GAT1,GAP1,1,TRUE,0.518216707,1.536245672
GAT1,GLN1,1,TRUE,0.528545167,1.393778348
GCN4,ADE1,1,TRUE,0.590662668,1.463267982
GCN4,ADE2,1,TRUE,0.530813378,1.515940009
GCN4,ADE4,1,TRUE,0.59910373,1.469415944
GCN4,ADE5,1,TRUE,0.505875319,1.673346941
GCN4,ADE8,1,TRUE,0.433217032,1.414390222
GCN4,ARG1,1,TRUE,0.464766038,1.547183531
GCN4,ARG2,1,TRUE,0.455899179,1.41920324
GCN4,ARG3,1,TRUE,0.450337628,1.478576773
GCN4,ARG4,1,TRUE,0.558167527,1.676225879
GCN4,ARG5,1,TRUE,0.596246607,1.409423384
GCN4,ARG7,1,TRUE,0.537073395,1.496561675
GCN4,ARG8,1,TRUE,0.444390202,1.660988897
GCN4,ARO3,1,TRUE,0.498473782,1.680280743
GCN4,ARO4,1,TRUE,0.422402792,1.638779735
GCN4,ARO7,1,TRUE,0.455934864,1.524033958
GCN4,ASN1,1,TRUE,0.485818979,1.54010636
GCN4,ASN2,1,TRUE,0.58267622,1.513067817
GCN4,CPA1,1,TRUE,0.444730015,1.641330927
GCN4,CPA2,1,TRUE,0.471214121,1.761370958
GCN4,DAL1,1,TRUE,0.407342873,1.649223549
GCN4,DAL5,1,TRUE,0.580022047,1.548885379
GCN4,GCV3,1,TRUE,0.501254422,1.421346915
GCN4,GLN1,1,TRUE,0.417979584,1.425204336
GCN4,GLT1,1,TRUE,0.492914324,1.707135548
GCN4,HAL1,1,TRUE,0.483997637,1.588899314
GCN4,HIS1,1,TRUE,0.499799452,1.42631075
GCN4,HIS2,1,TRUE,0.579468015,1.483137042
GCN4,HIS3,1,TRUE,0.555487977,1.394914387
GCN4,HIS4,1,TRUE,0.415338237,1.440474863
GCN4,HIS5,1,TRUE,0.452003717,1.719079606
GCN4,HIS7,1,TRUE,0.551366601,1.469979541
GCN4,HOM2,1,TRUE,0.513996692,1.754900445
GCN4,HOM3,1,TRUE,0.429741209,1.472950926
GCN4,ILV1,1,TRUE,0.417586526,1.610846885
GCN4,ILV2,1,TRUE,0.471589474,1.65419911
GCN4,ILV5,1,TRUE,0.507571528,1.793416431
GCN4,KRS1,1,TRUE,0.41869392,1.759296315
GCN4,LEU3,1,TRUE,0.419023381,1.449101975
GCN4,LEU4,1,TRUE,0.460536497,1.562753952
GCN4,LPD1,1,TRUE,0.410511064,1.638470974
GCN4,LYS1,1,TRUE,0.570723136,1.502408189
GCN4,LYS2,1,TRUE,0.592665526,1.428939648
GCN4,MET16,1,TRUE,0.567545453,1.512410557
GCN4,MET17,1,TRUE,0.592668759,1.462209852
GCN4,MET4,1,TRUE,0.437206446,1.649458818
GCN4,PRO1,1,TRUE,0.486828143,1.399264532
GCN4,SER1,1,TRUE,0.570411753,1.577362054
GCN4,SHM2,1,TRUE,0.437986013,1.731486571
GCN4,THR1,1,TRUE,0.485055076,1.426309056
GCN4,TRP2,1,TRUE,0.512292167,1.719254388
GCN4,TRP3,1,TRUE,0.520463363,1.448005308
GCN4,TRP4,1,TRUE,0.497977127,1.630404371
GCN4,TRP5,1,TRUE,0.588749675,1.404117072
GCR1,ADH1,1,TRUE,0.517638121,1.717976204
GCR1,APA1,1,TRUE,0.550612563,1.588066204
GCR1,GLK1,1,TRUE,0.461859384,1.419925225
GCR1,GPM1,1,TRUE,0.456569132,1.492612878
GCR1,RPL24A,1,TRUE,0.432276871,1.60640471
GCR1,RPS14A,1,TRUE,0.477961315,1.768338678
GCR1,RPS14B,1,TRUE,0.466499692,1.794885511
GCR1,SUR4,1,TRUE,0.447626071,1.666444343
GCR1,TEF1,1,TRUE,0.562209221,1.733367709
GCR1,TEF2,1,TRUE,0.524921219,1.695651079
GIS1,PHR1,1,FALSE,0.471813104,1.538944651
GLN3,ASP3A,1,TRUE,0.406332922,1.723089442
GLN3,ASP3B,1,TRUE,0.440676694,1.550856858
GLN3,ASP3C,1,TRUE,0.497566292,1.556405038
GLN3,ASP3D,1,TRUE,0.587743195,1.53818193
GLN3,CAN1,1,TRUE,0.407324186,1.700417583
GLN3,DAL1,1,TRUE,0.427397675,1.685943848
GLN3,DAL2,1,TRUE,0.450118849,1.793384476
GLN3,DAL3,1,TRUE,0.414687381,1.528754
GLN3,DAL4,1,TRUE,0.444605966,1.6383369
GLN3,DAL5,1,TRUE,0.522913772,1.577401149
GLN3,DAL7,1,TRUE,0.44856056,1.429550309
GLN3,DAL80,1,TRUE,0.401675859,1.692367203
GLN3,DAL80_GZF3,1,TRUE,0.513564967,1.502352058
GLN3,DCG1,1,TRUE,0.510879756,1.790361769
GLN3,DUR1,1,TRUE,0.520857876,1.698269612
GLN3,DUR3,1,TRUE,0.425008042,1.761093774
GLN3,FUR4,1,TRUE,0.578592776,1.416340406
GLN3,GAP1,1,TRUE,0.442181538,1.444606008
GLN3,GAT1,1,TRUE,0.404177316,1.632360652
GLN3,GDH1,1,TRUE,0.590433901,1.65420974
GLN3,GDH2,1,TRUE,0.522615484,1.665356978
GLN3,GLN1,1,TRUE,0.476507752,1.518426126
GLN3,GLT1,1,TRUE,0.422706364,1.759123562
GLN3,PRB1,1,TRUE,0.530310486,1.47968658
GLN3,PUT1,1,TRUE,0.438873948,1.668800627
GLN3,PUT2,1,TRUE,0.545751128,1.417172935
GLN3,PUT4,1,TRUE,0.497588175,1.45245532
GLN3,UGA1,1,TRUE,0.409849717,1.726357797
GLN3,UGA4,1,TRUE,0.536637469,1.515628254
HAL9,ENA1,1,TRUE,0.469077427,1.433271485
HAP1,ACO1,1,TRUE,0.419805042,1.66907541
HAP1,CTT1,1,TRUE,0.540195463,1.528767385
HAP1,CYB2,1,TRUE,0.427077993,1.529049775
HAP1,CYC1,1,TRUE,0.47600454,1.600035732
HAP1,CYC7,1,TRUE,0.416248582,1.680216897
HAP1,CYT1,1,TRUE,0.579461056,1.608786475
HAP1,ERG11,1,TRUE,0.549434815,1.583940116
HAP1,HEM13,1,TRUE,0.598393541,1.498515232
HAP1,HMG1,1,TRUE,0.56759716,1.686998671
HAP1,HYP2,1,TRUE,0.590803079,1.572239509
HAP1,QCR2,1,TRUE,0.585181076,1.495397445
HAP1,ROX1,1,TRUE,0.420960777,1.567523578
HAP1,SOD1,1,TRUE,0.461271307,1.653360032
HAP1,SOD2,1,TRUE,0.44905002,1.442571564
HAP2,AAC1,1,TRUE,0.55058196,1.51121512
HAP2,ACO1,1,TRUE,0.490597443,1.630944312
HAP2,ASN1,1,TRUE,0.540943841,1.531184119
HAP2,SDH4,1,TRUE,0.565801351,1.59217334
HAP3,ASN1,1,TRUE,0.460430278,1.430213241
HAP4,MDH1,1,TRUE,0.448890651,1.532148348
HDA1,ERG10,1,FALSE,0.569992119,1.697884048
HDA1,INH1,1,FALSE,0.515920883,1.69654959
HDA1,INO1,1,FALSE,0.469480636,1.711271095
HDA1,PHO3,1,FALSE,0.575569726,1.640398336
HDA1,PHO5,1,FALSE,0.509080991,1.565564008
HSF1,CUP1A,1,TRUE,0.429118325,1.702332533
HSF1,CUP1B,1,TRUE,0.559257927,1.761579546
HSF1,DDR48,1,TRUE,0.433078292,1.768213522
HSF1,HSC82,1,TRUE,0.578357014,1.465525722
HSF1,HSP104,1,TRUE,0.407569222,1.495434644
HSF1,HSP12,1,TRUE,0.490328021,1.677357993
HSF1,HSP26,1,TRUE,0.588306501,1.484264092
HSF1,HSP82,1,TRUE,0.502915746,1.453474261
HSF1,KAR2,1,TRUE,0.565960576,1.682070722
HSF1,RPL40A,1,TRUE,0.518115502,1.548007495
HSF1,SSA1,1,TRUE,0.493990173,1.799661349
HSF1,SSA3,1,TRUE,0.447382098,1.425338608
HSF1,SSE1,1,TRUE,0.563197643,1.708134482
HSF1,UBI4,1,TRUE,0.427138261,1.742354867
IME1,DIT1,1,TRUE,0.478139685,1.559167077
IME1,HOP1,1,TRUE,0.491679726,1.469606777
IME1,IME2,1,TRUE,0.59403324,1.431711607
IME1,MER1,1,TRUE,0.474718413,1.504695793
IME1,REC114,1,TRUE,0.514870292,1.786301992
IME1,RIM11,1,TRUE,0.550046029,1.667934681
IME1,RIM4,1,TRUE,0.504807745,1.60136923
IME1,SGA1,1,TRUE,0.529881535,1.410933614
IME1,SPO11,1,TRUE,0.4094718,1.777291693
IME1,SPO13,1,TRUE,0.549958836,1.532431458
IME1,SPS1,1,TRUE,0.551350459,1.467277377
IME1,SPS2,1,TRUE,0.406518475,1.77430529
IME1,SPS4,1,TRUE,0.437122593,1.743785508
IME4,IME1,1,TRUE,0.551254912,1.766729314
IME4,IME1_UME6,1,TRUE,0.429265236,1.751731681
INO2,ACC1,1,TRUE,0.425247175,1.665934691
INO2,ADK1,1,TRUE,0.498217674,1.497606221
INO2,PHO5,1,TRUE,0.423155214,1.570833647
INO2,PMA1,1,TRUE,0.498660801,1.52040298
INO2_INO4,CDS1,1,TRUE,0.465208838,1.651600996
INO2_INO4,CHO1,1,TRUE,0.465688779,1.782144611
INO2_INO4,CHO2,1,TRUE,0.533334163,1.529639496
INO2_INO4,CKI1,1,TRUE,0.517100659,1.509410706
INO2_INO4,EPT1,1,TRUE,0.58497989,1.427763545
INO2_INO4,FAS1,1,TRUE,0.440572621,1.460663153
INO2_INO4,FAS2,1,TRUE,0.42816373,1.439911983
INO2_INO4,GUT1,1,TRUE,0.427882396,1.770343046
INO2_INO4,HNM1,1,TRUE,0.40199231,1.473718677
INO2_INO4,INO1,1,TRUE,0.595229306,1.464312789
INO2_INO4,INO2,1,TRUE,0.473751013,1.776098761
INO2_INO4,ITR1,1,TRUE,0.45742912,1.561085416
INO2_INO4,OPI3,1,TRUE,0.49015788,1.471897852
INO2_INO4,PGS1,1,TRUE,0.543268599,1.621190066
INO2_INO4,PSD1,1,TRUE,0.5880795,1.619680402
INO4,ACC1,1,TRUE,0.415723147,1.591974416
IXR1,COX5B,1,FALSE,0.570088525,1.562065286
KAR4,CIK1,1,TRUE,0.471246728,1.463327669
KAR4,KAR3,1,TRUE,0.517111376,1.608616697
LEU3,GDH1,1,TRUE,0.585277578,1.513803229
LEU3,ILV1,1,TRUE,0.401712856,1.469200996
LEU3,ILV2,1,TRUE,0.514941851,1.52054307
LEU3,ILV5,1,TRUE,0.562229603,1.762592033
LEU3,LEU1,1,TRUE,0.437530681,1.718898648
LEU3,LEU2,1,TRUE,0.524998643,1.569277983
LEU3,LEU4,1,TRUE,0.528140794,1.410332443
LYS14,LYS1,1,TRUE,0.484355668,1.486662493
LYS14,LYS12,1,TRUE,0.534101763,1.710562822
LYS14,LYS2,1,TRUE,0.586094585,1.579398209
LYS14,LYS5,1,TRUE,0.459839016,1.711357255
LYS14,LYS9,1,TRUE,0.474374051,1.42797957
MAC1,CRR1,1,TRUE,0.591362143,1.724607455
MAC1,CTR1,1,TRUE,0.593530502,1.76343857
MAC1,CTR3,1,TRUE,0.543875099,1.527877045
MAC1,CTT1,1,TRUE,0.567986859,1.442446214
MAC1,FRE1,1,TRUE,0.448104197,1.392372112
MAC1,FRE7,1,TRUE,0.554369563,1.547140889
MAC1,YFR055W,1,TRUE,0.542541475,1.783003362
MAC1,YJL217W,1,TRUE,0.456928924,1.46771208
MAL33,MAL31,1,TRUE,0.573919653,1.543512719
MBP1_SWI6,CDC2,1,TRUE,0.549596165,1.720876034
MBP1_SWI6,CDC21,1,TRUE,0.508947861,1.572400927
MBP1_SWI6,CDC6,1,TRUE,0.514560665,1.435380934
MBP1_SWI6,CDC8,1,TRUE,0.469616155,1.509937476
MBP1_SWI6,CDC9,1,TRUE,0.430676256,1.612863285
MBP1_SWI6,CLB5,1,TRUE,0.530143289,1.440083144
MBP1_SWI6,CLB6,1,TRUE,0.507783612,1.779131733
MBP1_SWI6,CTF4,1,TRUE,0.595251366,1.601628067
MBP1_SWI6,DBF4,1,TRUE,0.54052166,1.73610078
MBP1_SWI6,DNA43,1,TRUE,0.513332705,1.406691371
MBP1_SWI6,DPB2,1,TRUE,0.59868185,1.440829813
MBP1_SWI6,DPB3,1,TRUE,0.451457323,1.426061217
MBP1_SWI6,NUF1,1,TRUE,0.405003159,1.799411554
MBP1_SWI6,NUP116,1,TRUE,0.471321755,1.514760721
MBP1_SWI6,PMS1,1,TRUE,0.4830446,1.724376885
MBP1_SWI6,POL1,1,TRUE,0.543882749,1.54593157
MBP1_SWI6,POL12,1,TRUE,0.414071251,1.725355641
MBP1_SWI6,POL2,1,TRUE,0.579265065,1.554965328
MBP1_SWI6,PRI1,1,TRUE,0.576015858,1.538693033
MBP1_SWI6,PRI2,1,TRUE,0.594705679,1.635908089
MBP1_SWI6,RAD27,1,TRUE,0.487005325,1.758089493
MBP1_SWI6,RAD5,1,TRUE,0.580008369,1.527598775
MBP1_SWI6,RAD51,1,TRUE,0.498051409,1.674661831
MBP1_SWI6,RAD53,1,TRUE,0.47703117,1.392857186
MBP1_SWI6,RAD54,1,TRUE,0.530453527,1.639378011
MBP1_SWI6,RFA1,1,TRUE,0.466228082,1.5219777
MBP1_SWI6,RFA2,1,TRUE,0.558844051,1.492610163
MBP1_SWI6,RFA3,1,TRUE,0.510829902,1.795545046
MBP1_SWI6,RNR1,1,TRUE,0.533150619,1.397394149
MBP1_SWI6,SPC42,1,TRUE,0.541597649,1.709283847
MBP1_SWI6,SWI4,1,TRUE,0.520546915,1.472148905
MBP1_SWI6,SWI4_SWI6,1,TRUE,0.487809748,1.707819554
MBP1_SWI6,TOP2,1,TRUE,0.482124301,1.410763888
MBP1_SWI6,TRR1,1,TRUE,0.411417269,1.548303227
MBP1_SWI6,TUB4,1,TRUE,0.571124582,1.758703049
MBP1_SWI6,UNG1,1,TRUE,0.532118863,1.406420185
MCM1,ARG5,1,TRUE,0.50684479,1.721450152
MCM1,CAR1,1,TRUE,0.58430874,1.552822622
MCM1,CAR2,1,FALSE,0.593096199,1.455080396
MCM1,CDC5,1,TRUE,0.530941076,1.604529859
MCM1,CLB1,1,TRUE,0.485842864,1.423626233
MCM1,CLB2,1,TRUE,0.452458185,1.763958016
MCM1,MFALPHA1,1,TRUE,0.534311117,1.57703971
MCM1,PMA1,1,TRUE,0.510628421,1.468461781
MCM1,STE2,1,TRUE,0.526460906,1.764357575
MCM1,STE3,1,TRUE,0.505688552,1.458210532
MCM1,STE6,1,TRUE,0.401189392,1.423451445
MCM1,SWI5,1,TRUE,0.564430627,1.633995287
MET4,MET14,1,TRUE,0.462287059,1.456760927
MET4,MET16,1,TRUE,0.534232872,1.742050252
MET4,MET17,1,TRUE,0.585846528,1.725177419
MET4,MET2,1,TRUE,0.527373803,1.628119575
MET4,MET28,1,FALSE,0.49033478,1.615615585
MET4,MET3,1,TRUE,0.551132926,1.472831653
MET4,MET6,1,TRUE,0.430130275,1.475511665
MIG1,CAT8,1,FALSE,0.569801841,1.618359855
MIG1,CYC1,1,FALSE,0.406916721,1.529351648
MIG1,DOG2,1,FALSE,0.555536448,1.644935063
MIG1,GAL1,1,FALSE,0.52027768,1.415162578
MIG1,GAL4,1,FALSE,0.468570916,1.631879372
MIG1,HAP2,1,FALSE,0.569647461,1.53792713
MIG1,HAP4,1,FALSE,0.405763806,1.681526495
MIG1,HXK1,1,FALSE,0.435237299,1.708247316
MIG1,HXT13,1,FALSE,0.487150686,1.42157357
MIG1,HXT2,1,FALSE,0.457536739,1.780334159
MIG1,HXT4,1,FALSE,0.545834724,1.487982757
MIG1,JEN1,1,FALSE,0.516495121,1.643010608
MIG1,MAL32,1,FALSE,0.572102136,1.414929797
MIG1,PDC1,1,FALSE,0.546010772,1.674850227
MIG1,REG2,1,FALSE,0.436619578,1.716910064
MIG1,SUC1,1,FALSE,0.406405732,1.648161429
MIG1,SUC2,1,FALSE,0.413533051,1.603896152
MIG1,SUC4,1,FALSE,0.488660314,1.402130013
MIG1,TPS1,1,FALSE,0.577126929,1.467547951
MIG1,YBR101C,1,FALSE,0.570622762,1.466330903
MIG1,YDR516C,1,FALSE,0.443455462,1.719578972
MIG1,YEL070W,1,FALSE,0.566833095,1.529914604
MIG1,YFL054C,1,FALSE,0.404693055,1.537638411
MIG1,YKR075C,1,FALSE,0.481283509,1.755709175
MIG1,YLR042C,1,FALSE,0.554281788,1.585315416
MIG1,HAP2_3_4_5,1,FALSE,0.577491769,1.442363849
MIG1,HAP2_HAP4,1,FALSE,0.502406001,1.684949841
MIG2,CAT8,1,FALSE,0.51709965,1.658955371
MIG2,DOG2,1,FALSE,0.508044887,1.533831092
MIG2,HXT13,1,FALSE,0.47986172,1.622978812
MIG2,JEN1,1,FALSE,0.403510858,1.735285006
MIG2,REG2,1,FALSE,0.470093626,1.471072347
MIG2,TPS1,1,FALSE,0.414510862,1.74496823
MIG2,YBR101C,1,FALSE,0.514079639,1.641125604
MIG2,YDR516C,1,FALSE,0.45189481,1.692776324
MIG2,YEL070W,1,FALSE,0.565634579,1.584690214
MIG2,YFL054C,1,FALSE,0.418225199,1.627113146
MIG2,YKR075C,1,FALSE,0.491270881,1.732344282
MIG2,YLR042C,1,FALSE,0.503246269,1.774461699
MOT3,AAC3,1,FALSE,0.586482284,1.576829435
MOT3,ANB1,1,FALSE,0.4765317,1.399874839
MOT3,HEM13,1,FALSE,0.549265628,1.589003617
MSN1,MUC1,1,TRUE,0.549757197,1.520453688
MSN1,STA2,1,TRUE,0.450255467,1.730283096
MSN2,ALD2,1,TRUE,0.467265335,1.678983162
MSN2,ALD3,1,TRUE,0.445915418,1.764990876
MSN2,ARA1,1,TRUE,0.533597064,1.65918645
MSN2,CPH1,1,TRUE,0.402859747,1.779112874
MSN2,CTT1,1,TRUE,0.412287918,1.638424266
MSN2,DDR2,1,TRUE,0.41141026,1.622410861
MSN2,DOG2,1,TRUE,0.571050237,1.649771013
MSN2,GDH3,1,TRUE,0.414302653,1.59074044
MSN2,GLK1,1,TRUE,0.481630768,1.719792914
MSN2,GLO1,1,TRUE,0.450206845,1.617388755
MSN2,GRE3,1,TRUE,0.490218977,1.412623977
MSN2,GRX1,1,TRUE,0.427464279,1.667002364
MSN2,HOR2,1,TRUE,0.54136942,1.511995561
MSN2,HSP104,1,TRUE,0.46428508,1.507950081
MSN2,HSP12,1,TRUE,0.508183711,1.512786481
MSN2,HSP26,1,TRUE,0.541920839,1.76658444
MSN2,HSP42,1,TRUE,0.409651192,1.522488066
MSN2,HSP78,1,TRUE,0.417578499,1.75708522
MSN2,HXK1,1,TRUE,0.435039428,1.437666488
MSN2,MDJ1,1,TRUE,0.580143489,1.426748102
MSN2,MTC2,1,TRUE,0.506193713,1.677671472
MSN2,PGM2,1,TRUE,0.403752582,1.751100144
MSN2,PNC1,1,TRUE,0.52474758,1.433780332
MSN2,RAS2,1,TRUE,0.442319674,1.607696387
MSN2,SOD2,1,TRUE,0.478060792,1.663055703
MSN2,SPS100,1,TRUE,0.44200986,1.406225798
MSN2,SSA3,1,TRUE,0.530350657,1.688816263
MSN2,SSA4,1,TRUE,0.458012112,1.454868131
MSN2,TKL2,1,TRUE,0.400558548,1.563733841
MSN2,TPS1,1,TRUE,0.507963571,1.600031896
MSN2,TTR1,1,TRUE,0.545522502,1.725877025
MSN2,UBI4,1,TRUE,0.414240561,1.689819419
MSN2,YGR086C,1,TRUE,0.579786514,1.601269586
MSN2,YKL151C,1,TRUE,0.459876908,1.604747712
MSN2,YNL077W,1,TRUE,0.502694734,1.674720826
MSN4,ALD2,1,TRUE,0.45968538,1.532443633
MSN4,ALD3,1,TRUE,0.513562004,1.508002567
MSN4,ARA1,1,TRUE,0.464888542,1.433381533
MSN4,CPH1,1,TRUE,0.567014895,1.447036034
MSN4,CTT1,1,TRUE,0.562885805,1.41975716
MSN4,DOG2,1,TRUE,0.597189718,1.566308323
MSN4,GDH3,1,TRUE,0.452107857,1.429502312
MSN4,GLK1,1,TRUE,0.537697173,1.494679188
MSN4,GLO1,1,TRUE,0.477233965,1.463208896
MSN4,GRE3,1,TRUE,0.461739386,1.577125194
MSN4,GRX1,1,TRUE,0.407865178,1.58245727
MSN4,HOR2,1,TRUE,0.566493954,1.477842476
MSN4,HSP104,1,TRUE,0.539279488,1.422940943
MSN4,HSP12,1,TRUE,0.425891722,1.431672317
MSN4,HSP26,1,TRUE,0.598836647,1.651765618
MSN4,HSP42,1,TRUE,0.552094825,1.445442233
MSN4,HSP78,1,TRUE,0.498013646,1.542030202
MSN4,HXK1,1,TRUE,0.524016525,1.488353013
MSN4,MDJ1,1,TRUE,0.414576542,1.521601898
MSN4,MTC2,1,TRUE,0.43915254,1.610277197
MSN4,PGM2,1,TRUE,0.554762758,1.589491824
MSN4,PNC1,1,TRUE,0.422140958,1.48208926
MSN4,RAS2,1,TRUE,0.569475781,1.615709296
MSN4,SOD2,1,TRUE,0.592422725,1.624246999
MSN4,SPS100,1,TRUE,0.416625999,1.427756653
MSN4,SSA3,1,TRUE,0.508142706,1.649790375
MSN4,SSA4,1,TRUE,0.548760569,1.766372017
MSN4,TKL2,1,TRUE,0.535438467,1.777126038
MSN4,TPS1,1,TRUE,0.430701917,1.797834211
MSN4,TTR1,1,TRUE,0.410666049,1.410555478
MSN4,YGR086C,1,TRUE,0.518913256,1.55717159
MSN4,YNL077W,1,TRUE,0.482253563,1.791346377
MTH1,HXT1,1,TRUE,0.419312516,1.469827089
MTH1,HXT3,1,TRUE,0.550385681,1.558533593
NDT80,UBC11,1,TRUE,0.527186083,1.390784731
NRG1,STA1,1,FALSE,0.518054855,1.774203385
OAF1,QDR1,1,TRUE,0.419471522,1.661694474
OAF1_PIP2,CAT2,1,TRUE,0.52702092,1.477166691
OAF1_PIP2,CRC1,1,TRUE,0.495248985,1.576506244
OAF1_PIP2,CTA1,1,TRUE,0.543229894,1.741218347
OAF1_PIP2,DCI1,1,TRUE,0.481582349,1.47062007
OAF1_PIP2,ECI1,1,TRUE,0.567735288,1.608161644
OAF1_PIP2,FAA2,1,TRUE,0.446883908,1.79868422
OAF1_PIP2,FOX2,1,TRUE,0.421641562,1.602487155
OAF1_PIP2,IDP3,1,TRUE,0.509552462,1.7727687
OAF1_PIP2,MDH3,1,TRUE,0.549144043,1.582152171
OAF1_PIP2,OAF1,1,TRUE,0.564333926,1.684600838
OAF1_PIP2,PEX11,1,TRUE,0.55528586,1.473211666
OAF1_PIP2,PEX5,1,TRUE,0.519937109,1.586755568
OAF1_PIP2,POT1,1,TRUE,0.46380995,1.484103577
OAF1_PIP2,POX1,1,TRUE,0.48536954,1.790745616
OAF1_PIP2,PXA1,1,TRUE,0.454099288,1.602228009
OAF1_PIP2,PXA2,1,TRUE,0.524096637,1.637173251
OAF1_PIP2,SPS19,1,TRUE,0.535947231,1.774751031
OAF1_PIP2,TES1,1,TRUE,0.448203841,1.395548809
OAF1_PIP2,YBR159W,1,TRUE,0.576349184,1.640331365
OAF1_PIP2,YJL218W,1,TRUE,0.596307956,1.705975375
OAF1_PIP2,YOL002C,1,TRUE,0.499198286,1.426382539
OAF1_PIP2,YPL095C,1,TRUE,0.403416479,1.781959485
PDR1,GAS1,1,TRUE,0.545944109,1.391826288
PDR1,HXT11,1,TRUE,0.443432545,1.483113299
PDR1,HXT9,1,TRUE,0.475635388,1.665876891
PDR1,IPT1,1,TRUE,0.491683533,1.491967657
PDR1,PDR10,1,TRUE,0.410844216,1.530812561
PDR1,PDR11,1,TRUE,0.546659975,1.722607288
PDR1,PDR15,1,TRUE,0.526642018,1.774142972
PDR1,PDR3,1,TRUE,0.488457588,1.608769171
PDR1,PDR5,1,TRUE,0.496639335,1.455092605
PDR1,SNQ2,1,TRUE,0.407587389,1.410758376
PDR1,STE6,1,TRUE,0.472081555,1.758028364
PDR1,XBP1,1,TRUE,0.584180148,1.627771182
PDR1,YOR1,1,TRUE,0.540893575,1.578088075
PDR1,YRR1,1,TRUE,0.463631627,1.516996241
PDR3,HXT11,1,TRUE,0.422224086,1.703260619
PDR3,HXT9,1,TRUE,0.559859026,1.77809186
PDR3,IPT1,1,TRUE,0.438801934,1.427397065
PDR3,PDR5,1,TRUE,0.510776757,1.741241499
PDR3,SNQ2,1,TRUE,0.586830088,1.43227404
PDR3,YOR1,1,TRUE,0.432905334,1.565885003
PHD1,MUG1,1,TRUE,0.442786821,1.617522073
PHO2,FLO1,1,FALSE,0.404010428,1.49436286
PHO2,FLO10,1,FALSE,0.48521457,1.404041192
PHO2,HO,1,TRUE,0.483972893,1.77622091
PHO2,LEU4,1,TRUE,0.522269726,1.536648549
PHO2,PHO11,1,TRUE,0.486659417,1.712677944
PHO2,PHO12,1,TRUE,0.548680379,1.739956436
PHO2,PHO5,1,TRUE,0.580897289,1.567357173
PHO2,PHO8,1,TRUE,0.44361041,1.798582244
PHO2,PHO81,1,TRUE,0.495542355,1.694213231
PHO2,TRP4,1,TRUE,0.449433083,1.527934059
PHO23,PHO5,1,FALSE,0.531981742,1.71938748
PHO4,MET14,1,TRUE,0.516283684,1.508450373
PHO4,PHO11,1,TRUE,0.481008298,1.502834151
PHO4,PHO12,1,TRUE,0.441082507,1.551488891
PHO4,PHO5,1,TRUE,0.530549553,1.465478793
PHO4,PHO8,1,TRUE,0.404179123,1.743135311
PHO4,PHO81,1,TRUE,0.478749498,1.425099806
PHO4,PHO84,1,TRUE,0.547166958,1.784794032
PHO4,PUT1,1,FALSE,0.431852291,1.631602863
PHO4,PUT2,1,FALSE,0.511095853,1.707315065
PHO4,SPL2,1,TRUE,0.548001973,1.594501968
POP2,ADH1,1,FALSE,0.599251655,1.456114557
PPR1,URA1,1,TRUE,0.515501653,1.423635971
PPR1,URA10,1,TRUE,0.523842941,1.707484421
PPR1,URA3,1,TRUE,0.551592078,1.425557614
PPR1,URA4,1,TRUE,0.406198971,1.58930793
RAP1,AAC3,1,FALSE,0.481276975,1.743004104
RAP1,ADH1,1,TRUE,0.55112759,1.668184967
RAP1,CAR1,1,TRUE,0.513743074,1.464998114
RAP1,CDC19,1,TRUE,0.433544171,1.476231799
RAP1,ENO1,1,TRUE,0.440546902,1.509587635
RAP1,ENO2,1,TRUE,0.537170885,1.561692999
RAP1,GPD1,1,TRUE,0.413924659,1.715377549
RAP1,HIS4,1,TRUE,0.572262457,1.502247549
RAP1,PGK1,1,TRUE,0.429302852,1.729249467
RAP1,PMA1,1,TRUE,0.438093594,1.527903926
RAP1,RPL19A,1,FALSE,0.506473077,1.673440274
RAP1,RPL19B,1,FALSE,0.499810729,1.762637712
RAP1,RPP2B,1,FALSE,0.423059503,1.504496019
RAP1,RPS13,1,TRUE,0.565821268,1.450114872
RAP1,RPS6A,1,TRUE,0.460209498,1.481913004
RCS1,ATX1,1,TRUE,0.478369564,1.634197284
RCS1,CCC2,1,TRUE,0.579773323,1.413839097
RCS1,FET3,1,TRUE,0.567560995,1.589097009
RCS1,FIT1,1,TRUE,0.49610323,1.770535455
RCS1,FIT2,1,TRUE,0.536006658,1.486696857
RCS1,FIT3,1,TRUE,0.441217232,1.610725803
RCS1,FRE1,1,TRUE,0.529616148,1.545520752
RCS1,FRE2,1,TRUE,0.516302038,1.673071395
RCS1,FTH1,1,TRUE,0.535494131,1.646915943
RCS1,FTR1,1,TRUE,0.490692928,1.787924999
RCS1,TIS11,1,TRUE,0.5636496,1.466971052
REB1,ACT1,1,TRUE,0.478112834,1.762566179
REB1,CDC19,1,TRUE,0.503678677,1.679802251
REB1,ENO1,1,FALSE,0.401891469,1.649896069
REB1,FAS1,1,TRUE,0.429797641,1.706025179
REB1,FAS2,1,TRUE,0.417937274,1.541326187
REB1,GAL1,1,TRUE,0.594910565,1.79960864
REB1,ILV1,1,TRUE,0.461653238,1.53108274
REB1,RAP1,1,TRUE,0.42097978,1.741094994
REB1,SIN3,1,TRUE,0.460121738,1.688313799
REB1,SWI5,1,TRUE,0.533553627,1.447678452
REB1,TPI1,1,TRUE,0.587094099,1.620270495
RFX1,HUG1,1,FALSE,0.420055137,1.493567378
RGT1,HXT1,1,FALSE,0.472744806,1.586440019
RGT1,HXT2,1,FALSE,0.459584127,1.398611616
RGT1,HXT3,1,FALSE,0.588065243,1.700229637
RGT1,HXT4,1,FALSE,0.494911447,1.580535078
RGT1,PYC1,1,TRUE,0.488356565,1.629430301
RIM101,DIT1,1,TRUE,0.403117343,1.454623114
RIM101,DIT2,1,TRUE,0.414760431,1.456973138
RIM101,IME1,1,TRUE,0.423544141,1.518502208
RIM101,IME1_UME6,1,TRUE,0.589829719,1.579532475
RME1,CLN2,1,TRUE,0.537337383,1.40868809
RME1,IME1,1,FALSE,0.562046064,1.687386281
RME1,IME1_UME6,1,FALSE,0.57987482,1.685876045
ROX1,AAC3,1,FALSE,0.556443972,1.663757227
ROX1,ANB1,1,FALSE,0.488250636,1.560900132
ROX1,COX5B,1,FALSE,0.455296599,1.708853908
ROX1,CPH1,1,TRUE,0.572059895,1.609393553
ROX1,CYC7,1,FALSE,0.472446862,1.670525281
ROX1,ERG11,1,FALSE,0.592728247,1.514088187
ROX1,GEF1,1,FALSE,0.595346907,1.48053206
ROX1,HEM13,1,FALSE,0.533457711,1.769869051
ROX1,OLE1,1,FALSE,0.413759019,1.685151345
RPH1,PHR1,1,FALSE,0.439931752,1.5356517
RPN4,PRE6,1,TRUE,0.509077387,1.485226958
RPN4,RPN1,1,TRUE,0.564294258,1.69280062
RTG1,CO1,1,TRUE,0.558137547,1.554532622
RTG1,IDH1,1,TRUE,0.488362148,1.765033949
RTG1_RTG3,CIT1,1,TRUE,0.539137002,1.608331262
RTG1_RTG3,CIT2,1,TRUE,0.427918892,1.453826809
RTG1_RTG3,DLD3,1,TRUE,0.540427576,1.735861143
RTG1_RTG3,IDH2,1,TRUE,0.507984353,1.462495005
RTG2,ACO1,1,TRUE,0.439742762,1.503004025
RTG2,CIT1,1,TRUE,0.410599259,1.740640581
RTG2,CIT2,1,TRUE,0.429182894,1.585069392
RTG2,IDH2,1,TRUE,0.570853506,1.608535504
RTG3,ACO1,1,TRUE,0.565372171,1.796807378
SDS3,IME2,1,FALSE,0.421171625,1.406955384
SDS3,INO1,1,FALSE,0.486278656,1.607475413
SDS3,STE6,1,TRUE,0.57359944,1.611324996
SIN3,ADH2,1,TRUE,0.401442406,1.626603033
SIN3,BAR1,1,TRUE,0.578796482,1.668599723
SIN3,FUS1,1,TRUE,0.448336559,1.572975499
SIN3,HO,1,TRUE,0.419413311,1.537271298
SIN3,PHO5,1,TRUE,0.556145859,1.779704955
SIN3,RME1,1,TRUE,0.41051158,1.670201984
SIN3,SPO11,1,TRUE,0.417342306,1.664487354
SIN3,STA1,1,TRUE,0.484673416,1.75596385
SIN3,STA2,1,TRUE,0.56852192,1.47304834
SIN3,STE6,1,TRUE,0.454671707,1.646908343
SIN3,SWI1,1,TRUE,0.40037723,1.707770327
SIN3,SNF2_SWI1,1,TRUE,0.566970937,1.579256579
SIP4,MDH2,1,TRUE,0.403020536,1.749375996
SKN7,AHP1,1,TRUE,0.555227044,1.638100979
SKN7,CCP1,1,TRUE,0.411744215,1.765296392
SKN7,CTT1,1,TRUE,0.519978454,1.658985367
SKN7,CYS3,1,FALSE,0.463855492,1.752512057
SKN7,DAK1,1,TRUE,0.59061091,1.545912689
SKN7,DNM1,1,TRUE,0.592903109,1.784275267
SKN7,GRE2,1,FALSE,0.564266794,1.646971578
SKN7,HSP78,1,TRUE,0.471356697,1.551799469
SKN7,HSP82,1,TRUE,0.446509507,1.424601492
SKN7,LYS20,1,TRUE,0.482385181,1.724477109
SKN7,PGM2,1,FALSE,0.566621716,1.794395111
SKN7,SOD1,1,TRUE,0.430844997,1.78208681
SKN7,TAL1,1,TRUE,0.411452877,1.57969192
SKN7,TRR1,1,TRUE,0.461440138,1.796048984
SKN7,TRX2,1,TRUE,0.495306064,1.40639818
SKN7,TSA1,1,TRUE,0.521201072,1.694404034
SKN7,YBR025C,1,TRUE,0.516539681,1.642560667
SKN7,YDR453C,1,TRUE,0.420993168,1.705533802
SKN7,YMR318C,1,FALSE,0.479627712,1.423832131
SKN7,YNL134C,1,FALSE,0.551527239,1.765513351
SKN7,ZWF1,1,TRUE,0.44786202,1.769653418
SKO1,HAL1,1,FALSE,0.497952417,1.653259455
SKO1,HIS3,1,FALSE,0.424093121,1.597114652
SKO1,SUC2,1,FALSE,0.534794642,1.625821578
SNF2,CTS1,1,TRUE,0.56273606,1.433411181
SNF2,GAL1,1,TRUE,0.429576845,1.396209496
SNF2,INO1,1,TRUE,0.48995508,1.423993188
SNF2,PRB1,1,FALSE,0.47481274,1.49642671
SNF2,SUC2,1,TRUE,0.403394722,1.430238423
SNF5,HO,1,TRUE,0.400391523,1.772965071
SNF5,PRB1,1,FALSE,0.574976428,1.744334419
SNF5,STA2,1,TRUE,0.491676075,1.586511084
SNF6,ADH1,1,TRUE,0.482469798,1.690809276
SNF6,ADH2,1,TRUE,0.440333117,1.594360625
SNF6,GAL1,1,TRUE,0.523225175,1.642200168
SNF6,GAL10,1,TRUE,0.559722739,1.744942034
SNF6,HO,1,TRUE,0.535162342,1.767693189
SNF6,INO1,1,TRUE,0.561763604,1.503966227
SNF6,STA2,1,TRUE,0.594774557,1.659140848
SNF6,SUC2,1,TRUE,0.493016507,1.553361079
SPT16,ACT1,1,TRUE,0.427987602,1.639581796
SPT16,CLN1,1,TRUE,0.493916265,1.629421401
SPT16,CLN2,1,TRUE,0.457619941,1.545076028
SPT16,CLN3,1,TRUE,0.500643423,1.770577217
SPT16,HO,1,TRUE,0.526205585,1.522173395
SPT16,HTA1,1,TRUE,0.530816528,1.796257008
SPT16,HTB1,1,TRUE,0.586486446,1.593051754
SPT16,LEU2,1,TRUE,0.445416607,1.603955442
SPT16,SAN1,1,TRUE,0.508459416,1.588261691
SPT16,SWI4,1,TRUE,0.507611469,1.419512354
SPT16,SWI4_SWI6,1,TRUE,0.480738869,1.468964114
SPT16,SWI6,1,TRUE,0.58428866,1.459579467
SPT21,ADH2,1,TRUE,0.433743842,1.59471237
SPT21,HHF1,1,TRUE,0.437727857,1.435767271
SPT21,HHF2,1,TRUE,0.568999668,1.708325592
SPT21,HTA1,1,TRUE,0.482115415,1.795290985
SPT21,HTB2,1,TRUE,0.464318388,1.572517267
SPT21,PHO5,1,TRUE,0.597138468,1.425507498
SPT4,HTA1,1,TRUE,0.592988569,1.649965492
SPT4,HTB1,1,TRUE,0.506147945,1.613639916
SPT5,HTA1,1,TRUE,0.419257032,1.436268146
SPT5,HTB1,1,TRUE,0.513352997,1.4850584
SPT6,ADH2,1,FALSE,0.561879266,1.731919183
SPT6,CCR4,1,FALSE,0.547126889,1.494043469
SPT6,HTA1,1,TRUE,0.533023189,1.529291373
SPT6,HTB1,1,TRUE,0.470369472,1.503112112
SRB7,ACT1,1,TRUE,0.402377646,1.42934259
SRB7,GAL1,1,TRUE,0.450416,1.665481607
SRB7,TDH1,1,TRUE,0.501911799,1.518580576
SSN6,COX6,1,FALSE,0.538002999,1.407905324
SSN6,HXT1,1,FALSE,0.47237377,1.765166919
SSN6,HXT3,1,FALSE,0.486297126,1.626937017
SSN6,ICL1,1,TRUE,0.440729158,1.779997812
STE12,AFR1,1,TRUE,0.462994269,1.659211588
STE12,AGA1,1,TRUE,0.404274615,1.686638987
STE12,BAR1,1,TRUE,0.56577949,1.507241139
STE12,BNI5,1,TRUE,0.494259287,1.577614249
STE12,CAR2,1,TRUE,0.470540943,1.643301086
STE12,CHS1,1,TRUE,0.5012941,1.522944674
STE12,CIK1,1,TRUE,0.568797393,1.707130547
STE12,CLN1,1,TRUE,0.509115062,1.708502694
STE12,DDR48,1,TRUE,0.534665344,1.75246183
STE12,DHH1,1,TRUE,0.538935772,1.690290103
STE12,ERG24,1,TRUE,0.545639907,1.475924303
STE12,FAR1,1,TRUE,0.465684012,1.402911548
STE12,FIG1,1,TRUE,0.472520365,1.592706513
STE12,FIG2,1,TRUE,0.560188619,1.446142586
STE12,FUS1,1,TRUE,0.423564004,1.753556142
STE12,FUS3,1,TRUE,0.509200544,1.642885811
STE12,GAT4,1,TRUE,0.433279279,1.405162617
STE12,GIC2,1,TRUE,0.559415647,1.495659822
STE12,HTB2,1,TRUE,0.445214207,1.771692538
STE12,HYM1,1,TRUE,0.408745357,1.783293048
STE12,ISC1,1,TRUE,0.58287458,1.392898475
STE12,KAR3,1,TRUE,0.508105673,1.703319889
STE12,KAR5,1,TRUE,0.534610629,1.471065125
STE12,MID2,1,TRUE,0.539629921,1.576507602
STE12,MPT5,1,TRUE,0.43173596,1.39069663
STE12,MUC1,1,TRUE,0.510386282,1.704826921
STE12,PCL2,1,TRUE,0.440997945,1.692931021
STE12,PEP1,1,TRUE,0.578419615,1.679320876
STE12,PGM1,1,TRUE,0.479203803,1.779044726
STE12,PGU1,1,TRUE,0.529112923,1.725219468
STE12,PHO81,1,TRUE,0.529709519,1.7413989
STE12,PRM1,1,TRUE,0.506062127,1.411403922
STE12,PRM3,1,TRUE,0.478442291,1.767503365
STE12,PRM5,1,TRUE,0.420044995,1.426033904
STE12,PST1,1,TRUE,0.540725255,1.783987336
STE12,RTA1,1,TRUE,0.470348226,1.583412755
STE12,RTS2,1,TRUE,0.451744059,1.574027814
STE12,SCH9,1,TRUE,0.494686722,1.690377598
STE12,SFP1,1,TRUE,0.587337849,1.623086372
STE12,SPC25,1,TRUE,0.421232466,1.526231608
STE12,SPO12,1,TRUE,0.507244355,1.620907713
STE12,SRD1,1,TRUE,0.423665762,1.408503174
STE12,SRL1,1,TRUE,0.562343425,1.620144229
STE12,SSA4,1,TRUE,0.574165713,1.645991402
STE12,SST2,1,TRUE,0.58930449,1.439128895
STE12,STE2,1,TRUE,0.522106904,1.639003236
STE12,STE6,1,TRUE,0.560021082,1.673125233
STE12,TKL2,1,TRUE,0.487305013,1.705272642
STE12,TOS11,1,TRUE,0.497891003,1.5845522
STE12,TSL1,1,TRUE,0.414852404,1.631868462
STE12,WSC2,1,TRUE,0.533211741,1.465005529
STE12,YBR070C,1,TRUE,0.522189383,1.397002308
STE12,YDL222C,1,TRUE,0.45965037,1.653799342
STE12,YEL033W,1,TRUE,0.465181763,1.457640216
STE12,YGR149W,1,TRUE,0.519196612,1.648692129
STE12,YHL021C,1,TRUE,0.454170858,1.709846897
STE12,YHR156C,1,TRUE,0.518930033,1.653706409
STE12,YIL037C,1,TRUE,0.527716592,1.455150027
STE12,YIL083C,1,TRUE,0.460511596,1.562959804
STE12,YIL169C,1,TRUE,0.473232598,1.424006303
STE12,YJL017W,1,TRUE,0.521115155,1.502577499
STE12,YJL142C,1,TRUE,0.47379484,1.436293959
STE12,YLR042C,1,TRUE,0.583796582,1.507343248
STE12,YLR414C,1,TRUE,0.592687056,1.429412069
STE12,YNL051W,1,TRUE,0.534046633,1.446020922
STE12,YNL159C,1,TRUE,0.446698582,1.547645197
STE12,YOL155C,1,TRUE,0.492042417,1.64093467
STE12,YOR129C,1,TRUE,0.555352682,1.623945398
STE12,YOR343C,1,TRUE,0.458902093,1.786375721
STE12,YPL114W,1,TRUE,0.599865351,1.700816078
STE12,YPS1,1,TRUE,0.513434766,1.439359758
STP1,BAP2,1,TRUE,0.547781276,1.687498927
SUM1,SMK1,1,FALSE,0.465518073,1.554573368
SUM1,SPR3,1,FALSE,0.526724071,1.406129433
SWI1,STE6,1,TRUE,0.508639099,1.600760846
SWI3,HO,1,TRUE,0.453486867,1.792320928
SWI4,CDC10,1,TRUE,0.595281317,1.550072202
SWI4,CDC11,1,TRUE,0.458663384,1.498812756
SWI4,PCL1,1,TRUE,0.517025588,1.518422114
SWI4_SWI6,CLN1,1,TRUE,0.41140411,1.600273301
SWI4_SWI6,CLN2,1,TRUE,0.592712526,1.70738241
SWI4_SWI6,CTS1,1,TRUE,0.567993424,1.530465115
SWI4_SWI6,HO,1,TRUE,0.475288188,1.400651794
SWI5,ASH1,1,TRUE,0.403195006,1.631185031
SWI5,CDC6,1,TRUE,0.54164027,1.518285588
SWI5,CTS1,1,TRUE,0.431726796,1.521374245
SWI5,EGT2,1,TRUE,0.50135739,1.482969872
SWI5,HO,1,TRUE,0.515474295,1.60872878
SWI5,PCL2,1,TRUE,0.414150174,1.43874166
SWI5,PCL9,1,TRUE,0.56121061,1.723829515
SWI5,RME1,1,TRUE,0.477016431,1.422863778
SWI5,SIC1,1,TRUE,0.433219986,1.603631167
TAF90,ADH2,1,TRUE,0.486354806,1.730486711
TEC1,BNI5,1,TRUE,0.451104821,1.439836022
TEC1,CAR2,1,TRUE,0.510171544,1.533919705
TEC1,CLN1,1,TRUE,0.442216759,1.439486952
TEC1,DDR48,1,TRUE,0.416493454,1.795026647
TEC1,DHH1,1,TRUE,0.472985507,1.516255435
TEC1,ENT1,1,TRUE,0.566307042,1.596581595
TEC1,GAT4,1,TRUE,0.537006082,1.664984257
TEC1,HTB2,1,TRUE,0.555860754,1.487286784
TEC1,KTR1,1,TRUE,0.55146481,1.584206104
TEC1,KTR2,1,TRUE,0.485572489,1.633533414
TEC1,MID2,1,TRUE,0.597971112,1.690170772
TEC1,MPT5,1,TRUE,0.538355109,1.721736818
TEC1,MUC1,1,TRUE,0.432262204,1.776961342
TEC1,PGU1,1,TRUE,0.56719879,1.598673645
TEC1,PRM5,1,TRUE,0.489329894,1.700838504
TEC1,PST1,1,TRUE,0.568489481,1.503456375
TEC1,RNR1,1,TRUE,0.45851876,1.55425383
TEC1,RTA1,1,TRUE,0.400631579,1.619598373
TEC1,RTS2,1,TRUE,0.461157746,1.757069227
TEC1,SFP1,1,TRUE,0.414983545,1.500313113
TEC1,SPO12,1,TRUE,0.534691398,1.599405419
TEC1,SRD1,1,TRUE,0.493280818,1.562901499
TEC1,SRL1,1,TRUE,0.474803591,1.505447423
TEC1,SSA4,1,TRUE,0.475993932,1.680075825
TEC1,SUT1,1,TRUE,0.54375442,1.611725103
TEC1,TKL2,1,TRUE,0.414435597,1.457788282
TEC1,TOS11,1,TRUE,0.413838385,1.398046427
TEC1,TSL1,1,TRUE,0.405737105,1.751039485
TEC1,WSC2,1,TRUE,0.514079555,1.486190788
TEC1,YBR070C,1,TRUE,0.598232042,1.797478342
TEC1,YDL222C,1,TRUE,0.505553659,1.490087803
TEC1,YEL033W,1,TRUE,0.404112606,1.72212204
TEC1,YGR149W,1,TRUE,0.54523653,1.512843157
TEC1,YHL021C,1,TRUE,0.436257969,1.397698402
TEC1,YHR156C,1,TRUE,0.400666656,1.622441795
TEC1,YJL017W,1,TRUE,0.581801752,1.68856192
TEC1,YJL142C,1,TRUE,0.533452903,1.792665885
TEC1,YLR042C,1,TRUE,0.576967428,1.654853057
TEC1,YLR414C,1,TRUE,0.5528024,1.760587102
TEC1,YNL051W,1,TRUE,0.473839327,1.39164849
TEC1,YNL159C,1,TRUE,0.533274166,1.559669057
TEC1,YOR225W,1,TRUE,0.585417279,1.756248099
TEC1,YPL114W,1,TRUE,0.448874343,1.556038339
TEC1,YPS1,1,TRUE,0.530132678,1.747988804
THI2,PET18,1,TRUE,0.446858027,1.742164904
THI2,PHO3,1,TRUE,0.526134707,1.562547782
THI2,THI20,1,TRUE,0.449984209,1.763734044
THI2,THI21,1,TRUE,0.552177427,1.44722018
THI2,THI22,1,TRUE,0.539112707,1.616436047
THI2,THI6,1,TRUE,0.441145854,1.474328978
THI2,THI80,1,TRUE,0.538199145,1.474479315
THI2,YLR004C,1,TRUE,0.432972587,1.724115805
TUP1,ALPHA1,1,FALSE,0.542360139,1.570125772
TUP1,ANB1,1,FALSE,0.517865473,1.551359223
TUP1,BAR1,1,FALSE,0.589348524,1.760219083
TUP1,CYC7,1,FALSE,0.530567021,1.718821349
TUP1,ENA1,1,FALSE,0.409888828,1.690199591
TUP1,GAL1,1,FALSE,0.484666823,1.680784974
TUP1,GAL10,1,FALSE,0.506419114,1.75032956
TUP1,HAL1,1,FALSE,0.495710448,1.705368407
TUP1,HO,1,FALSE,0.565532121,1.52965435
TUP1,IME1,1,FALSE,0.524366088,1.50670733
TUP1,MFALPHA1,1,FALSE,0.469480201,1.663095955
TUP1,MFALPHA2,1,FALSE,0.596580363,1.635768556
TUP1,PAU3,1,FALSE,0.438083493,1.596867351
TUP1,PAU4,1,FALSE,0.400421042,1.525792096
TUP1,PAU5,1,FALSE,0.493776103,1.506055239
TUP1,RME1,1,FALSE,0.572841066,1.793679
TUP1,RNR1,1,FALSE,0.530924076,1.70398232
TUP1,RNR3,1,FALSE,0.420780205,1.620866932
TUP1,ROX1,1,FALSE,0.414940988,1.542135408
TUP1,SST2,1,FALSE,0.464613537,1.790422504
TUP1,STE2,1,FALSE,0.499927463,1.622226532
TUP1,STE4,1,FALSE,0.420631412,1.464865696
TUP1,STE5,1,FALSE,0.58733843,1.459600775
TUP1,STE6,1,FALSE,0.518656457,1.512631438
UGA3,UGA1,1,TRUE,0.486195236,1.782658902
UGA3,UGA2,1,TRUE,0.487833199,1.627951075
UGA3,UGA4,1,TRUE,0.512044875,1.427881603
UME6,ACS1,1,FALSE,0.578323967,1.392487355
UME6,BAR1,1,FALSE,0.442283627,1.462505707
UME6,CAR1,1,FALSE,0.542193902,1.705439744
UME6,CAR2,1,FALSE,0.478108435,1.390506476
UME6,CDC19,1,FALSE,0.448759843,1.696813305
UME6,CHO1,1,TRUE,0.481987036,1.688798918
UME6,CHO2,1,TRUE,0.501042799,1.677725533
UME6,CTA1,1,FALSE,0.518644464,1.643086913
UME6,DMC1,1,FALSE,0.599804727,1.430686633
UME6,FOX2,1,FALSE,0.424523398,1.48987864
UME6,GAL1,1,FALSE,0.593532954,1.403287193
UME6,HOP1,1,FALSE,0.505730532,1.668462858
UME6,HSF1,1,FALSE,0.457391739,1.697285416
UME6,ILV2,1,FALSE,0.429318853,1.476547236
UME6,IME2,1,FALSE,0.47882236,1.781526467
UME6,INO1,1,FALSE,0.439440701,1.441949584
UME6,INO2,1,TRUE,0.506260274,1.402848373
UME6,INO2_INO4,1,TRUE,0.462009167,1.593646131
UME6,MEI4,1,FALSE,0.408876687,1.510985536
UME6,MEK1,1,FALSE,0.481971473,1.557370602
UME6,MER1,1,FALSE,0.472896817,1.563719973
UME6,OPI3,1,TRUE,0.441091224,1.531573562
UME6,PEX1,1,FALSE,0.584272196,1.607239868
UME6,PHR1,1,TRUE,0.595626711,1.529507754
UME6,POT1,1,FALSE,0.517456228,1.76370095
UME6,POX1,1,FALSE,0.565209667,1.693645087
UME6,REC102,1,FALSE,0.512698462,1.407227595
UME6,REC114,1,FALSE,0.409295833,1.453603663
UME6,RED1,1,FALSE,0.592674423,1.429908443
UME6,RIM4,1,FALSE,0.552695427,1.468907857
UME6,RME1,1,FALSE,0.567514566,1.608084531
UME6,SKI8,1,FALSE,0.581098039,1.647243786
UME6,SLZ1,1,TRUE,0.410540935,1.493996644
UME6,SPO11,1,FALSE,0.550543514,1.56438122
UME6,SPO13,1,FALSE,0.595613427,1.391467586
UME6,SPO16,1,FALSE,0.582552094,1.571369061
UME6,TOP1,1,FALSE,0.454195128,1.442105809
UME6,ZIP1,1,FALSE,0.477436171,1.670212553
XBP1,CLB2,1,FALSE,0.483802996,1.717584195
XBP1,CLN1,1,FALSE,0.595277988,1.538731302
XBP1,CLN3,1,FALSE,0.483142494,1.540824727
XBP1,CYS3,1,FALSE,0.528129834,1.769270592
XBP1,SMF2,1,FALSE,0.555693791,1.737813654
YAP1,AHP1,1,TRUE,0.580641925,1.458115011
YAP1,CCP1,1,TRUE,0.432167137,1.512931112
YAP1,CDC48,1,TRUE,0.597412674,1.633616247
YAP1,CTT1,1,TRUE,0.40160629,1.696089288
YAP1,CYS3,1,TRUE,0.589774639,1.535187901
YAP1,DAK1,1,TRUE,0.439272744,1.513459323
YAP1,DDR2,1,TRUE,0.591275101,1.704065655
YAP1,FLR1,1,TRUE,0.492964499,1.406482615
YAP1,GLR1,1,TRUE,0.580669683,1.597354374
YAP1,GPX2,1,TRUE,0.477613907,1.579960392
YAP1,GRE2,1,TRUE,0.491271631,1.604729067
YAP1,GSH1,1,TRUE,0.560267822,1.552842568
YAP1,HIS3,1,TRUE,0.538879092,1.485560069
YAP1,HSP12,1,TRUE,0.437384955,1.493951533
YAP1,HSP78,1,TRUE,0.570949629,1.616774274
YAP1,HSP82,1,TRUE,0.432825664,1.578417896
YAP1,LYS20,1,TRUE,0.488477507,1.756690754
YAP1,OYE3,1,TRUE,0.56250431,1.652667351
YAP1,PGM2,1,TRUE,0.402793591,1.523678113
YAP1,PST2,1,TRUE,0.4936433,1.500295263
YAP1,PTP2,1,TRUE,0.533302779,1.639278337
YAP1,RPN11,1,TRUE,0.502742404,1.756535455
YAP1,RPT1,1,TRUE,0.480166063,1.698703732
YAP1,SOD1,1,TRUE,0.420391714,1.490824867
YAP1,SOD2,1,TRUE,0.530363152,1.698722499
YAP1,SSA1,1,TRUE,0.509166267,1.573278744
YAP1,TAL1,1,TRUE,0.529435534,1.444216599
YAP1,TPS2,1,TRUE,0.472553852,1.776561722
YAP1,TRR1,1,TRUE,0.51107124,1.556552818
YAP1,TRX2,1,TRUE,0.484533209,1.632550699
YAP1,TSA1,1,TRUE,0.571715952,1.501558443
YAP1,UBA1,1,TRUE,0.404692222,1.75912488
YAP1,YCF1,1,TRUE,0.418373578,1.654539605
YAP1,YDR453C,1,TRUE,0.51863911,1.713727808
YAP1,YMR318C,1,TRUE,0.54481742,1.710553452
YAP1,YNL134C,1,TRUE,0.521242799,1.472215421
YAP1,YNL274C,1,TRUE,0.429127,1.410282382
YAP1,ZWF1,1,TRUE,0.574795922,1.597346636
YAP6,ENA1,1,TRUE,0.541716274,1.509735456
YRR1,SNQ2,1,TRUE,0.563981759,1.774722929
YRR1,YOR1,1,TRUE,0.549576524,1.771191043
ZAP1,ADH4,1,TRUE,0.507267163,1.612527613
ZAP1,DPP1,1,TRUE,0.449297904,1.689953507
ZAP1,FET4,1,TRUE,0.412333246,1.521076855
ZAP1,MCD4,1,TRUE,0.520340529,1.655810732
ZAP1,YOL002C,1,TRUE,0.509727619,1.548553264
ZAP1,YOL154W,1,TRUE,0.405627712,1.540695276
ZAP1,ZRC1,1,TRUE,0.423445119,1.77252857
ZAP1,ZRG17,1,TRUE,0.510210422,1.486709416
ZAP1,ZRT1,1,TRUE,0.478952929,1.564762727
ZAP1,ZRT3,1,TRUE,0.487256134,1.441631601
ARG80_ARG81,ARG1,1,FALSE,0.488177335,1.691790991
ARG80_ARG81,ARG3,1,FALSE,0.403090048,1.745452908
ARG80_ARG81,ARG5,1,FALSE,0.408927597,1.628753004
ARG80_ARG81,ARG8,1,FALSE,0.430160065,1.784123415
ARG80_ARG81,CAR1,1,TRUE,0.418583659,1.597827388
ARG80_ARG81,CAR2,1,FALSE,0.507640346,1.713379738
BAS1_PHO2,ADE1,1,TRUE,0.423010965,1.66504969
BAS1_PHO2,ADE13,1,TRUE,0.436528777,1.415907448
BAS1_PHO2,ADE17,1,TRUE,0.427129714,1.735375347
BAS1_PHO2,ADE2,1,TRUE,0.582210841,1.423572459
BAS1_PHO2,ADE5,1,TRUE,0.434751733,1.57783461
BAS1_PHO2,ADE8,1,TRUE,0.445551881,1.441549438
BAS1_PHO2,HIS4,1,TRUE,0.424225264,1.685890286
BAS1_PHO2,HIS7,1,TRUE,0.590634845,1.560422881
DAL81_DAL82,CAR2,1,FALSE,0.540246395,1.729136797
DAL81_DAL82,DAL1,1,TRUE,0.538195319,1.526415505
DAL81_DAL82,DAL2,1,TRUE,0.437149281,1.689413408
DAL81_DAL82,DAL4,1,TRUE,0.50593736,1.453535858
DAL81_DAL82,DAL7,1,TRUE,0.584250896,1.602790581
DAL81_DAL82,DUR1,1,TRUE,0.5549916,1.677446815
DAL81_DAL82,DUR3,1,TRUE,0.424038745,1.392632997
DAL81_DAL82,UGA1,1,TRUE,0.444440136,1.513044132
GCR1_GCR2,CDC19,1,TRUE,0.460637252,1.654020144
GCR1_GCR2,ENO1,1,TRUE,0.509140337,1.566767721
GCR1_GCR2,ENO2,1,TRUE,0.419922609,1.602474764
GCR1_GCR2,FBA1,1,TRUE,0.535835101,1.398845438
GCR1_GCR2,PGI1,1,TRUE,0.492951364,1.596425569
GCR1_GCR2,PGK1,1,TRUE,0.45265401,1.774707146
GCR1_GCR2,PGM1,1,TRUE,0.41020648,1.712867146
GCR1_GCR2,PGM2,1,TRUE,0.553806488,1.575425054
GCR1_GCR2,TPI1,1,TRUE,0.495145509,1.4889804
HAP2_3_4_5,ASN1,1,TRUE,0.583326403,1.610010844
HAP2_3_4_5,CIT1,1,TRUE,0.408148141,1.503284735
HAP2_3_4_5,COX4,1,TRUE,0.458278255,1.590040667
HAP2_3_4_5,COX5A,1,TRUE,0.492647623,1.598125811
HAP2_3_4_5,COX6,1,TRUE,0.451106554,1.56055379
HAP2_3_4_5,CYB2,1,TRUE,0.586449917,1.562022809
HAP2_3_4_5,CYC1,1,TRUE,0.422538632,1.447709402
HAP2_3_4_5,CYT1,1,TRUE,0.410722637,1.443035595
HAP2_3_4_5,GEF1,1,TRUE,0.52968274,1.585784417
HAP2_3_4_5,HEM1,1,TRUE,0.537068263,1.782078507
HAP2_3_4_5,HEM2,1,TRUE,0.540923643,1.487383929
HAP2_3_4_5,HEM3,1,TRUE,0.59230548,1.632739552
HAP2_3_4_5,KGD1,1,TRUE,0.553682523,1.432636866
HAP2_3_4_5,KGD2,1,TRUE,0.401268945,1.413535163
HAP2_3_4_5,LPD1,1,TRUE,0.556427644,1.421894798
HAP2_3_4_5,PET9,1,TRUE,0.465040504,1.530598352
HAP2_3_4_5,PTP1,1,TRUE,0.544303604,1.496208769
HAP2_3_4_5,QCR2,1,TRUE,0.42852329,1.737968204
HAP2_3_4_5,QCR8,1,TRUE,0.538988974,1.612348686
HAP2_3_4_5,RPM2,1,TRUE,0.552910039,1.594024842
HAP2_3_4_5,SDH1,1,TRUE,0.565763332,1.749521809
HAP2_3_4_5,SDH2,1,TRUE,0.412008201,1.533504325
HAP2_3_4_5,SDH3,1,TRUE,0.501550845,1.742950279
HAP2_3_4_5,SOD2,1,TRUE,0.534326212,1.460932709
HAP2_3_4_5,YBR026C,1,TRUE,0.494898474,1.74183702
HAP2_HAP4,ASN1,1,TRUE,0.46125815,1.393630313
HDA1_TUP1,CYC7,1,FALSE,0.520318254,1.723112668
HDA1_TUP1,ENA1,1,FALSE,0.486859972,1.732001194
HDA1_TUP1,GAL1,1,FALSE,0.541662678,1.616867028
HDA1_TUP1,GAL10,1,FALSE,0.403043162,1.791275578
HDA1_TUP1,HXT2,1,FALSE,0.4809638,1.562619289
HDA1_TUP1,HXT4,1,FALSE,0.565649668,1.720335004
HDA1_TUP1,SUC2,1,FALSE,0.486427666,1.565041388
IME1_UME6,IME1,1,FALSE,0.581632286,1.442584168
SNF2_SWI1,ALPHA1,1,TRUE,0.402067053,1.682747307
SNF2_SWI1,HAP4,1,TRUE,0.504136582,1.436326955
SNF2_SWI1,HO,1,TRUE,0.402385358,1.522011386
SNF2_SWI1,HXT1,1,TRUE,0.564351938,1.598566268
SNF2_SWI1,HXT3,1,TRUE,0.40562508,1.690684722
SNF2_SWI1,HXT6,1,TRUE,0.512436357,1.698182462
SNF2_SWI1,HXT7,1,TRUE,0.404898789,1.538211995
SNF2_SWI1,MCM1,1,TRUE,0.428450914,1.399741991
SNF2_SWI1,MFALPHA2,1,TRUE,0.46223177,1.773329839
SNF2_SWI1,ODC2,1,FALSE,0.427502941,1.702275644
SNF2_SWI1,PHO11,1,TRUE,0.424491629,1.561585825
SNF2_SWI1,PHO12,1,TRUE,0.529026068,1.638789258
SNF2_SWI1,PHO5,1,TRUE,0.560488243,1.496205159
SNF2_SWI1,PHO84,1,TRUE,0.419701326,1.753294965
SNF2_SWI1,SAG1,1,TRUE,0.597613589,1.473490318
SNF2_SWI1,SER3,1,FALSE,0.419875366,1.623337017
SNF2_SWI1,STA1,1,TRUE,0.455438895,1.459952147
SNF2_SWI1,STA2,1,TRUE,0.471449791,1.59338927
SNF2_SWI1,STE3,1,TRUE,0.409960591,1.480987695
SSN6_TUP1,CYC1,1,FALSE,0.522749837,1.748254007
SSN6_TUP1,DIT1,1,FALSE,0.402175268,1.77668951
SSN6_TUP1,DIT2,1,FALSE,0.429320393,1.750370614
SSN6_TUP1,FLO1,1,FALSE,0.589640455,1.78619262
SSN6_TUP1,FLO5,1,FALSE,0.512848043,1.500030076
SSN6_TUP1,HUG1,1,FALSE,0.499391953,1.678227444
SSN6_TUP1,HXT2,1,FALSE,0.420579806,1.781105305
SSN6_TUP1,HXT4,1,FALSE,0.474687053,1.666081406
SSN6_TUP1,MAK10,1,FALSE,0.510192944,1.426592184
SSN6_TUP1,SUC2,1,FALSE,0.430271794,1.571210581
