"node","eqn"
"A1_ALPHA2","((1 * fAct(GAL11, 0.408142132172361, 1.6954523834167)) * 1 - 1 * A1_ALPHA2) / 1"
"ABF1","input gene"
"ACE2","input gene"
"ADR1","input gene"
"ALPHA1","((((1 - 1 * fAct(TUP1, 0.478926570154727, 1.17045779744862)) * (1 * fAct(GAL11, 0.424795030523092, 1.18752776529407) * 1 * fAct(SNF2_SWI1, 0.494347685342655, 1.18851700470084)))) * 1 - 1 * ALPHA1) / 1"
"ALPHA2","((1 * fAct(GAL11, 0.417590837320313, 1.0272608994483)) * 1 - 1 * ALPHA2) / 1"
"ASH1","((1 * fAct(SWI5, 0.48925634115003, 1.07697592355078)) * 1 - 1 * ASH1) / 1"
"CAF16","input gene"
"CAF4","input gene"
"CAT8","input gene"
"CBF1","input gene"
"CCR4","(((1 - 1 * fAct(SPT6, 0.585301975859329, 1.05746861456195))) * 1 - 1 * CCR4) / 1"
"CDC36","input gene"
"CDC39","input gene"
"CDC50","input gene"
"CHA4","input gene"
"CIN5","input gene"
"CRZ1","input gene"
"CUP2","input gene"
"DAL80","((((1 * fAct(GLN3, 0.41631777798757, 1.57728566168342) * 1 * fAct(GAT1, 0.440072636771947, 1.3129436290497)) * (1 - 1 * fAct(DAL80_GZF3, 0.561402943590656, 1.38587012192467)))) * 1 - 1 * DAL80) / 1"
"DAL80_GZF3","(((1 * fAct(GLN3, 0.51902209110558, 1.22489035486011) * 1 * fAct(GAT1, 0.555033928714693, 1.29332883748459))) * 1 - 1 * DAL80_GZF3) / 1"
"DAL81","input gene"
"FKH2","input gene"
"FLO8","input gene"
"GAL11","input gene"
"GAL4","input gene"
"GAT1","(((1 * fAct(GLN3, 0.440405684150755, 1.11394945007982) * (1 - 1 * fAct(DAL80, 0.467257095128298, 1.58955466309795)))) * 1 - 1 * GAT1) / 1"
"GIS1","input gene"
"GLN3","input gene"
"HAL9","input gene"
"HAP1","input gene"
"HAP2","input gene"
"HAP4","((1 * fAct(SNF2_SWI1, 0.489769665477797, 1.3366691912571)) * 1 - 1 * HAP4) / 1"
"HDA1","input gene"
"IME1","(((((1 - 1 * fAct(TUP1, 0.523200325248763, 1.08242642879719)) * (1 * fAct(IME4, 0.582922378415242, 1.47090987086296) * 1 * fAct(RIM101, 0.58840044378303, 1.4318305546511))) * ((1 - 1 * fAct(RME1, 0.570710456650704, 1.63409564850386)) * (1 - 1 * fAct(IME1_UME6, 0.592188944248483, 1.25270137985935))))) * 1 - 1 * IME1) / 1"
"IME4","input gene"
"INO2","(((1 * fAct(UME6, 0.41439627003856, 1.2885490981536) * 1 * fAct(INO2_INO4, 0.579065960878506, 1.13088602826232))) * 1 - 1 * INO2) / 1"
"INO2_INO4","((1 * fAct(UME6, 0.438519080216065, 1.64579587834654)) * 1 - 1 * INO2_INO4) / 1"
"INO4","input gene"
"IXR1","input gene"
"LEU3","input gene"
"MAC1","input gene"
"MCM1","((1 * fAct(SNF2_SWI1, 0.512265477608889, 1.61087170870975)) * 1 - 1 * MCM1) / 1"
"MET4","input gene"
"MOT3","input gene"
"MSN1","input gene"
"MTH1","((1 * fAct(GAL4, 0.597826851578429, 1.4693696342269)) * 1 - 1 * MTH1) / 1"
"NRG1","input gene"
"PHO2","input gene"
"PHO23","input gene"
"PHO4","input gene"
"POP2","input gene"
"RAP1","((1 * fAct(REB1, 0.515985942399129, 1.49608283275273)) * 1 - 1 * RAP1) / 1"
"REB1","input gene"
"RFX1","input gene"
"RGT1","input gene"
"RIM101","input gene"
"RME1","(((((1 - 1 * fAct(UME6, 0.450752911856398, 1.46893000272103)) * ((1 * fAct(ACE2, 0.445982483727857, 1.36505932425149) * 1 * fAct(SIN3, 0.454754902189598, 1.11109483890235)) * 1 * fAct(SWI5, 0.525321142841131, 1.01130144260591))) * (1 - 1 * fAct(TUP1, 0.501031537540257, 1.47504151581088)))) * 1 - 1 * RME1) / 1"
"ROX1","((((1 - 1 * fAct(TUP1, 0.403029022272676, 1.32034502719762)) * 1 * fAct(HAP1, 0.560770230181515, 1.58557417797856))) * 1 - 1 * ROX1) / 1"
"RPH1","input gene"
"RTG1_RTG3","input gene"
"RTG2","input gene"
"RTG3","input gene"
"SDS3","input gene"
"SIN3","((1 * fAct(REB1, 0.491750280419365, 1.22952911382774)) * 1 - 1 * SIN3) / 1"
"SIP4","input gene"
"SKO1","input gene"
"SNF2","input gene"
"SNF5","input gene"
"SNF6","input gene"
"SPT16","input gene"
"SPT21","input gene"
"SPT4","input gene"
"SPT5","input gene"
"SPT6","input gene"
"SRB7","input gene"
"SSN6","input gene"
"SUM1","input gene"
"SWI1","((1 * fAct(SIN3, 0.455851716408506, 1.58208337488817)) * 1 - 1 * SWI1) / 1"
"SWI3","input gene"
"SWI4","((1 * fAct(SPT16, 0.431523470208049, 1.06092348548817)) * 1 - 1 * SWI4) / 1"
"SWI4_SWI6","((1 * fAct(SPT16, 0.43266982329078, 1.09122728676535)) * 1 - 1 * SWI4_SWI6) / 1"
"SWI5","(((1 * fAct(MCM1, 0.493881595274433, 1.58440414129058) * 1 * fAct(REB1, 0.461949386075139, 1.08667309609475))) * 1 - 1 * SWI5) / 1"
"TAF90","input gene"
"THI2","input gene"
"TUP1","input gene"
"UGA3","input gene"
"UME6","input gene"
"XBP1","input gene"
"YAP6","input gene"
"ARG80_ARG81","input gene"
"DAL81_DAL82","input gene"
"GCR1_GCR2","input gene"
"HDA1_TUP1","input gene"
"IME1_UME6","((((1 * fAct(RIM101, 0.471535877371207, 1.30897498776205) * 1 * fAct(IME4, 0.531310463463888, 1.01986612792127)) * (1 - 1 * fAct(RME1, 0.486515694018453, 1.16045591472881)))) * 1 - 1 * IME1_UME6) / 1"
"SNF2_SWI1","((1 * fAct(SIN3, 0.429324327595532, 1.21772276840638)) * 1 - 1 * SNF2_SWI1) / 1"
"SSN6_TUP1","input gene"
"FUS1","(((1 * fAct(SIN3, 0.458335431851447, 1.48323955466505) * (((1 - 1 * fAct(A1_ALPHA2, 0.459129327023402, 1.32256117691519)) * (1 - 1 * fAct(CDC36, 0.588340859021991, 1.208130465094))) * (1 - 1 * fAct(CDC39, 0.439950171811506, 1.50427666570758))))) * 1 - 1 * FUS1) / 1"
"ACS1","((((1 - 1 * fAct(UME6, 0.523024471988901, 1.56104344872059)) * ((1 * fAct(ABF1, 0.517533810576424, 1.49625625043176) * 1 * fAct(ADR1, 0.430963053973392, 1.5825639859587)) * 1 * fAct(CAT8, 0.572578296344727, 1.53182944800705)))) * 1 - 1 * ACS1) / 1"
"ADH1","((((1 * fAct(RAP1, 0.445904183667153, 1.30452491462696) * ((1 * fAct(ABF1, 0.468870301870629, 1.58201465936145) * 1 * fAct(ADR1, 0.542473523039371, 1.41749848234933)) * 1 * fAct(SNF6, 0.58173959958367, 1.36769143435871))) * ((((1 - 1 * fAct(CAF16, 0.535577893117443, 1.37158671949292)) * (1 - 1 * fAct(CAF4, 0.588922777073458, 1.52735798310256))) * (1 - 1 * fAct(CCR4, 0.44083837880753, 1.68354110723361))) * (1 - 1 * fAct(POP2, 0.440591056505218, 1.42378302465891))))) * 1 - 1 * ADH1) / 1"
"CDC19","((((1 - 1 * fAct(UME6, 0.531288218637928, 1.33090695047285)) * (((1 * fAct(ABF1, 0.498621141258627, 1.21848446046701) * 1 * fAct(RAP1, 0.503525858046487, 1.43813339647837)) * 1 * fAct(REB1, 0.562247457774356, 1.44691496128915)) * 1 * fAct(GCR1_GCR2, 0.586191481770948, 1.0401714801183)))) * 1 - 1 * CDC19) / 1"
"COX6","(((1 * fAct(ABF1, 0.419616215024143, 1.17867274761666) * (1 - 1 * fAct(SSN6, 0.582943389704451, 1.49002265782095)))) * 1 - 1 * COX6) / 1"
"DED1","((1 * fAct(ABF1, 0.46934065753594, 1.59647281225072)) * 1 - 1 * DED1) / 1"
"PGK1","(((1 * fAct(RAP1, 0.554134329175577, 1.35223408815451) * (1 * fAct(ABF1, 0.550187340704724, 1.40992704473669) * 1 * fAct(GCR1_GCR2, 0.490979318134487, 1.11948906175327)))) * 1 - 1 * PGK1) / 1"
"POT1","((((1 - 1 * fAct(UME6, 0.417320730816573, 1.67581056404859)) * (1 * fAct(ABF1, 0.549536385200918, 1.24970819506329) * 1 * fAct(ADR1, 0.482520525157452, 1.32629505576333)))) * 1 - 1 * POT1) / 1"
"QCR8","(((1 * fAct(ABF1, 0.556717607192695, 1.61571555442875) * (1 - 1 * fAct(CBF1, 0.434469830803573, 1.10716487003956)))) * 1 - 1 * QCR8) / 1"
"RPL4A","((1 * fAct(ABF1, 0.522145529882982, 1.38632941801799)) * 1 - 1 * RPL4A) / 1"
"RPL4B","((1 * fAct(ABF1, 0.485640979558229, 1.11045821965206)) * 1 - 1 * RPL4B) / 1"
"SPR3","(((1 * fAct(ABF1, 0.55235733310692, 1.55943984952057) * (1 - 1 * fAct(SUM1, 0.45512391445227, 1.04656744389795)))) * 1 - 1 * SPR3) / 1"
"TUB2","((1 * fAct(ABF1, 0.581258315080777, 1.1241201079241)) * 1 - 1 * TUB2) / 1"
"CDC6","(((1 * fAct(SWI5, 0.47183965742588, 1.54870321193477) * (1 - 1 * fAct(ACE2, 0.584494401002303, 1.6253316977038)))) * 1 - 1 * CDC6) / 1"
"CTS1","(((1 * fAct(SWI5, 0.590099978074431, 1.04626495218137) * ((1 * fAct(ACE2, 0.436841815616936, 1.03611381433671) * 1 * fAct(SNF2, 0.585627051349729, 1.47922296901699)) * 1 * fAct(SWI4_SWI6, 0.515416113613173, 1.62684786239406)))) * 1 - 1 * CTS1) / 1"
"EGT2","(((1 * fAct(SWI5, 0.536683894414455, 1.06983095738105) * 1 * fAct(ACE2, 0.451431533694267, 1.32163167268503))) * 1 - 1 * EGT2) / 1"
"HO","((((1 - 1 * fAct(TUP1, 0.548489772668108, 1.41206189978635)) * (((((((((((1 * fAct(ACE2, 0.540174630703405, 1.65965743004112) * 1 * fAct(CAF16, 0.41021151910536, 1.04267770868726)) * 1 * fAct(CAF4, 0.587465995224193, 1.13807294482365)) * 1 * fAct(PHO2, 0.598943517589942, 1.04679786998779)) * 1 * fAct(SIN3, 0.483752682525665, 1.05804007514613)) * 1 * fAct(SNF5, 0.525324850296602, 1.32289060164941)) * 1 * fAct(SNF6, 0.473817651951686, 1.68244144899305)) * 1 * fAct(SPT16, 0.495824399683625, 1.21556523925392)) * 1 * fAct(SWI3, 0.495155800879002, 1.59944459708408)) * 1 * fAct(SWI4_SWI6, 0.535902303783223, 1.17676112766145)) * 1 * fAct(SWI5, 0.533896270347759, 1.30212328491034)) * 1 * fAct(SNF2_SWI1, 0.546525657363236, 1.65631558052963)))) * 1 - 1 * HO) / 1"
"ADH2","((((1 * fAct(SIN3, 0.436584445927292, 1.12572738929419) * ((((1 * fAct(ADR1, 0.477076826896518, 1.33426609541988) * 1 * fAct(CCR4, 0.436250140843913, 1.2644409955875)) * 1 * fAct(SNF6, 0.541366951726377, 1.01652556732995)) * 1 * fAct(SPT21, 0.492454865714535, 1.48381396998186)) * 1 * fAct(TAF90, 0.492320282617584, 1.02042084844783))) * (1 - 1 * fAct(SPT6, 0.444161980459467, 1.4704291018704)))) * 1 - 1 * ADH2) / 1"
"CTA1","((((1 - 1 * fAct(UME6, 0.516790927527472, 1.20878879758064)) * 1 * fAct(ADR1, 0.599834804376587, 1.17346823671367))) * 1 - 1 * CTA1) / 1"
"FOX2","((((1 - 1 * fAct(UME6, 0.585647422773764, 1.4454092694167)) * 1 * fAct(ADR1, 0.417238345462829, 1.57303186781239))) * 1 - 1 * FOX2) / 1"
"GUT1","(((1 * fAct(INO2_INO4, 0.459895844291896, 1.49962689396692) * 1 * fAct(ADR1, 0.555187552282587, 1.10362700200407))) * 1 - 1 * GUT1) / 1"
"PEX1","((((1 - 1 * fAct(UME6, 0.597702919319272, 1.2318984395708)) * 1 * fAct(ADR1, 0.571880422951654, 1.27958191357553))) * 1 - 1 * PEX1) / 1"
"MFALPHA1","((((1 - 1 * fAct(TUP1, 0.553918928001076, 1.28471560728736)) * ((1 * fAct(ALPHA1, 0.43883257410489, 1.67941467772936) * 1 * fAct(GAL11, 0.563588117528707, 1.62846447449876)) * 1 * fAct(MCM1, 0.486004059808329, 1.1897721080319)))) * 1 - 1 * MFALPHA1) / 1"
"STE3","(((1 * fAct(SNF2_SWI1, 0.432995227491483, 1.42122831064975) * (1 * fAct(ALPHA1, 0.420347125548869, 1.26777852626052) * 1 * fAct(MCM1, 0.435711656790227, 1.22300088190474)))) * 1 - 1 * STE3) / 1"
"STE6","((((((1 * fAct(MCM1, 0.491280582267791, 1.03713486306602) * 1 * fAct(SDS3, 0.535699983965605, 1.40241360387299)) * 1 * fAct(SIN3, 0.581774493586272, 1.08955528595485)) * 1 * fAct(SWI1, 0.571044185850769, 1.11068098322954)) * ((1 - 1 * fAct(ALPHA2, 0.455949167208746, 1.4063025072217)) * (1 - 1 * fAct(TUP1, 0.572846058150753, 1.32628245782573))))) * 1 - 1 * STE6) / 1"
"MUC1","((((1 * fAct(ASH1, 0.593318044999614, 1.52765879920684) * 1 * fAct(FLO8, 0.589820357458666, 1.68361721232301)) * 1 * fAct(MSN1, 0.444921590434387, 1.59469144375995))) * 1 - 1 * MUC1) / 1"
"FKS1","(((1 * fAct(CAF4, 0.469478760100901, 1.53215908464277) * 1 * fAct(CAF16, 0.503106941422448, 1.45809129528468))) * 1 - 1 * FKS1) / 1"
"GAL1","(((((1 - 1 * fAct(UME6, 0.464474826818332, 1.46131702325772)) * (((((1 * fAct(GAL11, 0.599712953390554, 1.2560600532894) * 1 * fAct(GAL4, 0.472533186664805, 1.68173459218815)) * 1 * fAct(REB1, 0.410126036964357, 1.25868136589881)) * 1 * fAct(SNF2, 0.447169198608026, 1.15219944873592)) * 1 * fAct(SNF6, 0.526778570236638, 1.1128018606524)) * 1 * fAct(SRB7, 0.547707619704306, 1.55557453824673))) * (((1 - 1 * fAct(CAF4, 0.437696281401441, 1.03248873991892)) * (1 - 1 * fAct(TUP1, 0.492532643862069, 1.2219684754801))) * (1 - 1 * fAct(HDA1_TUP1, 0.563521691644564, 1.45749783935724))))) * 1 - 1 * GAL1) / 1"
"CAT5","((1 * fAct(CAT8, 0.583770397305489, 1.11096506329253)) * 1 - 1 * CAT5) / 1"
"IDP2","(((1 - 1 * fAct(CAT8, 0.576454478502274, 1.09710275315447))) * 1 - 1 * IDP2) / 1"
"JEN1","(((1 - 1 * fAct(CAT8, 0.534602288389578, 1.34885097632883))) * 1 - 1 * JEN1) / 1"
"MDH2","(((1 * fAct(CAT8, 0.452490839315578, 1.08988548905356) * 1 * fAct(SIP4, 0.444835611898452, 1.28037499485072))) * 1 - 1 * MDH2) / 1"
"CYT1","(((1 * fAct(CBF1, 0.488211535150185, 1.35037976193009) * 1 * fAct(HAP1, 0.559468323737383, 1.03209977632621))) * 1 - 1 * CYT1) / 1"
"GAL2","(((1 * fAct(GAL4, 0.579555850289762, 1.63102887460729) * (1 * fAct(CBF1, 0.463611209671944, 1.23497049044119) * 1 * fAct(GAL11, 0.563110675709322, 1.50639548403909)))) * 1 - 1 * GAL2) / 1"
"MET14","(((1 * fAct(CBF1, 0.527610241947696, 1.23662628745427) * (1 * fAct(MET4, 0.442849988210946, 1.49051423346857) * 1 * fAct(PHO4, 0.442520337039605, 1.33860899684252)))) * 1 - 1 * MET14) / 1"
"MET16","(((1 * fAct(CBF1, 0.591290054051205, 1.47000286289258) * 1 * fAct(MET4, 0.416068752575666, 1.09932644087821))) * 1 - 1 * MET16) / 1"
"MET17","(((1 * fAct(MET4, 0.420327959489077, 1.69598643093603) * (1 - 1 * fAct(CBF1, 0.468116827215999, 1.41399727520067)))) * 1 - 1 * MET17) / 1"
"MET28","((((1 - 1 * fAct(CBF1, 0.458249124791473, 1.64818062100792)) * (1 - 1 * fAct(MET4, 0.427044991590083, 1.34814707714831)))) * 1 - 1 * MET28) / 1"
"MET8","((1 * fAct(CBF1, 0.418421241315082, 1.14997554316651)) * 1 - 1 * MET8) / 1"
"SAM2","((1 * fAct(CBF1, 0.424347308883444, 1.10619426784338)) * 1 - 1 * SAM2) / 1"
"TRP1","((1 * fAct(CBF1, 0.585533192986622, 1.01687346878229)) * 1 - 1 * TRP1) / 1"
"CYC1","(((1 * fAct(HAP1, 0.412160876579583, 1.51373716291506) * (((1 - 1 * fAct(CDC39, 0.48345630033873, 1.32104468497448)) * (1 - 1 * fAct(CDC50, 0.51277564172633, 1.65887427407783))) * (1 - 1 * fAct(SSN6_TUP1, 0.526191282225773, 1.19688945953269))))) * 1 - 1 * CYC1) / 1"
"CHA1","((1 * fAct(CHA4, 0.512039220426232, 1.06424485686468)) * 1 - 1 * CHA1) / 1"
"ENA1","(((((1 - 1 * fAct(TUP1, 0.591261858632788, 1.04951242503943)) * (((1 * fAct(CIN5, 0.498524105316028, 1.59680541165173) * 1 * fAct(CRZ1, 0.483934285957366, 1.25580121135339)) * 1 * fAct(HAL9, 0.415401741396636, 1.20850175041473)) * 1 * fAct(YAP6, 0.491519145900384, 1.25336625446333))) * (1 - 1 * fAct(HDA1_TUP1, 0.589777915179729, 1.45543958420865)))) * 1 - 1 * ENA1) / 1"
"GSC2","((1 * fAct(CRZ1, 0.43576959464699, 1.41403424663004)) * 1 - 1 * GSC2) / 1"
"PMC1","((1 * fAct(CRZ1, 0.506642291042954, 1.64920764282113)) * 1 - 1 * PMC1) / 1"
"CUP1A","((1 * fAct(CUP2, 0.460391819104552, 1.01590935295681)) * 1 - 1 * CUP1A) / 1"
"CUP1B","((1 * fAct(CUP2, 0.438634632155299, 1.40654938596068)) * 1 - 1 * CUP1B) / 1"
"RS5","((1 * fAct(CUP2, 0.463679546490312, 1.56969212880125)) * 1 - 1 * RS5) / 1"
"SOD1","(((1 * fAct(CUP2, 0.581752211088315, 1.13948084809119) * 1 * fAct(HAP1, 0.468251026514918, 1.02619104140205))) * 1 - 1 * SOD1) / 1"
"CAN1","(((1 * fAct(GLN3, 0.50464871157892, 1.30615788154304) * (1 - 1 * fAct(DAL80, 0.560438364930451, 1.44124531776411)))) * 1 - 1 * CAN1) / 1"
"DAL1","((((1 * fAct(GLN3, 0.416403040336445, 1.19098073906731) * 1 * fAct(DAL81_DAL82, 0.40629831594415, 1.26019525766838)) * (1 - 1 * fAct(DAL80, 0.487452674657106, 1.4520857390482)))) * 1 - 1 * DAL1) / 1"
"DAL2","((((1 * fAct(GLN3, 0.582418544171378, 1.47337335461052) * 1 * fAct(DAL81_DAL82, 0.498881225800142, 1.56265073523158)) * (1 - 1 * fAct(DAL80, 0.409918264998123, 1.30102705500787)))) * 1 - 1 * DAL2) / 1"
"DAL3","(((1 * fAct(GLN3, 0.491238882951438, 1.39166805084096) * (1 - 1 * fAct(DAL80, 0.447152435500175, 1.47265108249383)))) * 1 - 1 * DAL3) / 1"
"DAL4","((((1 * fAct(GLN3, 0.438274039700627, 1.44629012434045) * 1 * fAct(DAL81_DAL82, 0.427386627253145, 1.09129581320332)) * (1 - 1 * fAct(DAL80, 0.556372108450159, 1.65202631910332)))) * 1 - 1 * DAL4) / 1"
"DAL5","(((1 * fAct(GLN3, 0.582613451266661, 1.37462550536264) * (1 - 1 * fAct(DAL80, 0.492389370268211, 1.21644460685085)))) * 1 - 1 * DAL5) / 1"
"DAL7","((((1 * fAct(GLN3, 0.433273430122063, 1.01410340067931) * 1 * fAct(DAL81_DAL82, 0.57734445957467, 1.38674187697237)) * (1 - 1 * fAct(DAL80, 0.556759636709467, 1.26659047489287)))) * 1 - 1 * DAL7) / 1"
"DCG1","(((1 * fAct(GLN3, 0.432566305762157, 1.47310340704396) * (1 - 1 * fAct(DAL80, 0.418526619439945, 1.6701993948943)))) * 1 - 1 * DCG1) / 1"
"DUR1","((((1 * fAct(GLN3, 0.57173183048144, 1.65117052060785) * 1 * fAct(DAL81_DAL82, 0.523358931951225, 1.12481351291994)) * (1 - 1 * fAct(DAL80, 0.563223148789257, 1.67768023296958)))) * 1 - 1 * DUR1) / 1"
"DUR3","((((1 * fAct(GLN3, 0.563501180149615, 1.44943961918354) * 1 * fAct(DAL81_DAL82, 0.407396398345009, 1.55998398091644)) * (1 - 1 * fAct(DAL80, 0.582165156118572, 1.50636909065535)))) * 1 - 1 * DUR3) / 1"
"GDH1","((((1 * fAct(GLN3, 0.44171300730668, 1.59581635121256) * 1 * fAct(LEU3, 0.533197903819382, 1.15493401683168)) * (1 - 1 * fAct(DAL80, 0.425583519088104, 1.17595947859343)))) * 1 - 1 * GDH1) / 1"
"PUT1","(((1 * fAct(GLN3, 0.412274428270757, 1.24656966110226) * ((1 - 1 * fAct(DAL80, 0.401157128019258, 1.54257499397034)) * (1 - 1 * fAct(PHO4, 0.58671643906273, 1.52454694941174))))) * 1 - 1 * PUT1) / 1"
"PUT2","(((1 * fAct(GLN3, 0.517989937635139, 1.595283740093) * ((1 - 1 * fAct(DAL80, 0.476654092082754, 1.50176808855031)) * (1 - 1 * fAct(PHO4, 0.493732766481116, 1.57695204518735))))) * 1 - 1 * PUT2) / 1"
"PUT4","(((1 * fAct(GLN3, 0.472159575484693, 1.02988513224991) * (1 - 1 * fAct(DAL80, 0.591708957124501, 1.20640478637302)))) * 1 - 1 * PUT4) / 1"
"UGA1","((((1 * fAct(GLN3, 0.542208046233281, 1.13156868202845) * (1 * fAct(UGA3, 0.495859065232798, 1.29452080236282) * 1 * fAct(DAL81_DAL82, 0.451541376672685, 1.16598901561229))) * (1 - 1 * fAct(DAL80, 0.437908331863582, 1.61002280207351)))) * 1 - 1 * UGA1) / 1"
"UGA2","((((1 - 1 * fAct(DAL80, 0.474884253274649, 1.52610676902346)) * (1 * fAct(DAL81, 0.458506085816771, 1.11583308168687) * 1 * fAct(UGA3, 0.546736232191324, 1.14914925424382)))) * 1 - 1 * UGA2) / 1"
"GAP1","((((1 * fAct(GLN3, 0.510056383023038, 1.53140859637177) * 1 * fAct(GAT1, 0.41012872592546, 1.04938957647188)) * (1 - 1 * fAct(DAL80_GZF3, 0.48897606190294, 1.40523429265711)))) * 1 - 1 * GAP1) / 1"
"UGA4","((((1 * fAct(GLN3, 0.555242593307048, 1.31066986541962) * (1 * fAct(DAL81, 0.508713797666132, 1.45899434685009) * 1 * fAct(UGA3, 0.499688109755516, 1.43512685208814))) * (1 - 1 * fAct(DAL80_GZF3, 0.422137040970847, 1.25017573330551)))) * 1 - 1 * UGA4) / 1"
"CLB2","(((1 * fAct(MCM1, 0.414515687711537, 1.69030452796957) * ((1 - 1 * fAct(FKH2, 0.424430801765993, 1.38185345996637)) * (1 - 1 * fAct(XBP1, 0.515579032711685, 1.15051559365122))))) * 1 - 1 * CLB2) / 1"
"STA1","((((1 * fAct(SNF2_SWI1, 0.403415760118514, 1.21579377622344) * (1 * fAct(FLO8, 0.503233203338459, 1.49479972549016) * 1 * fAct(SIN3, 0.467270207824185, 1.37733211515238))) * (1 - 1 * fAct(NRG1, 0.52672701231204, 1.52322396177333)))) * 1 - 1 * STA1) / 1"
"STA2","(((1 * fAct(SNF2_SWI1, 0.528682605735958, 1.23487708091969) * ((((1 * fAct(FLO8, 0.568829648708925, 1.40099783101119) * 1 * fAct(MSN1, 0.510102095501497, 1.67385840070201)) * 1 * fAct(SIN3, 0.538263548072427, 1.35434701388935)) * 1 * fAct(SNF5, 0.437546854745597, 1.27948927856283)) * 1 * fAct(SNF6, 0.468820848828182, 1.08238024101825)))) * 1 - 1 * STA2) / 1"
"GAL10","(((((1 - 1 * fAct(TUP1, 0.59807267524302, 1.33880592032569)) * ((1 * fAct(GAL11, 0.460858888505027, 1.29650386975147) * 1 * fAct(GAL4, 0.519955165497959, 1.31016837104689)) * 1 * fAct(SNF6, 0.554158623935655, 1.07188359497115))) * (1 - 1 * fAct(HDA1_TUP1, 0.571414097584784, 1.37591433894588)))) * 1 - 1 * GAL10) / 1"
"GAL7","(((1 * fAct(GAL4, 0.538859429908916, 1.27575753495563) * 1 * fAct(GAL11, 0.476064180303365, 1.05854581702733))) * 1 - 1 * GAL7) / 1"
"FUR4","(((1 * fAct(GLN3, 0.516155890002847, 1.32165499052498) * 1 * fAct(GAL4, 0.48047089157626, 1.61725471115438))) * 1 - 1 * FUR4) / 1"
"GAL3","((1 * fAct(GAL4, 0.467121353885159, 1.34827736058272)) * 1 - 1 * GAL3) / 1"
"GAL80","((1 * fAct(GAL4, 0.401393749285489, 1.46006466757739)) * 1 - 1 * GAL80) / 1"
"GCY1","((1 * fAct(GAL4, 0.521647810470313, 1.23848688316764)) * 1 - 1 * GCY1) / 1"
"LAP3","((1 * fAct(GAL4, 0.464379365742207, 1.55801197626395)) * 1 - 1 * LAP3) / 1"
"MEL1","((1 * fAct(GAL4, 0.450053738011047, 1.39236316149123)) * 1 - 1 * MEL1) / 1"
"PCL10","((1 * fAct(GAL4, 0.403606901923195, 1.49851188756758)) * 1 - 1 * PCL10) / 1"
"PGM2","(((1 * fAct(GAL4, 0.555748218111694, 1.42588685758645) * 1 * fAct(GCR1_GCR2, 0.553574107727036, 1.15144291091012))) * 1 - 1 * PGM2) / 1"
"GLN1","(((1 * fAct(GAT1, 0.477221086388454, 1.60037980915979) * 1 * fAct(GLN3, 0.46797641357407, 1.54660074536223))) * 1 - 1 * GLN1) / 1"
"ARG1","(((1 - 1 * fAct(ARG80_ARG81, 0.523561505135149, 1.35946464341134))) * 1 - 1 * ARG1) / 1"
"ARG3","(((1 - 1 * fAct(ARG80_ARG81, 0.464851060323417, 1.59235100489808))) * 1 - 1 * ARG3) / 1"
"ARG5","(((1 * fAct(MCM1, 0.538888207590208, 1.21591456152266) * (1 - 1 * fAct(ARG80_ARG81, 0.55469782804139, 1.38644696551375)))) * 1 - 1 * ARG5) / 1"
"ARG8","(((1 - 1 * fAct(ARG80_ARG81, 0.555367167713121, 1.47459543761564))) * 1 - 1 * ARG8) / 1"
"HAL1","((((1 - 1 * fAct(SKO1, 0.519120626430958, 1.63021796372486)) * (1 - 1 * fAct(TUP1, 0.407999112363905, 1.42814369688975)))) * 1 - 1 * HAL1) / 1"
"HIS3","(((1 - 1 * fAct(SKO1, 0.411628828011453, 1.58808543274179))) * 1 - 1 * HIS3) / 1"
"HIS4","((1 * fAct(RAP1, 0.522112860810012, 1.68726244951366)) * 1 - 1 * HIS4) / 1"
"ILV1","(((1 * fAct(LEU3, 0.407915023248643, 1.45970976775279) * 1 * fAct(REB1, 0.579526031343266, 1.64542151057394))) * 1 - 1 * ILV1) / 1"
"ILV2","(((1 * fAct(LEU3, 0.54576403060928, 1.2101417862298) * (1 - 1 * fAct(UME6, 0.499049635929987, 1.16668729337864)))) * 1 - 1 * ILV2) / 1"
"ILV5","((1 * fAct(LEU3, 0.43164299055934, 1.01192699108738)) * 1 - 1 * ILV5) / 1"
"LEU4","(((1 * fAct(LEU3, 0.563842451293021, 1.05912993579404) * 1 * fAct(PHO2, 0.410027062566951, 1.42025073450059))) * 1 - 1 * LEU4) / 1"
"TRP4","((1 * fAct(PHO2, 0.587416285416111, 1.07717674945947)) * 1 - 1 * TRP4) / 1"
"PHR1","(((1 * fAct(UME6, 0.489032812928781, 1.69012771552894) * ((1 - 1 * fAct(GIS1, 0.579855145933106, 1.46581007673172)) * (1 - 1 * fAct(RPH1, 0.41712185642682, 1.51772600665688))))) * 1 - 1 * PHR1) / 1"
"ASP3A","((1 * fAct(GLN3, 0.408009846461937, 1.37861452405574)) * 1 - 1 * ASP3A) / 1"
"ASP3B","((1 * fAct(GLN3, 0.561683000810444, 1.64586515391013)) * 1 - 1 * ASP3B) / 1"
"ASP3C","((1 * fAct(GLN3, 0.479425669508055, 1.67618188744411)) * 1 - 1 * ASP3C) / 1"
"ASP3D","((1 * fAct(GLN3, 0.431746534444392, 1.46174671258312)) * 1 - 1 * ASP3D) / 1"
"GDH2","((1 * fAct(GLN3, 0.511395051144063, 1.03386268801987)) * 1 - 1 * GDH2) / 1"
"PRB1","(((1 * fAct(GLN3, 0.524358567176387, 1.42495799693279) * ((1 - 1 * fAct(SNF2, 0.475863781245425, 1.41124203200918)) * (1 - 1 * fAct(SNF5, 0.594109755707905, 1.57459111983655))))) * 1 - 1 * PRB1) / 1"
"ACO1","(((1 * fAct(HAP1, 0.590406906651333, 1.51312979779905) * ((1 * fAct(HAP2, 0.495275812875479, 1.62234660275746) * 1 * fAct(RTG2, 0.49975705742836, 1.69741820967058)) * 1 * fAct(RTG3, 0.417345177568495, 1.03138645034051)))) * 1 - 1 * ACO1) / 1"
"CTT1","(((1 * fAct(HAP1, 0.44779646685347, 1.41190816774033) * 1 * fAct(MAC1, 0.546253375196829, 1.63026347370818))) * 1 - 1 * CTT1) / 1"
"CYB2","((1 * fAct(HAP1, 0.523419808736071, 1.60375236816239)) * 1 - 1 * CYB2) / 1"
"CYC7","(((((1 - 1 * fAct(TUP1, 0.5972659077961, 1.1164152395213)) * 1 * fAct(HAP1, 0.53895133016631, 1.13633754305309)) * ((1 - 1 * fAct(ROX1, 0.457780669536442, 1.28947862664238)) * (1 - 1 * fAct(HDA1_TUP1, 0.541132134664804, 1.28325312163215))))) * 1 - 1 * CYC7) / 1"
"ERG11","(((1 * fAct(HAP1, 0.525932404445484, 1.0566890246165) * (1 - 1 * fAct(ROX1, 0.455041049281135, 1.15173464834457)))) * 1 - 1 * ERG11) / 1"
"HEM13","(((1 * fAct(HAP1, 0.504339586570859, 1.3158780827513) * ((1 - 1 * fAct(MOT3, 0.497313085058704, 1.08638630500995)) * (1 - 1 * fAct(ROX1, 0.436818923288956, 1.02441797321662))))) * 1 - 1 * HEM13) / 1"
"HMG1","((1 * fAct(HAP1, 0.405917079607025, 1.6210879048123)) * 1 - 1 * HMG1) / 1"
"HYP2","((1 * fAct(HAP1, 0.437828268762678, 1.59864852878498)) * 1 - 1 * HYP2) / 1"
"QCR2","((1 * fAct(HAP1, 0.437234586942941, 1.15992134492612)) * 1 - 1 * QCR2) / 1"
"SOD2","((1 * fAct(HAP1, 0.472018737113103, 1.29042810776969)) * 1 - 1 * SOD2) / 1"
"AAC1","((1 * fAct(HAP2, 0.578394719585776, 1.54227216986241)) * 1 - 1 * AAC1) / 1"
"SDH4","((1 * fAct(HAP2, 0.425543340900913, 1.36330070440657)) * 1 - 1 * SDH4) / 1"
"MDH1","((1 * fAct(HAP4, 0.54387797145173, 1.4139937919192)) * 1 - 1 * MDH1) / 1"
"ERG10","(((1 - 1 * fAct(HDA1, 0.531197742046788, 1.38275486066006))) * 1 - 1 * ERG10) / 1"
"INH1","(((1 - 1 * fAct(HDA1, 0.470161508116871, 1.28552293399815))) * 1 - 1 * INH1) / 1"
"INO1","(((((1 - 1 * fAct(UME6, 0.496713020140305, 1.38125956641976)) * ((1 * fAct(INO2_INO4, 0.464628324937075, 1.07064582241932) * 1 * fAct(SNF2, 0.507671123556793, 1.45717570907902)) * 1 * fAct(SNF6, 0.599809092702344, 1.22270367101766))) * ((1 - 1 * fAct(HDA1, 0.513648201152682, 1.02211245986633)) * (1 - 1 * fAct(SDS3, 0.572197123896331, 1.53139018439688))))) * 1 - 1 * INO1) / 1"
"PHO3","(((1 * fAct(THI2, 0.521024867612869, 1.05051754324231) * (1 - 1 * fAct(HDA1, 0.568431710032746, 1.25182301104302)))) * 1 - 1 * PHO3) / 1"
"PHO5","((((1 * fAct(SNF2_SWI1, 0.553791532851756, 1.34772396094631) * ((((1 * fAct(INO2, 0.513371151639149, 1.60012331773993) * 1 * fAct(PHO2, 0.438940043421462, 1.52883059938438)) * 1 * fAct(PHO4, 0.439326863456518, 1.58868674251949)) * 1 * fAct(SIN3, 0.558720755483955, 1.60430547830183)) * 1 * fAct(SPT21, 0.483365918183699, 1.20077326583909))) * ((1 - 1 * fAct(HDA1, 0.439547486323863, 1.0600624729949)) * (1 - 1 * fAct(PHO23, 0.53253388972953, 1.4482221724675))))) * 1 - 1 * PHO5) / 1"
"DIT1","((((1 * fAct(IME1, 0.573155233915895, 1.40357475451427) * 1 * fAct(RIM101, 0.450908712111413, 1.30399026610423)) * (1 - 1 * fAct(SSN6_TUP1, 0.55602287678048, 1.42030861300882)))) * 1 - 1 * DIT1) / 1"
"HOP1","((((1 - 1 * fAct(UME6, 0.598174150241539, 1.65337824021233)) * 1 * fAct(IME1, 0.52250029486604, 1.18903709387174))) * 1 - 1 * HOP1) / 1"
"IME2","(((((1 - 1 * fAct(UME6, 0.50436850823462, 1.38418498514919)) * 1 * fAct(IME1, 0.54769576783292, 1.58143929619109)) * (1 - 1 * fAct(SDS3, 0.497223380673677, 1.29040556315333)))) * 1 - 1 * IME2) / 1"
"MER1","((((1 - 1 * fAct(UME6, 0.422325497912243, 1.59304885355989)) * 1 * fAct(IME1, 0.494970836257562, 1.07287693778053))) * 1 - 1 * MER1) / 1"
"REC114","((((1 - 1 * fAct(UME6, 0.422569827269763, 1.4010678385105)) * 1 * fAct(IME1, 0.515664949268103, 1.32488453850849))) * 1 - 1 * REC114) / 1"
"RIM11","((1 * fAct(IME1, 0.566997210728005, 1.36619962725556)) * 1 - 1 * RIM11) / 1"
"RIM4","((((1 - 1 * fAct(UME6, 0.566789845330641, 1.51758776639355)) * 1 * fAct(IME1, 0.587542292382568, 1.65336387878517))) * 1 - 1 * RIM4) / 1"
"SGA1","((1 * fAct(IME1, 0.491136309923604, 1.27403436563676)) * 1 - 1 * SGA1) / 1"
"SPO11","((((1 - 1 * fAct(UME6, 0.419191507296637, 1.18393519984325)) * (1 * fAct(IME1, 0.404816994816065, 1.52496641750215) * 1 * fAct(SIN3, 0.565487544890493, 1.14142289800104)))) * 1 - 1 * SPO11) / 1"
"SPO13","((((1 - 1 * fAct(UME6, 0.534381271572784, 1.36159570656484)) * 1 * fAct(IME1, 0.497074935073033, 1.52666232848074))) * 1 - 1 * SPO13) / 1"
"SPS1","((1 * fAct(IME1, 0.463635945226997, 1.18338136226637)) * 1 - 1 * SPS1) / 1"
"SPS2","((1 * fAct(IME1, 0.56599175427109, 1.24206540640909)) * 1 - 1 * SPS2) / 1"
"SPS4","((1 * fAct(IME1, 0.540967396227643, 1.16840819138335)) * 1 - 1 * SPS4) / 1"
"ACC1","(((1 * fAct(INO2, 0.58981115790084, 1.05239331714343) * 1 * fAct(INO4, 0.421356259286404, 1.15600287641864))) * 1 - 1 * ACC1) / 1"
"ADK1","((1 * fAct(INO2, 0.521182568883523, 1.04936539737042)) * 1 - 1 * ADK1) / 1"
"PMA1","(((1 * fAct(RAP1, 0.417747579794377, 1.02178685273277) * (1 * fAct(INO2, 0.526717567164451, 1.05934415262425) * 1 * fAct(MCM1, 0.419269420718774, 1.48505524525419)))) * 1 - 1 * PMA1) / 1"
"CDS1","((1 * fAct(INO2_INO4, 0.497922166017815, 1.29162614854984)) * 1 - 1 * CDS1) / 1"
"CHO1","(((1 * fAct(UME6, 0.479688331345096, 1.10655722586904) * 1 * fAct(INO2_INO4, 0.560874592093751, 1.18321361644659))) * 1 - 1 * CHO1) / 1"
"CHO2","(((1 * fAct(UME6, 0.521747217560187, 1.33401111397892) * 1 * fAct(INO2_INO4, 0.510921343788505, 1.32125546977157))) * 1 - 1 * CHO2) / 1"
"CKI1","((1 * fAct(INO2_INO4, 0.41103608654812, 1.1047517622984)) * 1 - 1 * CKI1) / 1"
"EPT1","((1 * fAct(INO2_INO4, 0.535123104555532, 1.49772449935786)) * 1 - 1 * EPT1) / 1"
"FAS1","(((1 * fAct(INO2_INO4, 0.45951002961956, 1.23178352453746) * 1 * fAct(REB1, 0.506716668698937, 1.34340570435859))) * 1 - 1 * FAS1) / 1"
"FAS2","(((1 * fAct(INO2_INO4, 0.457536624697968, 1.3832338039903) * 1 * fAct(REB1, 0.431752490019426, 1.03617649171501))) * 1 - 1 * FAS2) / 1"
"HNM1","((1 * fAct(INO2_INO4, 0.583699727058411, 1.043296612876)) * 1 - 1 * HNM1) / 1"
"ITR1","((1 * fAct(INO2_INO4, 0.423251945525408, 1.63149503621273)) * 1 - 1 * ITR1) / 1"
"OPI3","(((1 * fAct(UME6, 0.555280776508152, 1.29329818341881) * 1 * fAct(INO2_INO4, 0.417925903201103, 1.37636830842355))) * 1 - 1 * OPI3) / 1"
"PGS1","((1 * fAct(INO2_INO4, 0.540327547164634, 1.02294640664244)) * 1 - 1 * PGS1) / 1"
"PSD1","((1 * fAct(INO2_INO4, 0.576146411523223, 1.44037915151799)) * 1 - 1 * PSD1) / 1"
"COX5B","((((1 - 1 * fAct(ROX1, 0.467284906934947, 1.46533700961154)) * (1 - 1 * fAct(IXR1, 0.506193359429017, 1.27930973357288)))) * 1 - 1 * COX5B) / 1"
"LEU1","((1 * fAct(LEU3, 0.484748215274885, 1.38247432155302)) * 1 - 1 * LEU1) / 1"
"LEU2","(((1 * fAct(SPT16, 0.492943940451369, 1.31483015096746) * 1 * fAct(LEU3, 0.502454583533108, 1.51205263083801))) * 1 - 1 * LEU2) / 1"
"FRE7","((1 * fAct(MAC1, 0.503058334626257, 1.2165753341699)) * 1 - 1 * FRE7) / 1"
"YJL217W","((1 * fAct(MAC1, 0.504754981398582, 1.36429683374474)) * 1 - 1 * YJL217W) / 1"
"RNR1","(((1 - 1 * fAct(TUP1, 0.515034916251898, 1.57143940621288))) * 1 - 1 * RNR1) / 1"
"CAR1","((((1 - 1 * fAct(UME6, 0.58424058011733, 1.56808443390997)) * ((1 * fAct(MCM1, 0.469484699051827, 1.40178891279735) * 1 * fAct(RAP1, 0.595485666114837, 1.19664254464675)) * 1 * fAct(ARG80_ARG81, 0.576810648897663, 1.48932841276983)))) * 1 - 1 * CAR1) / 1"
"CAR2","((((((1 - 1 * fAct(MCM1, 0.457562227733433, 1.23386546879541)) * (1 - 1 * fAct(UME6, 0.455593281658366, 1.68197222260758))) * (1 - 1 * fAct(ARG80_ARG81, 0.546482976898551, 1.51245767870219))) * (1 - 1 * fAct(DAL81_DAL82, 0.441914294147864, 1.23660983978538)))) * 1 - 1 * CAR2) / 1"
"CDC5","((1 * fAct(MCM1, 0.4211617232766, 1.58620138873812)) * 1 - 1 * CDC5) / 1"
"CLB1","((1 * fAct(MCM1, 0.427822455437854, 1.57195602832828)) * 1 - 1 * CLB1) / 1"
"STE2","(((1 * fAct(MCM1, 0.451063018664718, 1.27645717988024) * (1 - 1 * fAct(TUP1, 0.451915468089283, 1.02171179076424)))) * 1 - 1 * STE2) / 1"
"MET2","((1 * fAct(MET4, 0.527690545190126, 1.53472714507254)) * 1 - 1 * MET2) / 1"
"MET3","((1 * fAct(MET4, 0.474161074077711, 1.43785700961249)) * 1 - 1 * MET3) / 1"
"MET6","((1 * fAct(MET4, 0.447977079311386, 1.06028907072032)) * 1 - 1 * MET6) / 1"
"HXT2","(((((1 - 1 * fAct(RGT1, 0.571337316418067, 1.65456380515127)) * (1 - 1 * fAct(HDA1_TUP1, 0.410440937662497, 1.2806259050197))) * (1 - 1 * fAct(SSN6_TUP1, 0.454915853170678, 1.26459219847107)))) * 1 - 1 * HXT2) / 1"
"HXT4","(((((1 - 1 * fAct(RGT1, 0.485797562496737, 1.15761453076731)) * (1 - 1 * fAct(HDA1_TUP1, 0.584147982951254, 1.07915523196803))) * (1 - 1 * fAct(SSN6_TUP1, 0.422582418797538, 1.64409820805537)))) * 1 - 1 * HXT4) / 1"
"SUC2","((((1 * fAct(SNF2, 0.538083607517183, 1.47745475303847) * 1 * fAct(SNF6, 0.57126585082151, 1.21741999667138)) * (((1 - 1 * fAct(SKO1, 0.497120492300019, 1.34155614487361)) * (1 - 1 * fAct(HDA1_TUP1, 0.417577514145523, 1.49550213107839))) * (1 - 1 * fAct(SSN6_TUP1, 0.419225399615243, 1.47246088395128))))) * 1 - 1 * SUC2) / 1"
"AAC3","((((1 - 1 * fAct(RAP1, 0.495978325931355, 1.23014432797441)) * ((1 - 1 * fAct(MOT3, 0.464196047699079, 1.14507626424078)) * (1 - 1 * fAct(ROX1, 0.599308411590755, 1.33962112466339))))) * 1 - 1 * AAC3) / 1"
"ANB1","((((1 - 1 * fAct(TUP1, 0.416878776345402, 1.29422887310851)) * ((1 - 1 * fAct(MOT3, 0.507452291157097, 1.54393151457887)) * (1 - 1 * fAct(ROX1, 0.54839669787325, 1.18054413472302))))) * 1 - 1 * ANB1) / 1"
"CPH1","((1 * fAct(ROX1, 0.560676819458604, 1.4111787092872)) * 1 - 1 * CPH1) / 1"
"HXT1","((((1 * fAct(SNF2_SWI1, 0.513700669398531, 1.08325200763298) * 1 * fAct(MTH1, 0.514266828726977, 1.06735969753936)) * ((1 - 1 * fAct(RGT1, 0.418242470826954, 1.39217981191352)) * (1 - 1 * fAct(SSN6, 0.506503054825589, 1.10632017717464))))) * 1 - 1 * HXT1) / 1"
"HXT3","((((1 * fAct(SNF2_SWI1, 0.466454442916438, 1.37999302394222) * 1 * fAct(MTH1, 0.418417879706249, 1.38309233604465)) * ((1 - 1 * fAct(RGT1, 0.420621483167633, 1.12352340375073)) * (1 - 1 * fAct(SSN6, 0.431135028693825, 1.4944751380221))))) * 1 - 1 * HXT3) / 1"
"POX1","(((1 - 1 * fAct(UME6, 0.526812434894964, 1.37621041192673))) * 1 - 1 * POX1) / 1"
"FLO1","((((1 - 1 * fAct(PHO2, 0.583596106059849, 1.47726271164371)) * (1 - 1 * fAct(SSN6_TUP1, 0.431780500896275, 1.2187650072854)))) * 1 - 1 * FLO1) / 1"
"FLO10","(((1 - 1 * fAct(PHO2, 0.588841969612986, 1.11592161217239))) * 1 - 1 * FLO10) / 1"
"PHO11","(((1 * fAct(SNF2_SWI1, 0.521464993292466, 1.56207273204811) * (1 * fAct(PHO2, 0.481547116907313, 1.29377479229821) * 1 * fAct(PHO4, 0.490978655777872, 1.50414313338464)))) * 1 - 1 * PHO11) / 1"
"PHO12","(((1 * fAct(SNF2_SWI1, 0.538109869556502, 1.31120229371591) * (1 * fAct(PHO2, 0.595778720639646, 1.07662818002049) * 1 * fAct(PHO4, 0.571326023153961, 1.29145910542691)))) * 1 - 1 * PHO12) / 1"
"PHO8","(((1 * fAct(PHO2, 0.482211508601904, 1.44879198555369) * 1 * fAct(PHO4, 0.506420313939452, 1.17174948407104))) * 1 - 1 * PHO8) / 1"
"PHO81","(((1 * fAct(PHO2, 0.40038279555738, 1.41728925074684) * 1 * fAct(PHO4, 0.599358156090602, 1.0846633872739))) * 1 - 1 * PHO81) / 1"
"PHO84","(((1 * fAct(SNF2_SWI1, 0.494903512392193, 1.06124079440488) * 1 * fAct(PHO4, 0.503652270510793, 1.3879559944733))) * 1 - 1 * PHO84) / 1"
"SPL2","((1 * fAct(PHO4, 0.543707725824788, 1.54573621777818)) * 1 - 1 * SPL2) / 1"
"ENO1","((((1 * fAct(RAP1, 0.5205723174382, 1.47901794829406) * 1 * fAct(GCR1_GCR2, 0.591850267490372, 1.64091730247019)) * (1 - 1 * fAct(REB1, 0.587386815669015, 1.31517867816379)))) * 1 - 1 * ENO1) / 1"
"ENO2","(((1 * fAct(RAP1, 0.587683429848403, 1.17630325013539) * 1 * fAct(GCR1_GCR2, 0.401413890067488, 1.38296457149088))) * 1 - 1 * ENO2) / 1"
"GPD1","((1 * fAct(RAP1, 0.402706736233085, 1.61840468547773)) * 1 - 1 * GPD1) / 1"
"RPL19A","(((1 - 1 * fAct(RAP1, 0.591199748730287, 1.51350717621157))) * 1 - 1 * RPL19A) / 1"
"RPL19B","(((1 - 1 * fAct(RAP1, 0.400890872068703, 1.15984228173038))) * 1 - 1 * RPL19B) / 1"
"RPP2B","(((1 - 1 * fAct(RAP1, 0.445421121595427, 1.27094209030271))) * 1 - 1 * RPP2B) / 1"
"RPS13","((1 * fAct(RAP1, 0.534574093297124, 1.32630818803329)) * 1 - 1 * RPS13) / 1"
"RPS6A","((1 * fAct(RAP1, 0.449740320676938, 1.04741254626773)) * 1 - 1 * RPS6A) / 1"
"ACT1","(((1 * fAct(SPT16, 0.545518926205114, 1.47076001425274) * (1 * fAct(REB1, 0.468689054204151, 1.51597691306146) * 1 * fAct(SRB7, 0.446452174754813, 1.57681518927217)))) * 1 - 1 * ACT1) / 1"
"TPI1","(((1 * fAct(REB1, 0.552810057811439, 1.56151363806101) * 1 * fAct(GCR1_GCR2, 0.547771229734644, 1.62554767256137))) * 1 - 1 * TPI1) / 1"
"HUG1","((((1 - 1 * fAct(SSN6_TUP1, 0.416588440584019, 1.42784728621598)) * (1 - 1 * fAct(RFX1, 0.589313102466986, 1.14386667282088)))) * 1 - 1 * HUG1) / 1"
"PYC1","((1 * fAct(RGT1, 0.510986377252266, 1.02383597699925)) * 1 - 1 * PYC1) / 1"
"DIT2","((((1 - 1 * fAct(SSN6_TUP1, 0.528637272678316, 1.45062224336667)) * 1 * fAct(RIM101, 0.40684936218895, 1.29970648198621))) * 1 - 1 * DIT2) / 1"
"CLN2","(((1 * fAct(SPT16, 0.512327070813626, 1.07919022238348) * (1 * fAct(RME1, 0.55740387509577, 1.52294730870519) * 1 * fAct(SWI4_SWI6, 0.50796341272071, 1.01497630070196)))) * 1 - 1 * CLN2) / 1"
"GEF1","(((1 - 1 * fAct(ROX1, 0.478775068884715, 1.46039595813723))) * 1 - 1 * GEF1) / 1"
"OLE1","(((1 - 1 * fAct(ROX1, 0.572261127457023, 1.28168576738797))) * 1 - 1 * OLE1) / 1"
"CIT1","(((1 * fAct(RTG1_RTG3, 0.592582454439253, 1.11989040559856) * 1 * fAct(RTG2, 0.432251003431156, 1.40848070263397))) * 1 - 1 * CIT1) / 1"
"CIT2","(((1 * fAct(RTG1_RTG3, 0.517855055211112, 1.3932806924032) * 1 * fAct(RTG2, 0.416407790547237, 1.43725814722478))) * 1 - 1 * CIT2) / 1"
"IDH2","(((1 * fAct(RTG1_RTG3, 0.554787836642936, 1.5206068075099) * 1 * fAct(RTG2, 0.55487044933252, 1.53299267043127))) * 1 - 1 * IDH2) / 1"
"BAR1","(((1 * fAct(SIN3, 0.442064292216673, 1.14988681154326) * ((1 - 1 * fAct(TUP1, 0.563159565394744, 1.58484491889598)) * (1 - 1 * fAct(UME6, 0.573142455378547, 1.4763100812328))))) * 1 - 1 * BAR1) / 1"
"CYS3","(((1 - 1 * fAct(XBP1, 0.544701944850385, 1.58193924154621))) * 1 - 1 * CYS3) / 1"
"CLN1","((((1 * fAct(SPT16, 0.428135830257088, 1.65547464116476) * 1 * fAct(SWI4_SWI6, 0.506085567222908, 1.60891806912143)) * (1 - 1 * fAct(XBP1, 0.590242835041136, 1.22733022950357)))) * 1 - 1 * CLN1) / 1"
"CLN3","(((1 * fAct(SPT16, 0.450520672183484, 1.26096958188573) * (1 - 1 * fAct(XBP1, 0.531322725722566, 1.02474742124556)))) * 1 - 1 * CLN3) / 1"
"HTA1","(((1 * fAct(SPT16, 0.404200788354501, 1.65882508931449) * (((1 * fAct(SPT21, 0.544329778011888, 1.54973170356359) * 1 * fAct(SPT4, 0.555538491578773, 1.60360663632164)) * 1 * fAct(SPT5, 0.536841600574553, 1.67491245320998)) * 1 * fAct(SPT6, 0.543976265890524, 1.14776454286417)))) * 1 - 1 * HTA1) / 1"
"HTB1","(((1 * fAct(SPT16, 0.551331530045718, 1.33744449256686) * ((1 * fAct(SPT4, 0.507021245406941, 1.25994167551631) * 1 * fAct(SPT5, 0.460530823143199, 1.68394682919839)) * 1 * fAct(SPT6, 0.471049609780312, 1.38631698458921)))) * 1 - 1 * HTB1) / 1"
"SAN1","((1 * fAct(SPT16, 0.516795268887654, 1.02075483203633)) * 1 - 1 * SAN1) / 1"
"SWI6","((1 * fAct(SPT16, 0.462684004055336, 1.66491253110114)) * 1 - 1 * SWI6) / 1"
"HHF1","((1 * fAct(SPT21, 0.409116141637787, 1.56905892053852)) * 1 - 1 * HHF1) / 1"
"HHF2","((1 * fAct(SPT21, 0.545066478755325, 1.63056812733412)) * 1 - 1 * HHF2) / 1"
"HTB2","((1 * fAct(SPT21, 0.533540110709146, 1.31446469301824)) * 1 - 1 * HTB2) / 1"
"TDH1","((1 * fAct(SRB7, 0.480259815650061, 1.31484940958442)) * 1 - 1 * TDH1) / 1"
"ICL1","((1 * fAct(SSN6, 0.568712752638385, 1.38254601896275)) * 1 - 1 * ICL1) / 1"
"PCL2","((1 * fAct(SWI5, 0.57851895140484, 1.59140062266728)) * 1 - 1 * PCL2) / 1"
"PGM1","((1 * fAct(GCR1_GCR2, 0.400339819630608, 1.3908326734486)) * 1 - 1 * PGM1) / 1"
"SST2","(((1 - 1 * fAct(TUP1, 0.416582043142989, 1.26810395249864))) * 1 - 1 * SST2) / 1"
"SMK1","(((1 - 1 * fAct(SUM1, 0.435363417258486, 1.14711253047222))) * 1 - 1 * SMK1) / 1"
"CDC10","((1 * fAct(SWI4, 0.506602684920654, 1.58053399146534)) * 1 - 1 * CDC10) / 1"
"CDC11","((1 * fAct(SWI4, 0.598442623578012, 1.08304210771341)) * 1 - 1 * CDC11) / 1"
"PCL1","((1 * fAct(SWI4, 0.408270919183269, 1.30766136218561)) * 1 - 1 * PCL1) / 1"
"PCL9","((1 * fAct(SWI5, 0.440511385537684, 1.1986173907714)) * 1 - 1 * PCL9) / 1"
"SIC1","((1 * fAct(SWI5, 0.555009915539995, 1.58604973425856)) * 1 - 1 * SIC1) / 1"
"PET18","((1 * fAct(THI2, 0.575305364048109, 1.54553330289666)) * 1 - 1 * PET18) / 1"
"THI20","((1 * fAct(THI2, 0.583071410749108, 1.42392566521186)) * 1 - 1 * THI20) / 1"
"THI21","((1 * fAct(THI2, 0.53121237391606, 1.23030144883785)) * 1 - 1 * THI21) / 1"
"THI22","((1 * fAct(THI2, 0.576835149852559, 1.66760763828643)) * 1 - 1 * THI22) / 1"
"THI6","((1 * fAct(THI2, 0.476054970221594, 1.67551572472323)) * 1 - 1 * THI6) / 1"
"THI80","((1 * fAct(THI2, 0.592329398589209, 1.57672043958213)) * 1 - 1 * THI80) / 1"
"YLR004C","((1 * fAct(THI2, 0.525351989455521, 1.25618060612353)) * 1 - 1 * YLR004C) / 1"
"MFALPHA2","((((1 - 1 * fAct(TUP1, 0.416503478540108, 1.53276897538686)) * 1 * fAct(SNF2_SWI1, 0.524873854825273, 1.66310049167601))) * 1 - 1 * MFALPHA2) / 1"
"PAU3","(((1 - 1 * fAct(TUP1, 0.583177244383842, 1.17512396914419))) * 1 - 1 * PAU3) / 1"
"PAU4","(((1 - 1 * fAct(TUP1, 0.585196789028123, 1.34793584027328))) * 1 - 1 * PAU4) / 1"
"PAU5","(((1 - 1 * fAct(TUP1, 0.528419246152043, 1.09312126636272))) * 1 - 1 * PAU5) / 1"
"RNR3","(((1 - 1 * fAct(TUP1, 0.421176185877994, 1.11204011493362))) * 1 - 1 * RNR3) / 1"
"STE4","(((1 - 1 * fAct(TUP1, 0.419628498889506, 1.01135075557046))) * 1 - 1 * STE4) / 1"
"STE5","(((1 - 1 * fAct(TUP1, 0.586812229594216, 1.61366867593257))) * 1 - 1 * STE5) / 1"
"DMC1","(((1 - 1 * fAct(UME6, 0.47564684310928, 1.35721981019946))) * 1 - 1 * DMC1) / 1"
"MEI4","(((1 - 1 * fAct(UME6, 0.433941203355789, 1.12641625326825))) * 1 - 1 * MEI4) / 1"
"MEK1","(((1 - 1 * fAct(UME6, 0.499859692761675, 1.14016110619763))) * 1 - 1 * MEK1) / 1"
"REC102","(((1 - 1 * fAct(UME6, 0.509092641761526, 1.07643676003208))) * 1 - 1 * REC102) / 1"
"RED1","(((1 - 1 * fAct(UME6, 0.446369951218367, 1.5684834674024))) * 1 - 1 * RED1) / 1"
"SKI8","(((1 - 1 * fAct(UME6, 0.467947011208162, 1.25277467946289))) * 1 - 1 * SKI8) / 1"
"SLZ1","((1 * fAct(UME6, 0.455176640208811, 1.01820287965471)) * 1 - 1 * SLZ1) / 1"
"SPO16","(((1 - 1 * fAct(UME6, 0.462722232332453, 1.4861103474698))) * 1 - 1 * SPO16) / 1"
"TOP1","(((1 - 1 * fAct(UME6, 0.408734304225072, 1.25968950646929))) * 1 - 1 * TOP1) / 1"
"ZIP1","(((1 - 1 * fAct(UME6, 0.583008253248408, 1.30772508348804))) * 1 - 1 * ZIP1) / 1"
"SMF2","(((1 - 1 * fAct(XBP1, 0.45719079929404, 1.33519453885732))) * 1 - 1 * SMF2) / 1"
"FBA1","((1 * fAct(GCR1_GCR2, 0.552838970441371, 1.47440667145653)) * 1 - 1 * FBA1) / 1"
"PGI1","((1 * fAct(GCR1_GCR2, 0.439543963549659, 1.49172322709812)) * 1 - 1 * PGI1) / 1"
"HXT6","((1 * fAct(SNF2_SWI1, 0.512637908570468, 1.09164687807672)) * 1 - 1 * HXT6) / 1"
"HXT7","((1 * fAct(SNF2_SWI1, 0.409025938762352, 1.57008481569123)) * 1 - 1 * HXT7) / 1"
"ODC2","(((1 - 1 * fAct(SNF2_SWI1, 0.423965314775705, 1.43126881727716))) * 1 - 1 * ODC2) / 1"
"SAG1","((1 * fAct(SNF2_SWI1, 0.517984615731984, 1.46958050657995)) * 1 - 1 * SAG1) / 1"
"SER3","(((1 - 1 * fAct(SNF2_SWI1, 0.43658806309104, 1.43155337062431))) * 1 - 1 * SER3) / 1"
"FLO5","(((1 - 1 * fAct(SSN6_TUP1, 0.48437063600868, 1.26265246228781))) * 1 - 1 * FLO5) / 1"
"MAK10","(((1 - 1 * fAct(SSN6_TUP1, 0.457240608893335, 1.6747703449009))) * 1 - 1 * MAK10) / 1"
