-4.779921174049377441e-01,4.336837679147720337e-02,-2.997977137565612793e-01,-1.215943247079849243e-01,1.509228139184415340e-03
8.207600563764572144e-02,3.380522504448890686e-02,-1.486585941165685654e-02,1.625187695026397705e-01,-1.331753432750701904e-01
-1.622518002986907959e-01,4.443019032478332520e-01,-9.824314713478088379e-02,-3.544922685250639915e-03,-1.354802493005990982e-02
-8.865831047296524048e-02,1.465310063213109970e-02,2.752606570720672607e-01,-2.466450184583663940e-01,-1.431621611118316650e-01
-5.494660139083862305e-01,1.941733956336975098e-01,-5.170599222183227539e-01,-3.160484731197357178e-01,-1.958764940500259399e-01
-4.528918117284774780e-02,-2.509924173355102539e-01,-1.068715974688529968e-01,8.162157237529754639e-02,-1.247714832425117493e-01
-1.234696283936500549e-01,-2.697973251342773438e-01,-5.555051937699317932e-02,-1.312507838010787964e-01,-1.399361193180084229e-01
-2.694662511348724365e-01,-2.423328310251235962e-01,-5.906984210014343262e-01,6.329182535409927368e-02,2.413986772298812866e-01
-4.346731305122375488e-01,8.274687081575393677e-02,-2.276409715414047241e-01,-1.982412338256835938e-01,-2.945172190666198730e-01
-2.551981508731842041e-01,2.850997447967529297e-01,-1.750217378139495850e-02,-1.611439734697341919e-01,-1.253502964973449707e-01
-4.065830707550048828e-01,3.670299053192138672e-02,-4.571367204189300537e-01,-1.539175212383270264e-01,-9.011258184909820557e-02
-1.696913689374923706e-01,-8.422601036727428436e-03,-2.707334458827972412e-01,-3.943537920713424683e-02,-1.816256046295166016e-01
1.206915229558944702e-01,-1.990133374929428101e-01,-1.444898992776870728e-01,1.751683354377746582e-01,9.169107675552368164e-02
2.373291254043579102e-01,-4.832595586776733398e-02,1.161408945918083191e-01,2.154412567615509033e-01,1.841021515429019928e-02
-3.874824047088623047e-01,4.553908109664916992e-01,-1.229138672351837158e-01,-3.197107315063476562e-01,-2.670488357543945312e-01
-3.801414743065834045e-02,2.506748139858245850e-01,-1.343277394771575928e-01,3.062243200838565826e-02,5.860414728522300720e-02
1.737692952156066895e-02,-2.989844651892781258e-03,-1.722987443208694458e-01,9.411791712045669556e-02,8.997657895088195801e-02
-1.901828199625015259e-01,3.547001257538795471e-02,1.823395043611526489e-01,-1.459457725286483765e-01,-4.093641042709350586e-01
-2.452563643455505371e-01,1.930491477251052856e-01,-2.612269222736358643e-01,-1.716640740633010864e-01,-2.329870164394378662e-01
1.409994810819625854e-01,-1.878312081098556519e-01,8.217364549636840820e-03,1.883164346218109131e-01,1.250981837511062622e-01
-1.313420087099075317e-01,1.562061067670583725e-02,1.629252135753631592e-01,-1.653390079736709595e-01,-1.818910688161849976e-01
7.554537802934646606e-02,5.531546100974082947e-02,2.902607992291450500e-02,8.233122527599334717e-02,-7.868447154760360718e-02
3.685428202152252197e-01,-2.400616649538278580e-03,2.606686651706695557e-01,2.904845774173736572e-01,1.746034026145935059e-01
-1.208409443497657776e-01,1.649199128150939941e-01,2.102644145488739014e-01,-9.676742553710937500e-02,-3.142380118370056152e-01
-6.262751668691635132e-02,2.450504153966903687e-01,-2.497638389468193054e-02,-7.299675792455673218e-02,-1.339970231056213379e-01
2.506774365901947021e-01,-2.130172550678253174e-01,1.550027132034301758e-01,1.253050118684768677e-01,6.862439680844545364e-03
1.149040162563323975e-01,-1.156366914510726929e-01,1.311496943235397339e-01,2.183460891246795654e-01,8.321905881166458130e-02
1.883193254470825195e-01,-8.956989645957946777e-02,-1.780402101576328278e-02,2.206507176160812378e-01,1.119451820850372314e-01
1.596017628908157349e-01,-9.950510412454605103e-02,2.330133132636547089e-02,1.830180883407592773e-01,9.933416545391082764e-02
-3.720448017120361328e-01,3.647840321063995361e-01,7.786089181900024414e-02,-3.214042782783508301e-01,-4.376540184020996094e-01
-3.109620213508605957e-01,1.443222165107727051e-01,1.234787255525588989e-01,-3.547488451004028320e-01,9.112356603145599365e-02
5.567716062068939209e-02,2.428803890943527222e-01,2.848687581717967987e-04,-7.115780562162399292e-02,-1.867898553609848022e-01
-2.180838584899902344e-01,2.983819246292114258e-01,3.254868090152740479e-02,-1.598164439201354980e-01,-8.932819962501525879e-02
-5.390668511390686035e-01,-1.663313247263431549e-02,-8.091253787279129028e-02,-4.172901511192321777e-01,-2.895721606910228729e-02
-4.693101346492767334e-01,-2.488474249839782715e-01,-5.041710734367370605e-01,-2.198813296854496002e-02,-1.178607568144798279e-01
-2.749984562397003174e-01,4.564666152000427246e-01,-1.700748503208160400e-01,-2.279440909624099731e-01,4.349427763372659683e-03
1.293055564165115356e-01,-4.326297342777252197e-02,1.339347809553146362e-01,4.331709071993827820e-02,-4.834811016917228699e-02
-1.157347187399864197e-01,-2.298202365636825562e-01,2.507690340280532837e-02,-1.161431521177291870e-01,-2.556326612830162048e-02
-1.050217077136039734e-01,-1.403165459632873535e-01,-1.484294980764389038e-01,1.245613582432270050e-02,4.861776903271675110e-02
-3.312870115041732788e-02,3.661978989839553833e-03,-1.932928115129470825e-01,3.623102605342864990e-02,-3.612020239233970642e-02
5.073789879679679871e-02,1.989130377769470215e-01,1.969228684902191162e-01,1.459281444549560547e-01,-9.234020113945007324e-02
1.121589839458465576e-01,-9.231913834810256958e-02,3.379458561539649963e-02,1.166200041770935059e-01,4.541756585240364075e-02
-5.469236969947814941e-01,4.297268688678741455e-01,-1.061838194727897644e-01,-3.751671612262725830e-01,-4.742077887058258057e-01
1.122804433107376099e-01,-5.999800935387611389e-02,5.629460141062736511e-02,1.499266773462295532e-01,1.735098659992218018e-01
-1.680302619934082031e-01,4.389162063598632812e-01,-1.083262637257575989e-01,-6.223390251398086548e-02,-1.243842616677284241e-01
1.441556066274642944e-01,-3.389045968651771545e-02,-1.281723380088806152e-01,2.113078087568283081e-01,1.429824382066726685e-01
-7.920084148645401001e-02,6.712867319583892822e-02,-1.976663917303085327e-01,-5.503735691308975220e-02,1.050745882093906403e-02
-9.408911317586898804e-02,1.707516610622406006e-01,-1.541839689016342163e-01,2.830275893211364746e-02,-1.769131273031234741e-01
4.400876909494400024e-02,-1.398348361253738403e-01,-1.734309792518615723e-01,2.280193120241165161e-01,6.761740893125534058e-02
-2.187411040067672729e-01,2.162621915340423584e-01,-1.255521774291992188e-01,-2.905198037624359131e-01,-2.689306735992431641e-01
1.776879727840423584e-01,-1.225821077823638916e-01,-8.576780557632446289e-02,1.973239034414291382e-01,1.160479187965393066e-01
-2.541193068027496338e-01,3.050565421581268311e-01,1.875485628843307495e-01,-2.831977605819702148e-01,-1.043614968657493591e-01
-9.351248294115066528e-02,2.561593055725097656e-01,-5.349868163466453552e-02,-9.537701308727264404e-02,-1.407029032707214355e-01
-1.833991855382919312e-01,3.640317618846893311e-01,2.453769594430923462e-01,-1.774394810199737549e-01,-1.114316731691360474e-01
-2.891761958599090576e-01,1.986160725355148315e-01,-1.264225095510482788e-01,-2.616705894470214844e-01,-1.751707643270492554e-01
-4.821005836129188538e-02,1.357934474945068359e-01,-6.159075349569320679e-02,-3.266777098178863525e-02,9.155697375535964966e-02
-1.510143876075744629e-01,-4.706008359789848328e-02,-1.757026910781860352e-01,-4.493561759591102600e-02,-4.228433966636657715e-02
-3.462277948856353760e-01,-1.629556268453598022e-01,-3.196848928928375244e-01,-2.709385752677917480e-01,2.200521342456340790e-02
-9.654344059526920319e-03,1.246999129652976990e-01,3.416729345917701721e-02,5.200266093015670776e-02,4.275455325841903687e-02
1.052512004971504211e-01,-7.811836898326873779e-02,7.575452327728271484e-04,1.563564389944076538e-01,8.767989277839660645e-02
2.175014764070510864e-01,-2.437008172273635864e-01,6.174074113368988037e-02,1.470001190900802612e-01,1.587889343500137329e-01
5.781624838709831238e-02,-1.251524686813354492e-01,1.411920189857482910e-01,-6.109195947647094727e-02,1.726021058857440948e-02
2.255107313394546509e-01,-1.804463416337966919e-01,1.077811643481254578e-01,1.661718040704727173e-01,2.117703706026077271e-01
2.160388045012950897e-02,-3.259582072496414185e-02,3.491524159908294678e-01,-2.726892940700054169e-02,-4.628502950072288513e-02
-1.069661229848861694e-02,4.689492657780647278e-02,-5.663147661834955215e-03,-8.838857710361480713e-02,-1.277472674846649170e-01
3.374759554862976074e-01,-1.098847016692161560e-01,1.238552480936050415e-01,1.898120939731597900e-01,1.206847429275512695e-01
-8.915449678897857666e-02,-1.572544872760772705e-01,5.181301012635231018e-02,-1.334819644689559937e-01,4.185086581856012344e-03
-2.983194589614868164e-01,-1.442987471818923950e-01,1.366207748651504517e-01,-1.594274044036865234e-01,-1.192502304911613464e-01
6.572877615690231323e-02,-1.859646588563919067e-01,7.854738831520080566e-02,1.006433218717575073e-01,1.390639096498489380e-01
6.231755614280700684e-01,-7.147766649723052979e-02,9.315393120050430298e-02,2.498724311590194702e-01,2.413899898529052734e-01
1.550913453102111816e-01,-2.038453817367553711e-01,1.010322347283363342e-01,6.045037880539894104e-02,1.153277531266212463e-01
1.047371029853820801e-01,1.629936546087265015e-01,1.676813885569572449e-02,5.047387629747390747e-02,-5.948919430375099182e-02
-1.467459201812744141e-01,1.728340983390808105e-01,6.996411830186843872e-02,-1.551450788974761963e-01,-2.474442720413208008e-01
2.561539709568023682e-01,-1.957272738218307495e-01,-2.098635435104370117e-01,2.897606194019317627e-01,2.649699449539184570e-01
1.988735049962997437e-01,-3.274217844009399414e-01,-7.678889203816652298e-03,1.792099624872207642e-01,2.149433493614196777e-01
-8.021516352891921997e-02,-4.009863734245300293e-02,1.117818877100944519e-01,-3.615102916955947876e-02,-9.055699408054351807e-02
-2.343436777591705322e-01,2.920615375041961670e-01,-2.955083549022674561e-01,-1.235049217939376831e-01,-2.215203493833541870e-01
-3.143228292465209961e-01,-3.269077464938163757e-02,-2.356723994016647339e-01,-3.372827172279357910e-01,-3.248931467533111572e-01
1.861082389950752258e-02,-8.215939998626708984e-02,-1.063566431403160095e-01,1.030218079686164856e-01,8.214845508337020874e-02
-1.406044960021972656e-01,-1.012837812304496765e-01,-7.540399581193923950e-02,-5.137801542878150940e-02,-3.970221057534217834e-02
-7.092303782701492310e-02,1.717678606510162354e-01,-3.306884765625000000e-01,-1.563399434089660645e-01,-1.193508878350257874e-01
-4.686603248119354248e-01,4.531714022159576416e-01,-6.557428836822509766e-02,-2.694691121578216553e-01,-9.369514882564544678e-02
-4.773339629173278809e-01,-1.351723670959472656e-01,-1.840168237686157227e-01,-3.181037008762359619e-01,-1.848766654729843140e-01
-1.933193951845169067e-01,2.874368801712989807e-02,-5.281589180231094360e-02,-1.365089565515518188e-01,-1.662406772375106812e-01
-1.669537872076034546e-01,1.853058040142059326e-01,1.269480139017105103e-01,-2.458478063344955444e-01,-2.019272297620773315e-01
-8.143584430217742920e-02,1.446242481470108032e-01,-3.531664907932281494e-01,1.632291823625564575e-02,7.674695458263158798e-03
-3.353489562869071960e-02,-9.280457347631454468e-02,-1.188402697443962097e-01,1.521488726139068604e-01,7.423080503940582275e-02
-2.158503979444503784e-01,4.384872317314147949e-01,2.190062403678894043e-02,-2.750014662742614746e-01,-2.076179385185241699e-01
-3.473379909992218018e-01,-2.155414670705795288e-01,-3.423371613025665283e-01,-4.280746728181838989e-02,6.519235670566558838e-02
-4.423108696937561035e-01,-3.615508079528808594e-01,-6.161305904388427734e-01,8.086084388196468353e-03,2.201600223779678345e-01
4.769159108400344849e-02,-2.179500907659530640e-01,2.057522684335708618e-01,-6.340011209249496460e-02,-1.769714355468750000e-01
-4.343169629573822021e-01,1.134076490998268127e-01,-1.330897063016891479e-01,-3.384787738323211670e-01,-2.780855894088745117e-01
-1.552324593067169189e-01,1.812539249658584595e-01,-2.963263541460037231e-02,-2.642069011926651001e-02,-1.804135292768478394e-01
-2.269391268491744995e-01,2.834630608558654785e-01,-3.461081683635711670e-01,-6.553505361080169678e-02,-2.013029754161834717e-01
-1.020484715700149536e-01,6.123076379299163818e-02,-8.589778095483779907e-02,-3.403171524405479431e-02,-2.835673987865447998e-01
-5.906128287315368652e-01,2.945775985717773438e-01,-1.955742239952087402e-01,-4.548155665397644043e-01,-1.857723891735076904e-01
1.265274435281753540e-01,-1.134860366582870483e-01,1.502592414617538452e-01,1.964132934808731079e-01,3.371720016002655029e-02
-1.408125907182693481e-01,-8.473911136388778687e-02,-1.029637604951858521e-01,1.341259628534317017e-01,3.048931946977972984e-03
-2.618942558765411377e-01,2.901643216609954834e-01,-4.724252503365278244e-03,-2.581151723861694336e-01,-2.422816753387451172e-01
1.603980809450149536e-01,-3.125818967819213867e-01,-9.256980419158935547e-01,5.266915559768676758e-01,6.220734119415283203e-01
1.179369390010833740e-01,-1.726524978876113892e-01,1.610627025365829468e-01,1.216585338115692139e-01,7.384716998785734177e-03
-2.210476994514465332e-01,-1.274020373821258545e-01,-2.481748461723327637e-01,8.866526186466217041e-03,-1.186899468302726746e-02
6.970870494842529297e-02,-1.898237913846969604e-01,1.028046831488609314e-01,2.173645794391632080e-01,-8.835194259881973267e-02
7.768175564706325531e-03,8.681286871433258057e-02,2.294217497110366821e-01,3.365500271320343018e-02,-2.415139228105545044e-01
3.801668882369995117e-01,-3.800035715103149414e-01,-1.801679143682122231e-03,2.255975008010864258e-01,1.882017999887466431e-01
-9.320902824401855469e-02,7.467797398567199707e-02,-2.416929006576538086e-01,1.101071164011955261e-01,-6.781954318284988403e-02
-2.827261090278625488e-01,4.987696111202239990e-01,-3.795672059059143066e-01,-2.711502611637115479e-01,-2.747265696525573730e-01
-3.414477705955505371e-01,1.588028520345687866e-01,-4.927811324596405029e-01,2.963484823703765869e-02,2.361359596252441406e-01
1.217951700091362000e-01,-1.040403544902801514e-01,-3.139224136248230934e-03,1.147555038332939148e-01,9.571190178394317627e-02
-2.034444212913513184e-01,-1.861470043659210205e-01,-3.815625607967376709e-01,-2.001929581165313721e-01,-2.257198393344879150e-01
-9.768579900264739990e-02,1.797136962413787842e-01,-4.791885614395141602e-02,-9.653870016336441040e-02,-4.434653744101524353e-02
-1.055191382765769958e-01,2.741247117519378662e-01,1.332279741764068604e-01,-2.455711960792541504e-01,-2.104067206382751465e-01
-7.607699185609817505e-02,2.464453130960464478e-01,-5.900495219975709915e-03,-1.093904599547386169e-01,-5.621981620788574219e-02
6.795378774404525757e-02,-2.031439840793609619e-01,-5.445590019226074219e-01,2.990418076515197754e-01,1.730719804763793945e-01
-2.938440442085266113e-01,1.992889642715454102e-01,-1.846777796745300293e-01,-3.520197570323944092e-01,-1.537024676799774170e-01
-6.515439599752426147e-02,7.860184460878372192e-02,-8.485687524080276489e-02,6.852823495864868164e-02,1.011846885085105896e-01
3.632091358304023743e-02,-1.798146069049835205e-01,-1.276413798332214355e-01,1.266882419586181641e-01,2.005831897258758545e-01
-3.432588577270507812e-01,-1.266009807586669922e-01,-6.769505739212036133e-01,3.126525506377220154e-02,3.650472760200500488e-01
8.292207494378089905e-03,-5.918898060917854309e-02,4.834661260247230530e-02,1.443009376525878906e-01,2.907941937446594238e-01
8.315208554267883301e-02,-1.163611412048339844e-01,7.588676363229751587e-02,1.588328927755355835e-01,1.592547595500946045e-01
-3.679692745208740234e-01,-1.280045211315155029e-01,7.606825977563858032e-02,-3.606251478195190430e-01,-3.624752461910247803e-01
-8.982605487108230591e-02,-3.427518606185913086e-01,2.371384799480438232e-01,-1.226777508854866028e-01,-1.343428343534469604e-01
-2.472281269729137421e-02,-2.133800685405731201e-01,-2.467105984687805176e-01,9.108962118625640869e-02,2.029533684253692627e-01
-1.450228840112686157e-01,1.250452399253845215e-01,-6.537229754030704498e-03,-2.107231020927429199e-01,-1.507982909679412842e-01
3.337360173463821411e-02,-2.221996635198593140e-01,-9.285873174667358398e-02,1.304496824741363525e-01,1.631813943386077881e-01
-1.861464232206344604e-01,2.880952954292297363e-01,4.491936862468719482e-01,3.246499598026275635e-02,-1.432785838842391968e-01
-6.710881739854812622e-02,1.688995212316513062e-01,-2.792691588401794434e-01,3.654441237449645996e-02,8.249650150537490845e-02
1.633577495813369751e-01,6.539874244481325150e-03,-3.997873961925506592e-01,2.853837311267852783e-01,-1.508839800953865051e-02
1.727909445762634277e-01,2.140957713127136230e-01,-1.447860896587371826e-01,8.870629221200942993e-02,-2.301713526248931885e-01
-6.596445292234420776e-02,6.876880675554275513e-02,2.650581300258636475e-02,-5.905667692422866821e-02,8.374799787998199463e-02
-3.878398835659027100e-01,4.210245013236999512e-01,-2.849856913089752197e-01,-8.200313895940780640e-02,-3.998320996761322021e-01
-8.226422965526580811e-02,-3.464882075786590576e-02,-2.652158439159393311e-01,-7.177899777889251709e-02,-5.720731243491172791e-02
-2.553808987140655518e-01,1.719425022602081299e-01,-3.542530536651611328e-02,-2.516767084598541260e-01,-2.361102253198623657e-01
8.901783823966979980e-02,2.714268267154693604e-01,6.450863182544708252e-02,3.471735864877700806e-02,-1.135627478361129761e-01
-2.058086991310119629e-01,4.360731318593025208e-02,2.188948839902877808e-01,-3.086507022380828857e-01,-3.644175231456756592e-01
-5.946890264749526978e-02,1.710556000471115112e-01,4.342536628246307373e-01,-6.513001024723052979e-02,-5.732260942459106445e-01
1.163635626435279846e-01,1.573545485734939575e-01,-3.493751883506774902e-01,1.452097147703170776e-01,3.903665021061897278e-02
7.468104362487792969e-02,-1.849541813135147095e-01,-2.629925012588500977e-01,1.889073103666305542e-01,1.201182752847671509e-01
-3.346071243286132812e-01,2.575152218341827393e-01,-1.436272561550140381e-01,-1.990816593170166016e-01,-2.175724804401397705e-01
1.484823077917098999e-01,-2.893783152103424072e-01,-8.757930248975753784e-02,1.487129330635070801e-01,1.768193989992141724e-01
-1.645721495151519775e-01,2.191110141575336456e-02,-5.852063000202178955e-02,-1.971262097358703613e-01,-7.193301618099212646e-02
-2.598870694637298584e-01,4.133784770965576172e-01,2.387949526309967041e-01,-4.064757227897644043e-01,-3.682333528995513916e-01
5.270180478692054749e-02,1.288047134876251221e-01,-6.746973097324371338e-02,9.144109487533569336e-02,5.519239231944084167e-02
-1.666625402867794037e-02,3.007226288318634033e-01,4.210273269563913345e-03,6.810755282640457153e-02,-2.714410796761512756e-02
-3.944519534707069397e-02,2.452242970466613770e-01,4.877606630325317383e-01,-1.434502303600311279e-01,-1.862084418535232544e-01
-8.878543972969055176e-03,2.241698503494262695e-01,1.407337337732315063e-01,-1.015728712081909180e-02,8.761917799711227417e-02
-2.392813265323638916e-01,1.604326069355010986e-01,2.598367035388946533e-01,-1.362987756729125977e-01,-5.574434995651245117e-02
4.827282950282096863e-02,-6.488226354122161865e-02,-1.852611303329467773e-01,-3.332670405507087708e-02,-8.875355869531631470e-02
-8.495491743087768555e-02,1.464105844497680664e-01,9.113239496946334839e-02,-1.704344004392623901e-01,-1.192166283726692200e-01
-1.839962452650070190e-01,2.371374666690826416e-01,2.613418698310852051e-01,-2.146887332201004028e-01,-1.740554571151733398e-01
-1.573851108551025391e-01,2.916210293769836426e-01,1.131312698125839233e-01,-2.324217706918716431e-01,-4.489679932594299316e-01
7.250885665416717529e-02,-1.989981532096862793e-01,9.945649653673171997e-02,7.703527063131332397e-02,9.397547692060470581e-02
-5.540494322776794434e-01,4.287630021572113037e-01,4.819722473621368408e-02,-4.865710139274597168e-01,-4.101760387420654297e-01
-2.126100808382034302e-01,1.634655296802520752e-01,6.612668931484222412e-02,-2.035728543996810913e-01,5.658592283725738525e-02
-2.133207321166992188e-01,2.596423923969268799e-01,3.023416399955749512e-01,7.127127051353454590e-02,-8.017559349536895752e-02
-5.450288653373718262e-01,4.184691011905670166e-01,-5.234335660934448242e-01,-1.736102104187011719e-01,-8.356928080320358276e-02
-2.360113710165023804e-01,1.240295544266700745e-01,-5.687596742063760757e-03,-1.743267774581909180e-01,-1.704555600881576538e-01
-4.654502570629119873e-01,-2.051852196455001831e-01,-9.242036938667297363e-02,-2.416781485080718994e-01,-5.199078842997550964e-02
-7.589912414550781250e-02,3.460499346256256104e-01,5.028363466262817383e-01,6.042861845344305038e-03,-3.329398930072784424e-01
3.293652087450027466e-02,8.774084597826004028e-02,-9.637369960546493530e-02,6.690344214439392090e-02,7.305898517370223999e-02
2.087517976760864258e-01,-2.665426135063171387e-01,-3.223246335983276367e-02,1.544183045625686646e-01,2.300691604614257812e-01
-3.453290462493896484e-02,-9.681363403797149658e-02,-2.963493466377258301e-01,1.631454527378082275e-01,6.399146467447280884e-02
-1.593981832265853882e-01,-2.816057205200195312e-02,3.251108825206756592e-01,-2.180133610963821411e-01,-4.466250166296958923e-02
-2.590261399745941162e-01,1.039903797209262848e-02,2.490107268095016479e-01,-2.055056393146514893e-01,-1.347457617521286011e-01
-2.195918411016464233e-01,2.849629521369934082e-01,1.663268059492111206e-01,-1.375832855701446533e-01,-4.938248917460441589e-02
1.019971966743469238e-01,-1.267000753432512283e-02,-5.608612671494483948e-02,1.613973528146743774e-01,1.061648055911064148e-01
-2.006184011697769165e-01,1.004680544137954712e-01,4.731321707367897034e-02,-1.062751263380050659e-01,-1.804383099079132080e-01
3.237148374319076538e-02,-6.019189953804016113e-03,1.122678164392709732e-03,5.865970626473426819e-02,-1.069414690136909485e-01
-4.640429913997650146e-01,3.622903823852539062e-01,-1.987348049879074097e-01,-3.385366797447204590e-01,-1.735067814588546753e-01
9.105857461690902710e-02,7.164444774389266968e-02,3.862115144729614258e-01,1.283755898475646973e-01,9.480656683444976807e-02
5.202630162239074707e-02,-1.366517972201108932e-02,1.455889493227005005e-01,-1.143766120076179504e-01,4.685288667678833008e-02
-3.632325306534767151e-02,-7.283865660429000854e-02,-1.129382774233818054e-01,5.477848649024963379e-02,-5.774068180471658707e-03
-1.497706770896911621e-01,-4.673815146088600159e-02,-3.605424761772155762e-01,-2.826130948960781097e-02,-1.167858019471168518e-01
9.745312482118606567e-02,-1.992326043546199799e-02,-9.642308950424194336e-02,9.994425624608993530e-02,-5.743786320090293884e-02
1.939504146575927734e-01,-5.686884000897407532e-02,-2.473431825637817383e-02,1.329556107521057129e-01,2.948509752750396729e-01
-1.146620512008666992e-01,1.994043439626693726e-01,2.283103018999099731e-01,-1.959197968244552612e-01,-2.681443281471729279e-02
1.769823729991912842e-01,-1.362532824277877808e-01,1.760282218456268311e-01,1.428945213556289673e-01,1.170699596405029297e-01
-1.672961860895156860e-01,-8.888202905654907227e-02,-5.973456799983978271e-02,3.806746378540992737e-02,1.601519137620925903e-01
-4.115079045295715332e-01,2.839160561561584473e-01,5.051849037408828735e-02,-3.516430556774139404e-01,-3.456422090530395508e-01
-3.272625207901000977e-01,-5.489558354020118713e-02,4.257026687264442444e-02,-2.516309618949890137e-01,1.845264285802841187e-01
1.927178800106048584e-01,-2.511316239833831787e-01,4.068513810634613037e-01,9.221674501895904541e-02,3.320767357945442200e-02
2.008294463157653809e-01,-1.231834813952445984e-01,-3.000478073954582214e-02,1.611906439065933228e-01,1.080338135361671448e-01
1.428613960742950439e-01,6.390232592821121216e-02,-6.138101592659950256e-02,1.199340298771858215e-01,1.321318000555038452e-01
8.107446134090423584e-02,1.003786474466323853e-01,-1.557342410087585449e-01,1.278146356344223022e-01,9.207554906606674194e-02
8.231554925441741943e-02,-2.214214205741882324e-01,-1.139536798000335693e-01,1.361681818962097168e-01,2.104608267545700073e-01
-3.356312513351440430e-01,1.407538652420043945e-01,-2.293538600206375122e-01,-1.497500240802764893e-01,-2.025560885667800903e-01
-2.121657431125640869e-01,1.390352249145507812e-01,2.530845105648040771e-01,-2.115375250577926636e-01,-1.010419800877571106e-01
-9.042187035083770752e-02,1.926663815975189209e-01,-9.300405159592628479e-03,-1.686085760593414307e-01,-2.043663114309310913e-01
-3.864968121051788330e-01,1.579097211360931396e-01,1.720083504915237427e-01,-3.777176439762115479e-01,-2.842669188976287842e-01
-1.570239216089248657e-01,-5.434802547097206116e-02,-2.158137708902359009e-01,-8.372379094362258911e-02,-9.986216574907302856e-02
-3.791732713580131531e-02,-2.571940794587135315e-02,1.239020228385925293e-01,-4.564720019698143005e-02,1.180654838681221008e-01
-1.301259249448776245e-01,6.094272434711456299e-02,1.873723715543746948e-01,-1.978965699672698975e-01,-2.395967096090316772e-01
-1.301478892564773560e-01,2.321541160345077515e-01,8.868617564439773560e-02,-1.283514797687530518e-01,-2.989382743835449219e-01
-4.237281382083892822e-01,5.533396005630493164e-01,-1.681959480047225952e-01,-2.960406839847564697e-01,-3.035714626312255859e-01
3.685443103313446045e-01,-1.012036856263875961e-02,2.891213297843933105e-01,3.659062087535858154e-01,4.450605437159538269e-02
-2.758552432060241699e-01,-1.839360222220420837e-02,-2.011101096868515015e-01,-2.913454771041870117e-01,-1.762531697750091553e-01
-4.067567884922027588e-01,2.384320199489593506e-01,-4.124429076910018921e-02,-2.876488268375396729e-01,-2.121190540492534637e-02
2.875471115112304688e-02,-8.091522008180618286e-02,9.217187017202377319e-02,9.136414527893066406e-02,8.245792239904403687e-02
1.308572590351104736e-01,1.039415225386619568e-01,-4.127680659294128418e-01,4.781289696693420410e-01,-9.159123152494430542e-02
-1.065253987908363342e-01,4.125247895717620850e-01,8.538907766342163086e-02,-1.158301904797554016e-01,-3.825201466679573059e-02
1.335526853799819946e-01,-2.553644180297851562e-01,-1.985425315797328949e-02,1.243336424231529236e-01,3.977678716182708740e-02
-2.677719593048095703e-01,-1.163471341133117676e-01,-4.723120629787445068e-01,-1.365383267402648926e-01,2.211877107620239258e-01
-4.748022928833961487e-02,-1.192302852869033813e-01,-3.454497456550598145e-02,-1.410209387540817261e-01,-1.549722254276275635e-01
-1.751683950424194336e-01,-5.949940904974937439e-02,-1.173211708664894104e-01,-3.575826808810234070e-02,7.143896818161010742e-02
5.325017496943473816e-02,2.050218433141708374e-01,5.729013681411743164e-02,1.212203279137611389e-01,6.878263503313064575e-02
-3.325092196464538574e-01,3.195193409919738770e-01,-6.712340563535690308e-02,-3.596680164337158203e-01,-3.288512527942657471e-01
1.256550475955009460e-02,2.032008767127990723e-01,-3.197144865989685059e-01,1.369090974330902100e-01,3.440215066075325012e-02
1.805702894926071167e-01,-2.370670288801193237e-01,-2.632336616516113281e-01,1.456036567687988281e-01,4.965806379914283752e-02
1.650249660015106201e-01,-2.428768128156661987e-01,8.300708979368209839e-02,-5.444748997688293457e-01,-1.412698775529861450e-01
-3.154954016208648682e-01,2.112711966037750244e-01,-2.607802152633666992e-01,1.078403294086456299e-01,-1.344974786043167114e-01
-4.533474445343017578e-01,3.140279650688171387e-01,8.110623806715011597e-02,1.264714300632476807e-01,-3.739289343357086182e-01
1.679219752550125122e-01,2.881385385990142822e-01,-7.763283252716064453e-01,7.227924466133117676e-01,8.257315754890441895e-01
-1.748698949813842773e-01,3.448951244354248047e-01,-2.057371288537979126e-01,-8.197078853845596313e-02,6.663409993052482605e-03
1.207611411809921265e-01,1.022584214806556702e-01,-3.123641759157180786e-02,9.006205201148986816e-02,-1.208478882908821106e-01
-2.833029627799987793e-01,2.041594684123992920e-01,2.169345319271087646e-01,-1.822872012853622437e-01,-2.112859487533569336e-01
1.441562324762344360e-01,-3.007605075836181641e-01,-1.426760256290435791e-01,9.787750244140625000e-02,2.028548121452331543e-01
-1.552784889936447144e-01,6.406802684068679810e-03,-9.316235780715942383e-02,-1.055416539311408997e-01,-9.362351149320602417e-02
-1.475414633750915527e-01,-1.209319382905960083e-01,-3.310938477516174316e-01,6.163301691412925720e-02,3.342204988002777100e-01
-1.032973676919937134e-01,-1.069250330328941345e-01,-2.903919816017150879e-01,5.199771374464035034e-02,1.375648379325866699e-01
9.144784510135650635e-02,-4.736512154340744019e-02,9.473375231027603149e-02,1.559068560600280762e-01,4.763141646981239319e-02
-2.256915271282196045e-01,2.247024625539779663e-01,1.213537901639938354e-01,-2.352520823478698730e-01,-1.736434251070022583e-01
1.154804378747940063e-01,8.296490460634231567e-02,-1.666213758289813995e-02,3.005793690681457520e-01,1.632254719734191895e-01
1.244252994656562805e-01,-7.268483191728591919e-02,2.183043980039656162e-04,1.706922501325607300e-01,1.371849775314331055e-01
7.343640178442001343e-02,-1.835721880197525024e-01,-1.212060675024986267e-01,1.520771980285644531e-01,1.669455468654632568e-01
-3.387863934040069580e-01,-2.156906127929687500e-01,-4.525783061981201172e-01,-5.816545337438583374e-02,1.269883662462234497e-01
-2.584773004055023193e-01,-1.011794134974479675e-01,-4.470306932926177979e-01,-1.508524715900421143e-01,3.199474141001701355e-02
-6.796007752418518066e-01,-1.442111730575561523e-01,-5.468286871910095215e-01,-3.310917019844055176e-01,-1.574502587318420410e-01
-7.330933213233947754e-01,2.242631278932094574e-02,-5.943210721015930176e-01,-3.048636317253112793e-01,-6.746704876422882080e-02
-4.448930323123931885e-01,-2.750293016433715820e-01,-4.214971363544464111e-01,-7.557059079408645630e-02,-2.406671270728111267e-02
-5.356726646423339844e-01,-1.168901920318603516e-01,-4.788747727870941162e-01,-3.259229362010955811e-01,-1.822827011346817017e-01
-6.955045461654663086e-01,-4.189139232039451599e-02,-5.436297059059143066e-01,-5.221694111824035645e-01,-1.905947774648666382e-01
-4.263792932033538818e-01,-2.757798135280609131e-01,-6.357113122940063477e-01,-2.487567961215972900e-01,1.476469188928604126e-01
4.853039234876632690e-02,-2.164959758520126343e-01,-1.113109663128852844e-01,9.707052260637283325e-02,1.375314295291900635e-01
-6.654534339904785156e-01,9.600916877388954163e-03,-4.655189216136932373e-01,-4.267467558383941650e-01,-3.278042078018188477e-01
-1.932227239012718201e-02,-1.849295496940612793e-01,-2.050188928842544556e-01,5.065091326832771301e-02,6.377831101417541504e-02
-4.584426432847976685e-02,-2.500607371330261230e-01,-1.738315075635910034e-01,7.254522293806076050e-02,2.111352384090423584e-01
-6.883513927459716797e-01,1.615959405899047852e-01,-3.640353083610534668e-01,-5.227046012878417969e-01,-2.883568406105041504e-01
-9.895547479391098022e-02,-1.998557597398757935e-01,-2.412671446800231934e-01,6.116818264126777649e-02,1.580532640218734741e-01
-1.543232500553131104e-01,-2.741346061229705811e-01,-2.282998412847518921e-01,6.213662773370742798e-02,1.911812275648117065e-01
-1.317555606365203857e-01,-2.560783922672271729e-01,-2.897741198539733887e-01,6.012016907334327698e-02,1.509232819080352783e-01
-2.902521789073944092e-01,-2.664806842803955078e-01,-3.621238172054290771e-01,-1.007620710879564285e-02,1.358904540538787842e-01
-3.262553811073303223e-01,-2.080452144145965576e-01,-3.725472092628479004e-01,-8.936903625726699829e-02,8.357936888933181763e-02
2.826486900448799133e-02,-2.055830508470535278e-01,-8.878520131111145020e-02,1.152098923921585083e-01,1.547394394874572754e-01
-7.830840349197387695e-02,-2.737637460231781006e-01,-2.177648246288299561e-01,8.619106560945510864e-02,1.658554226160049438e-01
-4.898163974285125732e-01,-1.443749666213989258e-01,-5.000250935554504395e-01,-1.013211235404014587e-01,5.237977206707000732e-02
-1.452202945947647095e-01,-3.252718150615692139e-01,-2.988800108432769775e-01,7.243094593286514282e-02,1.743328422307968140e-01
-4.202284812927246094e-01,-3.498314023017883301e-01,-5.763261318206787109e-01,1.782908476889133453e-02,2.379344254732131958e-01
-1.867530681192874908e-02,-2.412611097097396851e-01,-1.199760511517524719e-01,1.129787042737007141e-01,1.603470742702484131e-01
-1.254256516695022583e-01,9.722525626420974731e-02,1.685868203639984131e-01,-3.370331972837448120e-02,-4.538362473249435425e-02
-4.384401440620422363e-02,4.764506518840789795e-01,1.919240504503250122e-01,-1.388074010610580444e-01,-2.401947677135467529e-01
1.813942193984985352e-01,1.329420357942581177e-01,-1.513033956289291382e-01,2.732119560241699219e-01,2.098459005355834961e-01
-3.341130167245864868e-02,2.665289342403411865e-01,6.641588639467954636e-03,-6.084115430712699890e-02,-7.560365647077560425e-02
5.386031419038772583e-02,-2.700179442763328552e-02,4.106525182723999023e-01,8.219664543867111206e-02,2.186953127384185791e-01
3.937732279300689697e-01,-6.076132133603096008e-02,-6.260536611080169678e-03,4.324368238449096680e-01,2.202157080173492432e-01
-3.421589732170104980e-01,2.060080915689468384e-01,-7.255761325359344482e-02,-3.295523524284362793e-01,-2.240805327892303467e-01
-8.497887849807739258e-02,2.446075975894927979e-01,-1.633900217711925507e-02,1.318879518657922745e-02,1.480097919702529907e-01
-2.379692494869232178e-01,1.400716900825500488e-01,1.449232399463653564e-01,-2.768250405788421631e-01,-2.249259203672409058e-01
1.715179085731506348e-01,-5.653280764818191528e-03,-2.412116527557373047e-01,1.810795664787292480e-01,1.660416871309280396e-01
-2.752010822296142578e-01,1.702595055103302002e-01,2.076142095029354095e-02,-2.387998551130294800e-01,-2.071309387683868408e-01
-1.452587246894836426e-01,-1.589999794960021973e-01,-2.267912216484546661e-02,-5.312988534569740295e-02,-1.059290319681167603e-01
-2.497247755527496338e-01,2.173969149589538574e-01,1.755308955907821655e-01,-2.578331530094146729e-01,-1.241367608308792114e-01
-1.813502609729766846e-01,3.901120647788047791e-02,-2.174595594406127930e-01,-5.664353817701339722e-02,2.711177058517932892e-02
-3.273696079850196838e-02,8.508967608213424683e-02,-1.642505824565887451e-02,-6.829943973571062088e-03,-5.643531307578086853e-02
8.355873078107833862e-02,-6.288821250200271606e-02,-3.847708553075790405e-02,6.948146969079971313e-02,2.308771312236785889e-01
-1.606984585523605347e-01,-2.925045788288116455e-01,7.338870316743850708e-02,1.528721749782562256e-01,2.267744988203048706e-01
6.000655144453048706e-02,1.655331812798976898e-02,3.715465068817138672e-01,-7.489854097366333008e-02,8.380060642957687378e-02
2.182307988405227661e-01,-1.197387799620628357e-01,-7.647839933633804321e-02,2.474001944065093994e-01,1.651512235403060913e-01
-3.044365644454956055e-01,-1.846949011087417603e-01,-1.096144840121269226e-01,4.105925187468528748e-02,6.484144367277622223e-03
-2.374463714659214020e-02,-9.424798190593719482e-02,2.404087036848068237e-01,-3.165300190448760986e-02,5.477737635374069214e-02
3.323739394545555115e-03,-6.950669735670089722e-02,9.283047914505004883e-02,6.232519168406724930e-03,1.389946416020393372e-02
-2.089992165565490723e-02,1.982138156890869141e-01,1.291485875844955444e-01,-1.088801994919776917e-01,-1.628636121749877930e-01
-1.696012169122695923e-01,-2.001034766435623169e-01,-1.831524819135665894e-01,-1.517529338598251343e-01,-9.018763154745101929e-02
-2.674801051616668701e-01,1.009302437305450439e-01,-1.895233839750289917e-01,-1.161669865250587463e-01,-3.998414054512977600e-02
-2.035557106137275696e-02,1.394296735525131226e-01,-2.500151842832565308e-02,-1.848825216293334961e-01,-8.784052729606628418e-02
-1.434627175331115723e-01,1.444632112979888916e-01,-5.436023473739624023e-01,1.623656749725341797e-01,3.539358377456665039e-01
-3.154594302177429199e-01,7.616287469863891602e-02,-4.886719882488250732e-01,-8.968064188957214355e-02,2.386392652988433838e-01
-1.745975911617279053e-01,1.166386082768440247e-01,-8.133545517921447754e-02,-9.325431287288665771e-02,-7.219430804252624512e-02
-4.248822927474975586e-01,1.863497048616409302e-01,-1.597551107406616211e-01,-3.919029235839843750e-01,-2.083262801170349121e-01
-2.449426800012588501e-01,9.962600655853748322e-03,-9.562126547098159790e-02,-1.862842440605163574e-01,-4.367460012435913086e-01
-1.910557970404624939e-02,2.025407850742340088e-01,-8.824567496776580811e-02,-2.704240009188652039e-02,-2.327215857803821564e-02
-1.363809108734130859e-01,4.066340327262878418e-01,4.235415533185005188e-02,-6.135197728872299194e-02,-1.662119776010513306e-01
1.715157628059387207e-01,6.021621078252792358e-02,4.907194897532463074e-02,4.073465168476104736e-01,6.760658323764801025e-02
1.851757429540157318e-02,1.000110432505607605e-01,-5.415821447968482971e-02,1.236771196126937866e-01,2.129529118537902832e-01
-3.127965033054351807e-01,3.378342986106872559e-01,3.792419284582138062e-02,-2.485431432723999023e-01,-1.866661459207534790e-01
-1.580067873001098633e-01,2.411229610443115234e-01,3.573605045676231384e-02,-2.048283666372299194e-01,-1.048967093229293823e-01
-3.496503829956054688e-01,4.843859970569610596e-01,-3.785796761512756348e-01,-1.977352797985076904e-01,-6.494551151990890503e-02
-5.555562302470207214e-02,1.203972697257995605e-01,3.029773235321044922e-01,2.973266178742051125e-03,-1.411787867546081543e-01
-1.799142062664031982e-01,8.431734889745712280e-02,-4.489361494779586792e-02,-1.980521380901336670e-01,-1.744197309017181396e-01
-3.420305252075195312e-01,2.186055779457092285e-01,-3.540901243686676025e-01,-1.146431267261505127e-01,-4.508232232183218002e-03
-7.961017638444900513e-02,-5.852258950471878052e-02,2.841693460941314697e-01,-1.518166624009609222e-02,1.173867378383874893e-02
-1.193819865584373474e-01,3.051290810108184814e-01,6.462246179580688477e-02,-1.218341812491416931e-01,-1.245895400643348694e-01
-7.992707192897796631e-03,6.194899324327707291e-03,-2.168470174074172974e-01,2.044736407697200775e-02,3.531845519319176674e-03
-1.036841198801994324e-01,-4.497031867504119873e-02,-2.307938933372497559e-01,-7.959959656000137329e-02,6.398257799446582794e-03
-1.578155308961868286e-01,-1.377023309469223022e-01,-2.939417958259582520e-01,-4.550262913107872009e-02,-1.403451897203922272e-02
-4.420112073421478271e-02,-1.021418571472167969e-01,-8.556999266147613525e-02,-7.528761774301528931e-02,-1.455825269222259521e-01
-3.593375086784362793e-01,3.258448559790849686e-03,-3.659194335341453552e-02,-1.135148182511329651e-01,-1.014525517821311951e-01
-6.349612772464752197e-02,-3.198400081600993872e-04,-1.150964722037315369e-01,3.519201278686523438e-02,-1.594794541597366333e-02
-2.935150861740112305e-01,1.889801770448684692e-01,1.366307586431503296e-01,-3.399981260299682617e-01,-1.704050302505493164e-01
-2.101383954286575317e-01,-1.412699967622756958e-01,-1.054923906922340393e-01,-1.130710393190383911e-01,-1.011494398117065430e-01
4.573924466967582703e-02,-1.121482066810131073e-02,1.671567186713218689e-02,4.486499726772308350e-02,1.369269192218780518e-01
1.086106523871421814e-02,-1.953876167535781860e-01,3.226934745907783508e-02,4.612554609775543213e-02,1.172270029783248901e-01
-1.750277131795883179e-01,4.890380054712295532e-02,-1.645410656929016113e-01,-9.876921772956848145e-02,1.111706998199224472e-02
-4.211923107504844666e-02,-2.515730261802673340e-01,4.035289585590362549e-02,9.814421087503433228e-02,2.192733287811279297e-01
-4.210622608661651611e-01,2.455895692110061646e-01,1.041357293725013733e-01,-1.892374157905578613e-01,-3.278545737266540527e-01
-1.540061682462692261e-01,3.158895671367645264e-01,1.727475551888346672e-03,-1.591261625289916992e-01,-2.466878890991210938e-01
-3.545526266098022461e-01,-5.102410912513732910e-03,2.444122135639190674e-01,-3.637296557426452637e-01,9.859848022460937500e-02
1.237995326519012451e-01,2.048423439264297485e-01,1.368383690714836121e-02,-1.161293610930442810e-01,-1.674244850873947144e-01
3.160180449485778809e-01,-1.500988751649856567e-01,-2.421334944665431976e-02,1.464093327522277832e-01,2.125446796417236328e-01
1.690479516983032227e-01,-9.910251200199127197e-02,-1.655654609203338623e-02,1.513922065496444702e-01,8.203449845314025879e-02
4.285158216953277588e-02,-4.007364511489868164e-01,4.754624795168638229e-03,-1.322046387940645218e-02,-9.018927812576293945e-02
-9.346201270818710327e-02,-1.940716654062271118e-01,-2.488425523042678833e-01,1.180267184972763062e-01,-2.593637704849243164e-01
1.251312345266342163e-01,-8.582480251789093018e-02,-3.751775994896888733e-02,2.209172993898391724e-01,2.765550017356872559e-01
-2.245970256626605988e-02,-8.887858688831329346e-02,6.963774561882019043e-02,4.751541838049888611e-02,1.624915301799774170e-01
-2.612738311290740967e-01,1.797942817211151123e-01,5.071875452995300293e-02,-2.137784510850906372e-01,-1.541486680507659912e-01
-2.210859060287475586e-01,1.741937845945358276e-01,-6.247510761022567749e-02,-9.499516338109970093e-02,-1.729559153318405151e-01
-1.677738577127456665e-01,1.354136317968368530e-01,-9.005615860223770142e-02,-2.065673172473907471e-01,-1.530301664024591446e-02
-3.921355307102203369e-01,3.609747290611267090e-01,-9.263764321804046631e-02,-3.671839833259582520e-01,-4.167784750461578369e-01
2.640134990215301514e-01,1.502754837274551392e-01,3.089495301246643066e-01,8.861672133207321167e-02,-2.357316166162490845e-01
2.720748782157897949e-01,-1.928106993436813354e-01,5.571018159389495850e-02,2.701059579849243164e-01,2.185769975185394287e-01
-7.127117365598678589e-02,3.186174333095550537e-01,4.468793421983718872e-02,-1.789229512214660645e-01,-2.109388113021850586e-01
5.356591567397117615e-02,7.926069200038909912e-03,2.438329905271530151e-02,9.668762981891632080e-02,6.279475521296262741e-03
-3.329637274146080017e-02,-8.536535501480102539e-02,6.268514990806579590e-01,-2.433266490697860718e-01,-2.108720391988754272e-01
1.239671334624290466e-01,1.382487565279006958e-01,7.337619662284851074e-01,7.874858379364013672e-02,-2.288806140422821045e-01
-8.559413254261016846e-02,2.497192770242691040e-01,1.882470026612281799e-02,-9.557676315307617188e-02,-2.644374668598175049e-01
3.890922293066978455e-02,-9.783909469842910767e-02,1.734928488731384277e-01,6.644271314144134521e-02,8.017577975988388062e-02
-4.465644061565399170e-01,2.888610064983367920e-01,-2.778726816177368164e-01,-3.019389808177947998e-01,-2.347765862941741943e-01
-6.645500659942626953e-02,8.550732396543025970e-03,-9.709348529577255249e-02,-8.644648641347885132e-02,-6.424518674612045288e-02
6.203707680106163025e-02,-8.343949168920516968e-02,1.026416644454002380e-01,-8.157561533153057098e-03,1.515263468027114868e-01
-9.497839212417602539e-02,1.535391509532928467e-01,7.293818891048431396e-02,-1.702733221463859081e-03,-1.888244040310382843e-02
-2.317702174186706543e-01,4.291911423206329346e-01,-1.678910255432128906e-01,-5.189696326851844788e-02,-2.284415364265441895e-01
7.911312580108642578e-02,3.244349062442779541e-01,-2.117946892976760864e-01,2.580671608448028564e-01,1.391801983118057251e-01
1.187726575881242752e-02,1.445823311805725098e-01,1.709602475166320801e-01,-4.199480265378952026e-02,9.555493295192718506e-02
-1.359570324420928955e-01,1.473879963159561157e-01,3.583250343799591064e-01,-2.455219626426696777e-01,-2.260641604661941528e-01
-1.117385327816009521e-01,7.144931703805923462e-02,-4.469055235385894775e-01,-4.642184078693389893e-02,1.486765872687101364e-02
-1.059348657727241516e-01,4.679402410984039307e-01,-2.372794747352600098e-01,-3.549110516905784607e-02,2.034573256969451904e-01
3.668018877506256104e-01,6.196116656064987183e-02,2.373962402343750000e-01,1.549838930368423462e-01,2.982548065483570099e-02
-1.213344410061836243e-01,1.654523015022277832e-01,-5.175288766622543335e-03,-1.221810504794120789e-01,-6.753716617822647095e-02
-1.499269902706146240e-01,3.220383822917938232e-01,-2.709560990333557129e-01,-2.161904126405715942e-01,-1.329871714115142822e-01
-2.547790706157684326e-01,1.139179337769746780e-02,2.927443683147430420e-01,-1.446621865034103394e-01,-2.813222706317901611e-01
-4.275599122047424316e-01,2.177001386880874634e-01,-4.570772349834442139e-01,-2.211856245994567871e-01,-1.886282861232757568e-01
-1.670012250542640686e-02,2.138670086860656738e-01,3.754101693630218506e-01,-1.565601676702499390e-01,-2.660122811794281006e-01
-2.389393448829650879e-01,-4.302093386650085449e-02,1.519347876310348511e-01,4.803667590022087097e-02,-1.329518258571624756e-01
-2.693151831626892090e-01,7.513941824436187744e-02,-3.534112498164176941e-02,-1.003938615322113037e-01,-2.424733042716979980e-01
-3.830413222312927246e-01,6.292606890201568604e-02,9.475699812173843384e-02,-2.651129364967346191e-01,-3.475387692451477051e-01
-6.583826243877410889e-02,4.701126366853713989e-02,-2.565116882324218750e-01,3.423018008470535278e-02,-5.213841050863265991e-02
-8.966431021690368652e-02,1.553068161010742188e-01,-9.306594729423522949e-02,-8.313402533531188965e-02,-5.037367343902587891e-02
-2.358976602554321289e-01,6.215995922684669495e-02,-2.613476812839508057e-01,-1.598882526159286499e-01,-2.303201407194137573e-01
-2.148206681013107300e-01,2.515648305416107178e-01,-1.215759813785552979e-01,-1.948027014732360840e-01,-1.309051662683486938e-01
-3.011313974857330322e-01,2.317034900188446045e-01,3.397873044013977051e-01,-4.161686599254608154e-01,-3.597873449325561523e-01
-7.673043012619018555e-02,5.595945194363594055e-02,-1.111484766006469727e-01,1.558950394392013550e-01,-1.043567508459091187e-01
1.525436639785766602e-01,1.046792715787887573e-01,-3.571356236934661865e-01,2.043629437685012817e-01,2.745369672775268555e-01
-6.454759836196899414e-01,-3.724829256534576416e-01,-6.291813850402832031e-01,-6.676928699016571045e-02,-2.323526144027709961e-01
-1.636144667863845825e-01,1.340212523937225342e-01,5.502323061227798462e-02,-2.560532689094543457e-01,-3.054182231426239014e-01
-1.273883432149887085e-01,2.683889567852020264e-01,2.285554260015487671e-02,2.958998456597328186e-02,8.173017948865890503e-02
1.722981780767440796e-01,2.044998705387115479e-01,3.927809000015258789e-02,2.855676971375942230e-02,2.117709070444107056e-02
1.308054625988006592e-01,-2.779132127761840820e-02,1.363203376531600952e-01,8.685613423585891724e-02,7.683141529560089111e-02
1.098257955163717270e-02,-3.448216021060943604e-01,5.650472268462181091e-02,-1.180175393819808960e-01,-2.587693333625793457e-01
2.057455033063888550e-01,1.020727679133415222e-01,7.440002262592315674e-02,1.423901319503784180e-01,1.267918050289154053e-01
-1.457322388887405396e-01,-1.422687917947769165e-01,-5.124307870864868164e-01,-3.237765282392501831e-02,-2.791008949279785156e-01
5.269967317581176758e-01,5.384374409914016724e-02,6.273910403251647949e-01,7.984430193901062012e-01,4.141657054424285889e-01
7.285009324550628662e-02,1.653802692890167236e-01,1.233593672513961792e-01,-6.956404447555541992e-02,-1.614982932806015015e-01
5.493672564625740051e-02,8.606425672769546509e-02,3.619536757469177246e-02,2.639376185834407806e-02,-1.557335443794727325e-02
2.657995522022247314e-01,-2.953295409679412842e-01,1.998084485530853271e-01,2.309245020151138306e-01,1.229970380663871765e-01
-6.883335858583450317e-02,3.592224419116973877e-02,1.361204385757446289e-01,1.296672224998474121e-02,-4.744876921176910400e-02
-4.495203029364347458e-03,-1.676371693611145020e-01,-8.655439317226409912e-02,-1.935419589281082153e-01,-1.800661683082580566e-01
-1.581246256828308105e-01,-1.946930140256881714e-01,-1.471795141696929932e-01,-4.428148642182350159e-02,1.001402586698532104e-01
6.554009020328521729e-02,4.872272908687591553e-02,3.595524132251739502e-01,-6.558666378259658813e-02,-8.586675673723220825e-02
-2.054782360792160034e-01,-5.011034384369850159e-02,6.273089647293090820e-01,-3.325459361076354980e-01,-2.496751397848129272e-01
-6.096312403678894043e-01,3.100766837596893311e-01,2.616160549223423004e-02,-5.329882502555847168e-01,-2.834961712360382080e-01
-1.794528514146804810e-01,3.611566722393035889e-01,-3.187369788065552711e-03,-6.106437742710113525e-02,2.847839705646038055e-02
-1.152462810277938843e-01,2.784783020615577698e-03,-2.406551092863082886e-01,-1.455432474613189697e-01,-1.049553155899047852e-01
-3.595978021621704102e-01,3.784539103507995605e-01,-3.631931543350219727e-01,-4.034222662448883057e-01,-1.095711961388587952e-01
-6.758873164653778076e-02,5.337706208229064941e-01,-6.875199824571609497e-02,-3.549518587533384562e-04,2.604472078382968903e-02
-3.527560532093048096e-01,2.717042267322540283e-01,1.035560369491577148e-01,-3.056745529174804688e-01,-2.862854003906250000e-01
2.262677997350692749e-01,3.031916320323944092e-01,-5.122736096382141113e-02,9.766571223735809326e-02,1.070384751074016094e-03
-1.879501491785049438e-01,1.517679989337921143e-01,-1.480907499790191650e-01,-1.759703904390335083e-01,-1.824448406696319580e-01
-9.161900728940963745e-02,1.752052605152130127e-01,-2.594860196113586426e-01,-3.690702468156814575e-02,9.823068045079708099e-03
-2.558036744594573975e-01,-2.070643901824951172e-01,-2.532014809548854828e-02,-1.689089238643646240e-01,6.106031313538551331e-02
-2.976885437965393066e-01,-1.918506622314453125e-01,-1.110592633485794067e-01,-3.547670245170593262e-01,-3.902235627174377441e-01
-2.193252444267272949e-01,5.153334513306617737e-02,-1.463249921798706055e-01,-1.222792193293571472e-01,-2.451083511114120483e-01
-3.793313503265380859e-01,2.039593756198883057e-01,-8.951018750667572021e-02,-2.228954136371612549e-01,-1.472264528274536133e-01
-1.211172528564929962e-02,2.850826829671859741e-02,-5.863323342055082321e-03,-2.583726942539215088e-01,-2.231325656175613403e-01
1.388735324144363403e-01,-1.642004549503326416e-01,-1.582049205899238586e-02,1.563583314418792725e-01,1.175365969538688660e-01
-2.217760831117630005e-01,3.223657906055450439e-01,-8.069305121898651123e-02,-1.822985410690307617e-01,-1.294243782758712769e-01
-1.806529313325881958e-01,4.695062525570392609e-03,-5.738008022308349609e-02,-1.709606498479843140e-02,3.482840061187744141e-01
-2.690434753894805908e-01,3.127427697181701660e-01,5.867296457290649414e-02,-2.546840012073516846e-01,-2.977633476257324219e-01
-5.776064470410346985e-02,1.866646856069564819e-01,8.863040804862976074e-02,-1.899253875017166138e-01,-1.823570728302001953e-01
1.692898571491241455e-01,-2.804524898529052734e-01,4.684014990925788879e-02,1.597169041633605957e-01,1.618652641773223877e-01
2.078149765729904175e-01,-2.882734313607215881e-02,6.141721606254577637e-01,9.147483110427856445e-02,-1.058717593550682068e-01
-3.708552941679954529e-02,-4.190766513347625732e-01,5.397054553031921387e-01,-2.387343943119049072e-01,-5.243899822235107422e-01
1.521227806806564331e-01,-4.927809536457061768e-01,6.892140209674835205e-02,8.343624323606491089e-02,1.694547198712825775e-02
1.878320872783660889e-01,-5.745837092399597168e-01,2.502633817493915558e-02,1.222787350416183472e-01,7.468030601739883423e-02
-2.384422421455383301e-01,5.352372676134109497e-02,-3.649431467056274414e-02,-3.335596919059753418e-01,-1.475319862365722656e-01
-1.934341192245483398e-01,1.637129485607147217e-01,-9.405241161584854126e-02,-1.470144242048263550e-01,-2.446101605892181396e-01
8.247286081314086914e-03,-1.549808830022811890e-01,-9.843713603913784027e-03,-1.307163685560226440e-01,3.984014689922332764e-02
-2.181779593229293823e-01,4.715220071375370026e-03,-6.843602657318115234e-02,-1.935259997844696045e-01,-1.468358337879180908e-01
-8.306428790092468262e-02,7.497797906398773193e-02,-3.346447832882404327e-03,-1.166949197649955750e-01,-8.198158442974090576e-02
3.442605435848236084e-01,6.646715849637985229e-02,1.088793277740478516e-01,3.230289816856384277e-01,3.351914286613464355e-01
-6.827041506767272949e-02,1.710825413465499878e-01,1.893463432788848877e-01,1.806371286511421204e-02,2.749506533145904541e-01
2.778673470020294189e-01,-1.452501267194747925e-01,1.566577553749084473e-01,2.816799879074096680e-01,2.262782752513885498e-01
-4.033652693033218384e-02,1.969556063413619995e-01,3.579830750823020935e-02,-1.640541702508926392e-01,-8.544211834669113159e-02
1.468703150749206543e-01,-1.486093997955322266e-01,-3.561813533306121826e-01,3.038131892681121826e-01,1.371839046478271484e-01
2.012234553694725037e-02,5.395495891571044922e-02,3.845651820302009583e-02,2.081323117017745972e-01,1.045195609331130981e-01
-9.702110663056373596e-03,4.101681336760520935e-02,9.744301438331604004e-02,3.080388344824314117e-02,-1.578108668327331543e-01
-2.086752206087112427e-01,1.323893014341592789e-02,-3.495442271232604980e-01,-9.595163911581039429e-02,8.386763930320739746e-02
6.911909207701683044e-03,9.470469504594802856e-02,1.270657926797866821e-01,-8.364792168140411377e-02,-1.772951036691665649e-01
-1.637195199728012085e-01,-7.979153096675872803e-02,1.301662623882293701e-01,-2.788611352443695068e-01,-2.929899394512176514e-01
1.388173848390579224e-01,-1.385366320610046387e-01,-4.108352214097976685e-02,1.897125989198684692e-01,1.980007439851760864e-01
1.775920391082763672e-02,2.887774705886840820e-01,-3.314888477325439453e-01,1.240410283207893372e-02,1.046989262104034424e-01
-7.944310782477259636e-04,5.510624051094055176e-01,-1.728996634483337402e-02,-6.430546939373016357e-02,-1.126513257622718811e-01
-3.070899844169616699e-02,4.040126875042915344e-02,9.414972364902496338e-02,2.535874489694833755e-03,6.349105387926101685e-02
5.314473807811737061e-02,-9.698947519063949585e-02,5.069949105381965637e-02,1.561960875988006592e-01,4.645577669143676758e-01
3.128564218059182167e-03,2.279727011919021606e-01,4.934894666075706482e-02,5.294267833232879639e-02,-4.392678849399089813e-03
8.731509745121002197e-02,1.842591166496276855e-01,1.062197890132665634e-02,5.050455406308174133e-02,-1.129335090517997742e-01
-7.749251276254653931e-02,2.142993807792663574e-01,-5.177641510963439941e-01,8.814822137355804443e-02,3.681477531790733337e-02
-2.012275457382202148e-01,-5.597355961799621582e-02,-2.595323324203491211e-01,-2.641107141971588135e-01,-4.210262000560760498e-01
-1.596786826848983765e-01,1.064478792250156403e-02,1.206429079174995422e-01,-2.610687017440795898e-01,-6.531587988138198853e-02
4.173447191715240479e-02,1.152491718530654907e-01,6.470497697591781616e-02,-1.315997242927551270e-01,-1.092344000935554504e-01
1.861097961664199829e-01,-3.226360678672790527e-02,-3.140701651573181152e-01,1.444226950407028198e-01,6.484936177730560303e-02
-3.016462326049804688e-01,2.323450446128845215e-01,-3.087350912392139435e-02,-1.924272775650024414e-01,-3.233382403850555420e-01
-2.068175524473190308e-01,9.654936939477920532e-02,1.058960780501365662e-01,-1.052811145782470703e-01,-1.685743480920791626e-01
-1.630194485187530518e-01,2.870997488498687744e-01,1.680521816015243530e-01,-4.210758954286575317e-02,-1.421777307987213135e-01
-3.350707590579986572e-01,3.297907412052154541e-01,-3.615598976612091064e-01,-1.523875445127487183e-01,-3.185897767543792725e-01
-2.248010039329528809e-01,2.308426648378372192e-01,-4.693638533353805542e-02,-9.322729706764221191e-02,2.558463811874389648e-02
-3.428989648818969727e-01,4.921401664614677429e-02,-2.939773797988891602e-01,-4.075189530849456787e-01,-2.487529814243316650e-01
-5.181303024291992188e-01,-4.758271947503089905e-02,-6.672637909650802612e-02,-2.711538076400756836e-01,2.752657420933246613e-02
1.044180914759635925e-01,-1.151473820209503174e-01,-1.899121701717376709e-02,1.505382955074310303e-01,1.385773420333862305e-01
1.020264923572540283e-01,1.167496852576732635e-02,-2.783415317535400391e-01,7.571507245302200317e-02,6.212868914008140564e-02
-5.611532554030418396e-02,1.093976423144340515e-01,-2.028346806764602661e-01,-1.865636557340621948e-01,-2.243120223283767700e-01
8.834305405616760254e-02,3.555097281932830811e-01,3.195017576217651367e-01,-4.554869607090950012e-02,6.420556455850601196e-02
1.281752437353134155e-01,-3.408288061618804932e-01,-2.456583827733993530e-02,1.523923575878143311e-01,1.135030388832092285e-01
1.799282580614089966e-01,-2.768886089324951172e-01,1.109941955655813217e-02,1.268798410892486572e-01,2.843420505523681641e-01
-2.504173517227172852e-01,1.950952857732772827e-01,-1.057140007615089417e-01,-1.438316106796264648e-01,5.247879400849342346e-02
-2.502163350582122803e-01,6.380519270896911621e-02,-1.271733790636062622e-01,-1.617923825979232788e-01,2.213896811008453369e-01
6.281854212284088135e-02,-1.003250386565923691e-02,3.718256354331970215e-01,2.691140584647655487e-02,-1.670485287904739380e-01
1.464656144380569458e-01,-1.869965940713882446e-01,-8.289798349142074585e-02,1.159142628312110901e-01,6.416779756546020508e-02
-1.302795708179473877e-01,2.692508995532989502e-01,3.497834801673889160e-01,-6.580275297164916992e-02,-2.438708394765853882e-01
-2.943101525306701660e-01,1.967096626758575439e-01,2.688926178961992264e-03,-2.930295169353485107e-01,-4.341477528214454651e-02
-3.420613706111907959e-01,1.667226701974868774e-01,-1.847409009933471680e-01,-2.119177728891372681e-01,-1.956987679004669189e-01
5.216484423726797104e-03,2.077213972806930542e-01,-2.001806944608688354e-01,2.031559646129608154e-01,6.780467182397842407e-02
-1.750497072935104370e-01,2.666842043399810791e-01,6.503899116069078445e-03,-1.869860589504241943e-01,-1.769598275423049927e-01
-5.520274490118026733e-02,-2.225985564291477203e-02,-3.433927521109580994e-02,-1.066913753747940063e-01,-5.574631318449974060e-02
-1.245999634265899658e-01,-5.511370673775672913e-02,-2.663879096508026123e-01,-1.316102147102355957e-01,-2.549225091934204102e-01
-3.560474608093500137e-03,1.153719350695610046e-01,-1.915813833475112915e-01,2.822636440396308899e-02,7.457097619771957397e-02
-1.243913844227790833e-01,2.028407156467437744e-01,1.299281790852546692e-02,-8.177084475755691528e-02,-1.925157755613327026e-01
-8.884330093860626221e-02,7.495525479316711426e-02,-1.777069121599197388e-01,-1.577755361795425415e-01,-1.267493367195129395e-01
3.667068481445312500e-02,-1.594111174345016479e-01,-2.932384908199310303e-01,1.660930737853050232e-02,-1.426682025194168091e-01
4.352635890245437622e-02,2.932049632072448730e-01,1.080932840704917908e-01,-3.661076352000236511e-02,-2.400550544261932373e-01
2.250791192054748535e-01,6.510058790445327759e-02,-6.434466242790222168e-01,3.534884452819824219e-01,4.482877254486083984e-01
6.868238747119903564e-02,2.906781733036041260e-01,1.346541494131088257e-01,-1.053649932146072388e-01,7.886961102485656738e-03
9.396705031394958496e-02,-5.909473076462745667e-02,-6.817410886287689209e-02,1.449201107025146484e-01,1.204982772469520569e-01
1.905463784933090210e-01,9.770508110523223877e-02,-2.173275947570800781e-01,3.325276672840118408e-01,1.863708049058914185e-01
-1.405012095347046852e-03,4.215420484542846680e-01,-1.309356987476348877e-01,-1.736243814229965210e-01,2.916964888572692871e-01
-1.190667226910591125e-01,1.528061330318450928e-01,-1.159493476152420044e-01,-1.986639052629470825e-01,-1.085165739059448242e-01
-3.522979468107223511e-02,1.345725357532501221e-01,-3.465886414051055908e-02,-6.036154925823211670e-02,-2.781662940979003906e-01
-2.037171274423599243e-01,2.062213718891143799e-01,1.049195528030395508e-01,4.629009217023849487e-02,-2.092595444992184639e-03
7.067453581839799881e-03,-7.494749128818511963e-02,1.574327200651168823e-01,1.338881403207778931e-01,-2.056377083063125610e-01
1.339677870273590088e-01,1.319389343261718750e-01,-1.093039885163307190e-01,1.696016192436218262e-01,1.717357188463211060e-01
2.568758428096771240e-01,3.503240644931793213e-02,-7.387474924325942993e-02,2.871513366699218750e-01,1.937341243028640747e-01
-1.700135022401809692e-01,2.892226539552211761e-02,-7.094343006610870361e-02,-2.739526331424713135e-01,-2.206989228725433350e-01
-5.902311950922012329e-02,3.364941775798797607e-01,9.875204414129257202e-02,-2.282370626926422119e-01,-2.753352820873260498e-01
-1.985739618539810181e-01,-1.158282607793807983e-01,4.479210078716278076e-02,-1.678009778261184692e-01,-1.712113022804260254e-01
1.552944537252187729e-02,-3.262462019920349121e-01,3.080643713474273682e-02,1.448255479335784912e-01,1.155174523591995239e-01
-5.307503342628479004e-01,6.932668387889862061e-02,-3.162588775157928467e-01,-3.297760188579559326e-01,-4.747224971652030945e-03
-3.176928460597991943e-01,2.655869536101818085e-02,1.019464805722236633e-01,-3.746447563171386719e-01,-4.494300484657287598e-01
-4.475364685058593750e-01,1.873595416545867920e-01,-4.495654106140136719e-01,-1.814422309398651123e-01,-1.067357361316680908e-01
3.010266423225402832e-01,-1.241403371095657349e-01,-8.476832881569862366e-04,2.366567999124526978e-01,2.588680684566497803e-01
4.618231952190399170e-01,-5.362679958343505859e-01,3.273989632725715637e-02,2.832219898700714111e-01,2.191895842552185059e-01
-5.758940801024436951e-02,2.997795939445495605e-01,-2.827052026987075806e-02,-1.178354918956756592e-01,-9.210583567619323730e-02
5.621094256639480591e-02,-2.328653447329998016e-02,4.862521216273307800e-02,1.408038884401321411e-01,2.328751049935817719e-02
2.891014516353607178e-02,-2.748315595090389252e-02,1.449649035930633545e-02,8.864615857601165771e-02,9.111043065786361694e-03
3.312826156616210938e-02,-1.802115887403488159e-02,-2.566083148121833801e-02,1.498767584562301636e-01,2.904406376183032990e-02
-1.836544871330261230e-01,1.655543148517608643e-01,-2.251434922218322754e-01,-2.516157329082489014e-01,-9.262254834175109863e-02
-1.307123899459838867e-01,1.692376583814620972e-01,1.744669228792190552e-01,-1.577594280242919922e-01,-1.801134347915649414e-01
1.934646517038345337e-01,-1.348333507776260376e-01,-1.354386359453201294e-01,1.335165947675704956e-01,-3.830169886350631714e-02
2.141877077519893646e-02,-2.522337809205055237e-02,4.553324580192565918e-01,-2.403357774019241333e-01,-6.677498575299978256e-03
1.381534188985824585e-01,-3.787333145737648010e-02,-6.567629426717758179e-02,2.264185696840286255e-01,1.627025902271270752e-01
-8.236198872327804565e-02,-7.004646211862564087e-02,3.794540883973240852e-03,-1.620397530496120453e-02,1.104375794529914856e-01
-1.171780228614807129e-01,-7.998061925172805786e-02,2.680979855358600616e-02,-1.363646239042282104e-01,3.166974708437919617e-02
-1.446034163236618042e-01,8.661255240440368652e-02,-1.409516930580139160e-01,-1.587006151676177979e-01,-8.351936191320419312e-02
4.145280420780181885e-01,2.256792336702346802e-01,4.225685894489288330e-01,1.302827447652816772e-01,-2.556809484958648682e-01
4.916565120220184326e-02,1.393770128488540649e-01,1.275820732116699219e-01,-3.123362362384796143e-02,-1.741782426834106445e-01
-1.233429014682769775e-01,2.128670215606689453e-01,-1.622145920991897583e-01,-9.720572084188461304e-02,5.036379769444465637e-02
-4.450481012463569641e-02,-3.406562283635139465e-02,-5.789707601070404053e-02,2.951139770448207855e-02,3.080546483397483826e-02
-1.007192805409431458e-01,3.123190104961395264e-01,1.388565897941589355e-01,-1.257534474134445190e-01,-2.231369763612747192e-01
-1.345672458410263062e-01,2.657451927661895752e-01,3.422832814976572990e-04,-9.595772624015808105e-02,-2.650609016418457031e-01
-1.567502766847610474e-01,-8.468592911958694458e-02,-6.876219063997268677e-02,5.203048139810562134e-02,-8.756535500288009644e-02
9.677020460367202759e-02,-9.961222857236862183e-02,-5.611634626984596252e-02,1.692356169223785400e-01,1.083628907799720764e-01
-4.841013550758361816e-01,2.142256945371627808e-01,7.439897861331701279e-03,-3.913018405437469482e-01,-1.308009624481201172e-01
-5.136550068855285645e-01,-2.877992689609527588e-01,-3.102208077907562256e-01,-1.248988509178161621e-02,-2.829855978488922119e-01
-2.670896649360656738e-01,1.956914216279983521e-01,3.332625841721892357e-03,-1.932005435228347778e-01,-2.321772128343582153e-01
-1.503962576389312744e-01,1.642571240663528442e-01,-3.660561740398406982e-01,-2.308551222085952759e-02,3.572608903050422668e-02
-5.375137329101562500e-01,1.249020919203758240e-01,-5.359866023063659668e-01,-4.790484011173248291e-01,-5.665162578225135803e-02
2.013657391071319580e-01,1.014783531427383423e-01,-1.821247488260269165e-01,3.709696531295776367e-01,1.199251785874366760e-01
-2.862172722816467285e-01,1.020430400967597961e-01,3.452318608760833740e-01,-2.051208466291427612e-01,-3.577832281589508057e-01
-1.153545156121253967e-01,1.299256086349487305e-01,2.035554349422454834e-01,-9.455620497465133667e-02,-2.511776387691497803e-01
1.596474647521972656e-02,-5.530032515525817871e-02,-1.433190256357192993e-01,2.651916630566120148e-02,-5.329717695713043213e-02
-1.268007904291152954e-01,2.037629932165145874e-01,2.428559213876724243e-02,-1.261895298957824707e-01,-1.886600255966186523e-01
-1.205519884824752808e-01,1.641500294208526611e-01,5.913156084716320038e-03,-8.190536499023437500e-02,-9.972212463617324829e-02
-3.904165327548980713e-01,-1.326110661029815674e-01,-3.156952261924743652e-01,-1.287639290094375610e-01,2.710624970495700836e-02
