1135,2,,,,
0,0,0,0,0,0
0,0,0,0,0,0
0.024260597,0.398135773,0.855549512,1.440627054,1.234755196,0.691406359
0.000137219,0,0,0,0.303409771,1.027439719
0,0,0,0,0,0
0,0,0,0,0,0
0,0,0,0,0,0
0.000482848,0.582899857,0.891593769,0.600114329,0.248119808,-0.005974089
3.20E-05,0,-0.005662322,-0.486900877,-1.45937474,-2.577101073
0,0,0,0,0,0
1.29E-05,0,-0.011063966,-0.238978316,-0.723843928,-0.949076451
-1.43E-05,-0.065767098,-0.341982637,-1.084116288,-2.09206651,-2.844660326
-0.001600171,-0.123883494,-0.078939376,-0.882938011,-1.422864721,-2.482523331
0,0,0,0,0,0
6.11E-05,-0.001493937,-0.014140286,0,0,1.456666034
3.81E-05,0,0.009342168,0.016894487,0.107435737,0.80799272
4.58E-05,-0.001767325,-0.228276524,-0.350296181,-0.422316619,-0.908376024
0,0,0,0,0,0
0,0,0,0,0,0
-0.001823755,0,0,0.184294728,0.567591048,1.685928648
-0.000274899,0,0.024962552,0.743583695,1.484373893,2.170195635
0,0,0,0,0,0
0,0,0,0,0,0
7.75E-05,0,-0.247653902,-0.614117459,-0.733979945,-0.515128148
0.057593988,0.754273632,0.611503614,0.19280983,0.247578211,0.784632269
0,0,0,0,0,0
0,0,0,0,0,0
-0.000596047,-0.10399047,-0.164923248,-0.988233034,-1.532226182,-2.230175477
-0.000429819,0,0,0.005423582,0.883651201,2.564152558
0,0,0,0,0,0
0,0,0,0,0,0
-0.000129444,0,0,0.066760764,0.597541808,1.909398172
-0.000326678,0,-0.008079783,-0.201525966,-0.881521108,-3.013511932
5.72E-05,0,-0.00428857,-0.498861809,-1.155608458,-2.198900606
-4.62E-05,-0.082463505,-0.311347062,-0.65170911,-0.854606514,-0.78460222
-0.00044089,-0.291927736,-0.729892306,-1.711135076,-2.414470716,-2.746218505
0.000267283,0,-0.001178215,-0.277379632,-1.03890865,-3.004265166
0,0,0,0,0,0
5.09E-05,0,1.244141101,3.585976548,4.86737022,5.620592856
1.05E-05,0,0,-0.337876653,-0.913912722,-1.603230531
0.000152046,0.794829164,2.226212781,3.201189521,3.854055898,4.543262187
0.000299472,0.622735186,0.835520511,0.062526589,-1.041991828,-3.160493406
6.36E-05,-0.113292911,-0.401961745,-0.878302908,-1.28142367,-2.070002857
0,0,0,0,0,0
-0.000577406,0,-0.022995993,-0.1552335,-0.610513852,-1.394887969
-4.74E-05,0,0.146938441,0.921500296,2.021371213,3.476684857
-0.003048305,0,-0.257307041,1.056930033,3.161364985,3.23750116
0.000120383,-0.086761546,-0.484804932,-0.781589742,-1.030244221,-1.467780048
-0.000452986,0,0,-0.156873917,-0.736520492,-1.538259793
-0.000286473,-0.227310232,-0.848657973,-1.567256132,-2.247180882,-2.75683419
0.000985757,1.089456191,2.608836776,3.846316248,4.003209415,4.685469167
0,0,0,0,0,0
0.000141266,0.191192364,0.59972819,1.115939388,1.515663546,2.328500614
0.011146943,0.067423016,0.311364821,0.368209835,0.013819264,0.616855966
0.000229028,0,0.083316643,0.239193468,0.601340995,1.795053342
0,0,0,0,0,0
0,0,0,0,0,0
0.000212552,0.042986159,0.267635421,0.585525567,1.352405557,2.335266316
0,0,0,0,0,0
9.72E-05,0,-0.023694495,-0.34762443,-0.884398104,-1.966454885
-0.000359758,-0.00783416,0,-0.003116259,-0.407576465,-1.810620633
0.000102736,0,-0.046026471,-0.58181996,-0.744142192,-1.141093356
8.57E-05,0,0,0.016670709,0,0.73533897
0,0,0,0,0,0
-0.000291387,0.025804382,0.564523317,1.041973508,1.467411405,1.828366257
-5.32E-05,-0.091049996,-0.353753672,-0.609176175,-1.00440504,-1.786087714
0,0,0,0,0,0
0,0,0,0,0,0
0,0,0,0,0,0
-0.000252567,-0.009390846,-0.617214399,-1.024901376,-1.385048632,-2.325630751
-0.020585085,-0.128237882,-0.398927848,-0.474249107,-0.462346395,-0.039633364
0.980515897,3.20599631,3.660950517,3.269897263,3.057161302,3.268750817
-9.43E-05,1.065460425,4.065089009,6.701758437,7.353262572,7.234135136
-0.000124523,1.11384859,4.126751785,6.568251285,7.459054249,7.324223988
-3.76E-05,1.095686218,4.214267055,6.659727415,7.497904687,7.299173634
-0.000137539,1.094059581,4.084186342,6.667856117,7.429846919,7.263263658
-0.000520062,0,0.00983985,0.71333939,1.557824923,2.074043156
9.12E-06,0,0.049903541,0.47155842,0.940067383,1.789751186
-0.001794508,-0.608770947,-0.945587124,-1.40422768,-1.886233018,-1.746362185
0,0,0,0,0,0
0,0,0,0,0,0
0,0,0,0,0,0
-0.000109125,-0.016773109,-0.120244998,-0.388712698,-0.998759472,-2.65041442
0,0,0,0,0,0
-0.000362,0,0,-0.614656329,-1.258329484,-2.127775327
-0.000396584,-0.451817198,-0.835160366,-1.265821284,-1.631508445,-2.422146649
0,0,0,0,0,0
0,0,0,0,0,0
-7.46E-05,0.616744951,2.544102765,4.634234525,5.463018202,5.735095469
-0.000290144,-0.130021719,-0.443931899,-0.713806206,-0.570425141,-0.502200546
-0.000211066,0,0.012897866,0.333752539,0.589044369,1.180207333
0,0,0,0,0,0
0,0,0,0,0,0
0.000141327,0,0,0.40071587,1.449427037,2.059095381
-0.000155599,0,0.026049055,0.793510276,2.533156209,3.127553384
3.52E-05,0,-0.031845301,0.178239849,1.627394073,2.630116774
-0.000367023,0,0,0.630883978,2.42649401,2.949903485
0,0,0,0,0,0
0,0,0,0,0,0
-0.000210726,0,-0.102671751,-0.466952371,-0.732786162,-0.886296801
-0.000325877,-0.076094201,-0.272577189,0.191744147,0.671227929,1.747833721
0,0,0,0,0,0
0,0,0,0,0,0
0,0,0,0,0,0
0.000672477,0.84237024,1.840417883,3.175125315,4.025091535,4.522786833
0,0,0,0,0,0
-0.000109078,0,0.033539733,0.158189577,0.467825944,0.974365861
0.001620828,0,0.045640657,0.177795859,0.20324664,0.625125766
0.263305018,1.568095032,1.830275597,1.713487471,1.407287392,0.978792631
-5.33E-05,-0.051575914,-0.264984555,-0.702816929,-1.130598199,-2.591985615
-0.000146675,0,0,0.004643305,0.632891813,0.788356265
-0.0001828,-0.195091878,-0.518940915,-1.002814283,-1.44459405,-2.104182829
0,0,0,0,0,0
0,0,0,0,0,0
-8.65E-05,-0.110410612,-0.321102224,-0.54425586,-0.877209635,-1.25972712
0,0,0,0,0,0
9.33E-05,0.023938804,0.980932325,3.789505272,6.091910826,7.129729768
0,0,0,0,0,0
-0.00018099,-0.049909819,-0.222440467,-0.225304907,-0.361810534,-0.802492034
-0.000300878,0,-0.187876048,-0.674949354,-1.353350487,-1.654029038
-6.06E-06,-0.071664841,-0.401999126,-0.95828432,-1.361973224,-1.509942146
-0.000262649,0,0.001228513,0.578890115,1.358734745,1.777267554
1.78E-05,-0.108758133,-0.290585749,-0.594207616,-0.669227894,-1.957733139
0.000200379,0.253239007,0.44477552,0.599208271,0.98208415,1.158639814
-0.000314181,-0.697472512,-1.116921659,-0.405749561,0.895516515,0.720314201
-0.008895119,-0.621293404,-1.178137703,-1.075774765,-0.87379584,-1.710790675
0,0,0,0,0,0
-0.000349239,-0.072184895,-0.476834084,-1.075434184,-2.352474813,-5.483948392
-0.000309087,-0.018945519,-0.197898411,-0.633798462,-0.938504804,-2.170419979
-5.64E-05,-0.036221639,-0.057299877,-0.445108203,-0.941073459,-2.533616558
0,0,0,0,0,0
0,0,0,0,0,0
0,0,0,0,0,0
5.38E-05,0,0,-0.263789018,-0.732970481,-1.153144844
0,0,0,0,0,0
0,0,0,0,0,0
0,0,0,0,0,0
3.47E-05,0,0.352059891,0.754901783,1.266949816,2.531754762
0.000175544,1.053491793,2.806877168,4.384867948,5.035252718,5.029985719
2.96E-05,0,0,0.309132295,1.099965268,1.446384483
0,0,0,0,0,0
0,0,0,0,0,0
-7.10E-05,0,-0.001323508,0.259455058,0.873609641,1.219861498
-0.000214847,-0.025743893,-0.125034666,-0.473978586,-1.204260671,-3.365983593
-0.000579724,-0.12849163,-0.043082261,-0.434657983,-0.988568753,-3.021257773
0,0,0,0,0,0
-0.000115885,-0.044662873,-0.599502483,-0.795467955,-0.207933982,0
0.000169475,0.127769358,0.410012963,0.748828351,1.149901595,1.09986131
0.000170814,-0.014286906,-0.58499618,-1.220832549,-2.020334087,-2.182958377
0,0,0,0,0,0
0,0,0,0,0,0
0,0,0,0,0,0
-0.015512185,-0.049541811,-0.167387856,-0.606240305,-1.370178846,-3.601325066
3.93E-05,0,-0.438211057,-0.801859661,-0.623989433,-0.251778855
5.19E-05,0,-0.33712698,-0.811077256,-0.639324674,-0.266038565
-0.000122547,0,-0.143155553,0.114642198,0.68456927,0.917393181
0,0,0,0,0,0
0,0,0,0,0,0
-0.000167743,-0.077980931,-0.361319145,-0.3166547,0.223284898,0.924457281
-0.000364514,-0.073565382,-0.726000921,-1.755413984,-2.227962928,-2.060451085
8.98E-05,0,-0.054092361,-0.496259526,-1.200689947,-1.793572063
-2.01E-05,0,-0.413221528,-1.104312876,-2.106878338,-3.38440928
-0.024627835,-0.052624704,-0.669602319,-1.243357107,-2.094802001,-3.263409106
0,0,0,0,0,0
0.02560019,3.148256778,4.724697367,5.002355024,4.306926648,4.189433062
0.63260116,3.975825134,5.539412634,6.392880653,5.664259071,4.467063369
0.691373102,3.052025715,4.075775177,4.26412671,3.19078045,1.974564268
0.067340273,6.22782777,9.117778418,10.45940357,9.263183374,9.878695215
0.524377152,4.83425687,8.201844123,10.00145564,9.997821076,10.02914644
0.316508262,3.747822091,5.800818164,7.044258627,6.497420363,6.997932498
0.309323376,3.207658187,4.928622801,5.65039304,5.419176425,5.294292385
0,0,0,0,0,0
0.00036119,0,0,-0.060334283,-0.923290458,-2.206071209
0.001294045,3.716476841,5.440630002,5.77450722,5.315246347,4.857310605
-0.055858542,-0.088827642,-0.254585712,-0.645947813,-1.006029116,-1.318558621
0,0,0,0,0,0
0,0,0,0,0,0
-0.000326657,0,-0.285377835,-0.526921619,-0.800838832,-1.502775752
-4.22E-05,0,-0.142860684,-0.642620064,-1.067513594,-2.212280366
-3.50E-05,0,0.008956218,0.146850041,0.783398795,0.564906253
0,0,0,0,0,0
0,0,-0.060019918,-0.142385167,-0.372467678,-1.22939743
0.03042928,5.107966264,7.79357862,9.041698425,9.519542664,9.623559905
0,0,0,0,0,0
0,0,0,0,0,0
-0.000362023,-0.63501793,-1.006383175,-0.74208136,-0.373482252,-1.298427575
0,0,0,0,0,0
0,0,0,0,0,0
-3.54E-05,0.014522405,0.810056282,2.654543946,4.248034347,5.395574061
-6.65E-05,0,0,-0.343353883,-0.294035699,-0.781975026
-0.025842746,-0.103500291,-0.071098118,0,0.56863011,0.444610557
0.000183736,-0.006890234,-0.198715773,-0.480083726,-0.59298457,-0.839248219
4.31E-05,-0.000403976,-0.348772672,-0.716615667,-0.583785837,-1.720825156
0,0,0,0,0,0
0,0,0,0,0,0
0.003164677,3.05817217,5.388300231,6.29687104,5.205611789,4.245104619
0.336694587,4.509289305,6.932749667,7.504925176,6.503048308,6.545546908
0,0,0,0,0,0
-4.12E-05,-0.315703456,-0.761626948,-1.32396084,-2.079346,-3.773191045
0.000273425,0,0,-0.034949305,-0.806024464,-1.333404877
-0.044424656,-0.518930206,-0.818915299,-1.404249303,-1.646513162,-1.404157744
0,0,0,0,0,0
0,0,0,0,0,0
-0.000460112,0.028092575,0.804766937,1.679278763,2.467814293,3.160098577
-0.000636436,-0.033729813,-0.265913409,-0.53771584,-0.896151139,-0.977796786
0,0,0,0,0,0
0,0,0,0,0,0
-0.001127884,-0.063360635,-0.44975106,-0.657024734,-1.00718626,-1.27559983
-0.002566099,-0.004248278,-0.205535316,-0.629036017,-1.256534945,-0.998560454
-0.000222379,-0.128342653,-0.289585962,-0.579078705,-0.547320747,-1.106561469
0,0,0,0,0,0
-0.000836663,-0.261154255,-0.717115134,-1.266038524,-1.790610895,-2.470698278
-0.005160375,-0.143169959,-0.472449963,-0.943065202,-1.265256802,-1.067527556
-0.000197731,-0.010034051,-0.423069114,-0.716425434,-0.997540503,-1.188836375
-0.000176404,-0.022261869,-0.158208937,-0.727541329,-1.291845066,-2.200545239
0.000271009,0,0,-0.067658209,-0.257969585,-1.192197792
0,0,0,0,0,0
0.006637765,0,-0.164619235,-0.545569153,-0.460407161,-0.94470075
0.000258807,0,-0.220716238,-0.415392903,-0.480505215,-0.842142994
-0.000162387,-0.162520415,-0.586774503,-0.857119923,-1.153108439,-1.967172463
0,0,0,0,0,0
0,0,0,0,0,0
0,0,0,0,0,0
0,0,0,0,0,0
0,0,0,0,0,0
-0.000163431,-0.35511832,-0.724135593,-1.131245511,-1.49796481,-3.229882218
0,0,0,0,0,0
0.000275228,0.24381789,0.577252451,0.622950702,0.206321978,-0.85592233
0,0,0,0,0,0
-2.41E-05,-0.12122741,-0.407109974,-0.581615419,-0.886212806,-1.453132299
0,0,0,0,0,0
0,0,0,0,0,0
0,0,0,0,0,0
0.070895705,1.409242144,2.427224272,3.028033339,3.453733286,3.855993134
-0.000159809,0,0.927906366,3.182689462,4.98941695,5.931481117
0,0,0,0,0,0
-0.000258342,-0.111015056,-0.257399866,-0.840748071,-1.63751639,-2.81284188
-0.000138807,0,0,0.125700034,0.650295479,1.776759774
0,0,0,0,0,0
0,0,0,0,0,0
0,0,0,0,0,0
4.12E-05,0,0.01553619,-0.049261482,-1.633972554,-3.611810422
2.97E-05,-0.001513362,-0.011256238,-0.286510154,-0.924110522,-1.918805255
0,0,0,0,0,0
-0.002590594,-0.019587766,-0.057077398,-0.305385697,-0.675166647,-0.962128557
-7.75E-05,-0.09864332,-0.294060503,-0.596897922,-0.986203274,-1.379474464
0,0,0,0,0,0
-0.023090277,-0.041887262,-0.301525529,-0.679877763,-1.452501577,-3.13377388
-0.000178453,0,0,0.009876563,0.387744844,1.38066826
0,0,0,0,0,0
-0.000256047,-0.021943166,-0.221339778,-0.78720146,-1.555402511,-2.898546722
-0.000238143,-0.06052927,-0.317404189,-1.117139296,-2.46020147,-4.696556371
0,0,0,0,0,0
8.32E-05,-0.135038316,-0.629208615,-1.163949664,-1.204380343,-1.404573815
-0.000116563,-0.044945694,-0.424161352,-0.832672978,-0.979842115,-1.028430827
0.000149411,0,-0.162506987,0.106040965,0.779852946,0.762974853
0,0,0,0,0,0
-0.014950797,-0.052898688,-0.395443554,-0.844528092,-2.03368009,-2.95268745
0,0,0,0,0,0
0,0,0,0,0,0
0,0,0,0,0,0
0,0,0,0,0,0
0.000179373,-0.20208604,-0.767142302,-1.37186243,-1.982013043,-2.772007324
0.000376929,0.158030872,0.510098573,0.655164775,0.903594876,1.353982488
0.000273182,0,0.173521726,0.629665535,0.494636116,0.493194703
-5.96E-05,0.677048522,1.547924521,1.871817085,1.596213704,2.271633516
-3.74E-05,-0.013036304,-0.31427619,-0.660301881,-0.793865956,-0.906076352
0,0,0,0,0,0
-0.00010179,0,-0.030027994,-0.319394379,-0.634212028,-1.001703151
0,0,0,0,0,0
-0.001202628,0,0.102066945,0.58376181,0.820222423,1.220439817
-0.00445539,-0.096518025,-0.172371942,-0.646571187,-1.316007822,-2.454569517
0,0,0,0,0,0
-0.00022954,0,0.063889115,0.300103215,0.628452714,0.962398915
0,0,0,0,0,0
0.000172576,0,0.022943677,0.002236528,0.105983608,1.08410897
0,0,0,0,0,0
0,0,0,0,0,0
0.194944507,2.798705478,4.463934112,4.977143345,4.822702705,4.812240725
0,0,0,0,0,0
0.328829724,1.877413619,2.600233949,2.799838413,2.674921659,2.427886061
0,0,0,0,0,0
0,0,0,0,0,0
0,0,0,0,0,0
0.012341459,0.551098662,1.014890852,1.190255692,1.406308902,1.967425939
0,0,0,0,0,0
-0.00010577,-0.034123873,-0.380129631,-0.682013788,-1.120187149,-1.504834767
0,0,0,0,0,0
-0.00091145,-0.015923349,-0.052405827,-0.32996782,-0.804049459,-0.75316088
-0.001884444,-0.032193293,-0.116293428,-0.504445121,-0.848505821,-0.526907222
-8.55E-05,0,-0.043217549,-0.597123831,-1.15091647,-1.856145278
0.7865676,2.676574298,3.666243587,3.780855803,2.97242948,1.505311351
-0.000107145,0.155221036,3.322428529,7.285819472,8.244377895,8.449534795
0.000266563,1.408290322,2.653941995,3.657117019,3.833790448,2.774088844
0.000307178,0,-0.019941888,-0.429273033,-1.052433216,-1.872631666
0.000141884,0,0.395065295,0.946413536,1.299216116,2.540051419
0.000225577,0,0.429039464,0.787572816,0.837166789,0.542131304
-0.001319839,-0.079933789,-0.39056046,-0.858739041,-1.213188117,-1.755026201
-0.000438016,0.112328947,0.974375119,1.193448297,0.620880171,-0.846011287
-0.00193168,-0.055370094,-0.100592377,-0.521650932,-0.697202151,-0.928778346
-0.000712952,-0.0587623,-0.280977886,-0.670081202,-1.050410329,-1.35903663
-0.002139562,-0.114394563,-0.383635982,-0.752823438,-1.074117214,-1.205202751
0.197795378,2.688495678,3.880371272,3.777927992,3.168241498,2.900942994
6.864051822,7.923126174,8.34001338,8.481126258,8.427320837,8.556078513
0.000106406,-0.041932454,-0.276696688,-0.902744874,-0.899500925,2.35E-05
-0.000494339,-0.030851698,-0.135288656,-0.568797151,-1.319656581,-2.992311237
0.001570727,-0.016443076,0,-0.019398583,-0.368241824,-0.859121523
-0.000258315,0,-0.094913554,-0.364870617,-0.627467753,-0.355805794
-0.0003193,-0.185228934,-0.321313733,-0.880296357,-0.961978355,-1.0235064
0,0,0,0,0,0
-0.000114464,0,0.06833607,-0.137411344,-0.980062526,-2.60572092
-0.000915444,0,-0.017559948,0.371731728,0.902457659,1.078297688
-2.51E-05,-0.187005218,-0.641844941,-1.064783767,-1.324435197,-1.735105646
-0.000351363,-0.189475115,-0.551531578,-1.407321746,-2.325089545,-3.792163311
-0.000289105,0,0,-0.288069234,-0.912412928,-1.550350519
0,0,0,0,0,0
-0.000496466,-0.013881032,-0.026169629,-0.18479347,-0.711008287,-3.524440034
-0.000860904,-0.143817711,-0.406097424,-1.012175965,-1.752564487,-2.921256668
-0.000372154,0,-0.183392274,-0.463579472,-0.710916833,-0.882733428
-0.000112772,0,-0.01646708,-0.024598955,-0.241034577,-0.805162389
0.000145361,0.238463845,0.526829851,1.190763202,1.558451511,2.14585378
-0.000108248,0,0.174207521,0.173544829,1.121032357,1.471698696
-0.00021484,0,0.226254925,0.748493858,2.191220723,3.685020298
-0.011502772,-0.296837352,-0.878334096,-1.758866415,-2.108347812,-2.033222508
-0.00041642,-0.083179513,-0.302098041,-1.018908663,-2.063569203,-2.831508985
-0.001259767,0,0.437399713,1.444208118,1.842059677,1.125920903
0.000487412,0,-0.001652902,-0.593300263,-1.467232946,-2.142006274
0,0,0,0,0,0
0,0,0,0,0,0
0,0,0,0,0,0
0,0,0,0,0,0
0,0,0,0,0,0
0,0,0,0,0,0
-0.00020614,-0.384709465,-1.039934779,-1.885387395,-2.699058552,-3.20885137
0,0,0,0,0,0
0,0,0,0,0,0
-0.000646824,-0.057035868,-0.016220424,-0.430102167,-0.949032709,-2.93758241
0.000451883,0,-0.004647588,-0.101280562,-0.586271611,-1.463677386
0.00037443,0,0,0,-0.114073908,-1.128813831
0,0,0,0,0,0
1.22E-05,0,-0.014825015,0.008087423,0.635780844,0.888246542
0,0,0,0,0,0
-0.000263633,0,0,0,0.315630817,2.754872419
0,0,0,0,0,0
0,0,0,0,0,0
0,0,0,0,0,0
0,0,0,0,0,0
0,0,0,0,0,0
0,0,0,0,0,0
0,0,0,0,0,0
0,0,0,0,0,0
8.74E-05,0,0,0,-0.596127618,-1.430571281
5.12E-05,0,0.049132151,0.364005663,0.577150914,0.00021354
-9.13E-05,0,-0.404979019,-0.91769647,-1.93247266,-4.140220766
1.28E-06,-0.092331158,-0.05144044,-0.237936902,-0.865124763,-0.9225399
0,0,0,0,0,0
-0.000293868,0,0,0.001914679,0.584660315,0.872124486
0.003257086,0.045713387,0.206546043,0.099748861,0.420994061,0.740017303
-0.00031076,-0.089769907,0,-0.219620143,-0.986126872,-2.924205396
0,0,0,0,0,0
-0.005362445,-0.05493266,-0.402092025,-0.799748313,-1.816501099,-5.532026518
-0.000372192,0,-0.21244028,-0.74066308,-1.431087193,-4.734108767
-0.000308552,0,-0.086925633,-0.516654073,-1.514357447,-3.948718254
-0.000233156,0,-0.249894937,-0.721740744,-1.71444589,-3.105729326
0,0,0,0,0,0
0,0,0,0,0,0
0,0,0,0,0,0
0,0,0,0,0,0
0,0,0,0,0,0
0.000269865,0,-0.040822066,-0.27146478,-0.735203745,-3.733121066
0,0,0,0,0,0
-0.008564741,-0.204210181,-0.587949897,-1.50465031,-2.569820383,-3.502360726
0.000484542,0,0.109496014,0.302593083,0.722546716,1.402223728
-0.000175153,-0.107463957,-0.602666324,-0.894586464,-0.400446597,0.505145569
0,0,0,0,0,0
0,0,0,0,0,0
0,0,0,0,0,0
0,0,0,0,0,0
0,0,0,0,0,0
0,0,0,0,0,0
0,0,0,0,0,0
-0.000282295,-0.336223265,-0.921313212,-1.565555246,-1.267447836,-1.09358755
-0.000326362,0,0,-0.642884591,-0.888362634,-0.864604136
-0.000694757,-0.505238489,-1.393366889,-2.64152133,-3.326282061,-3.576916211
-0.032933264,-0.232769183,-0.519176919,-0.933221722,-1.259977829,-2.098489567
-0.018277264,-0.467115153,-1.165965014,-2.341760097,-3.552743279,-4.220205835
-0.004710678,-0.435216074,-1.180895558,-2.42300936,-3.626492843,-4.291362625
0,0,0,0,0,0
0,0,0,0,0,0
-3.61E-05,0,0.08394513,0.501840534,0.950123502,1.697488655
0,0,0,0,0,0
0,0,0,0,0,0
-8.44E-05,-0.005367498,-0.163899148,-0.591854505,-0.674522085,-0.338589489
0.000285548,-0.007802664,-0.218044004,-0.635986943,-0.792833741,-0.592851241
-0.000538077,-0.018734512,-0.11952491,-0.681182181,-1.132605425,-1.335511129
0.000176104,0,0.138115555,-0.000731772,0,0.708440786
0,0,0,0,0,0
0,0,0,0,0,0
0.000161646,0,-0.003191171,-0.36536974,-1.184424608,-2.37393502
-0.000201821,0,-0.013215054,-0.348328033,-1.039294894,-2.261017695
0.000288425,0,-0.307637481,-0.705802183,-1.55312948,-2.159278001
-0.000220039,0,0,-0.044742645,0.954967058,3.219269619
0,0,0,0,0,0
0.000226334,-0.009195375,-0.42398644,-0.975931999,-1.539073374,-1.90006062
-8.49E-05,-0.017705096,-0.177418858,-0.840495555,-1.97954137,-2.438464938
0,0,0,0,0,0
0,0,0,0,0,0
0,0,0,0,0,0
0,0,0,0,0,0
0,0,0,0,0,0
-4.98E-05,0,0.544986037,0.968422607,1.402288412,2.01327983
8.11E-05,1.480030955,3.199246205,3.816853415,4.049815087,4.365789868
-0.000139315,0.071598782,0.583005053,0.912602611,1.050904439,1.244994267
-5.76E-05,-0.07364792,-0.438269954,-0.87328895,-1.391055808,-2.22583604
-0.000112217,-0.081441565,-0.402630967,-0.896458251,-1.100048545,-1.65730105
0,0,0,0,0,0
0,0,0,0,0,0
0,0,0,0,0,0
0.000104445,0,-0.01242092,-0.290290032,-0.680297975,-1.029061721
0,0,0,0,0,0
0,0,0,0,0,0
0,0,0,0,0,0
-0.000135818,-0.005423488,-0.100996363,0,0.167427561,0.627263319
0.000186434,0,0.24735328,0.875952114,2.107326239,3.848234427
0,0,0,0,0,0
0,0,0,0,0,0
0.00022415,0.521783421,1.261572575,1.912687755,2.105502732,2.254704088
0,0,0,0,0,0
7.74E-05,-0.125824994,-0.486245646,-0.669433347,-0.627685397,-1.381249736
0,0,0,0,0,0
0,0,0,0,0,0
0.002234171,0,0,0,-0.982872286,-0.937091958
0.000317875,0.130272363,0.470220618,0.735325125,0.536222628,0.342853388
0,0,0,0,0,0
0,0,0,0,0,0
0.000445119,0,-0.099466593,-0.152720725,-0.482104207,-1.088432809
0,-0.002099956,-0.003556261,-0.303768656,-0.563633408,-0.573996011
7.75E-05,0,-0.292339695,-0.832579955,-1.162316218,-1.675243104
0,0,0,0,0,0
6.43E-05,0,-0.143725087,-0.534148256,-0.731753424,-0.643505994
-0.000163226,-0.2267495,-0.643283518,-1.569496102,-2.290451568,-3.171975077
0,0,0,0,0,0
0.00016649,0,0.089575863,-0.286537457,-0.42224821,-0.797238509
0,0,0,0,0,0
0,0,0,0,0,0
-0.000247381,0,-0.000944732,0.066243306,0.760259382,1.502914226
0,0,0,0,0,0
-0.00025647,-0.129026334,-0.49909849,-0.587198989,-0.780499665,-0.839525374
0,0,0,0,0,0
-0.000231664,-0.052071337,-0.24457765,0,0.861293938,2.122889781
0,0,0,0,0,0
0,0,0,0,0,0
0,0,0,0,0,0
-3.31E-05,0,-0.214494545,-0.796571743,-1.954362915,-3.815272928
0,0,0,0,0,0
0.000174424,0.406803556,1.207507374,2.130881865,2.490151694,2.768810057
-0.000224076,0,-0.280581868,-0.708684218,-1.034899577,-1.404545589
0,0,0,0,0,0
-0.000260697,-0.008941741,-0.371345622,-0.85421382,-1.419054003,-1.822511512
-0.000820445,-0.02095584,0,0.549630013,1.478130863,2.759208706
0,0,0,0,0,0
-0.000295999,0,0.022633046,0.037730982,1.427530485,3.326276134
0,0,0,0,0,0
0,0,0,0,0,0
0,0,0,0,0,0
0.779751675,2.818483895,3.511833864,3.161388947,2.657158128,2.520086251
0.794903664,3.562773828,4.709253949,4.781097138,4.567723345,4.442263707
0,0,0,0,0,0
-0.000302562,-0.218660138,-0.635688425,-0.998896368,-2.039562426,-3.431273667
-0.020048413,-0.208847804,-0.272601907,-0.974803297,-2.17140707,-2.510909678
0,0,0,0,0,0
0,0,0,0,0,0
0,0,0,0,0,0
0,0,0,0,0,0
-0.00030505,-0.023712073,-0.080933735,0.005827936,-0.571771774,-2.044384953
-0.000307546,0,-0.075265155,-0.307643433,-0.430262042,-0.71124689
-8.00E-05,-0.147292967,-0.485782714,-0.844091216,-0.963811682,-1.188394313
0,0,0,0,0,0
-0.008473486,0.056152604,0.698802331,1.039278429,1.088370171,1.747276184
-4.89E-05,0,0.032712449,0.181053269,0.418691564,0.892092586
0.000110292,0.956712508,2.434697157,4.091598667,5.242865599,6.282804107
-3.37E-05,-0.06939214,-0.271870839,-0.39712748,-1.259190683,-2.24290294
1.78E-05,0.034792133,0.513151274,0.639594959,0.49554376,0
0,0,0,0,0,0
-0.000292388,-0.016830626,-0.429449266,-0.948385133,-1.357997964,-2.296253998
0,0,0,0,0,0
-0.000468602,-0.145832152,-0.441007899,-1.003617498,-2.150396643,-3.599707447
0,0,0,0,0,0
-0.053953119,-0.167518913,-0.245521575,-0.6406046,-1.431455832,-3.170726919
0,0,0,0,0,0
-0.000183559,0,7.19E-05,-0.283837658,-0.667352547,-0.8589879
0,0,0,0,0,0
0,0,0,0,0,0
0.000176584,0.033647146,0.146115259,0.28129361,0.541012306,0.651981603
2.60E-05,-0.013472155,-0.553937983,-1.262029222,-1.689202204,-1.995959356
0,0,0,0,0,0
0.000105242,-0.024998694,0.001521525,0.126638466,0.611183842,1.07256429
-0.000189274,-0.452130562,-0.919490048,-1.56234835,-2.536826812,-3.386089
-0.000195949,-0.031877648,-0.084228786,-0.516403971,-0.998673717,-2.015002669
-4.69E-05,-0.139184609,-0.520282572,-1.149169004,-2.06528623,-3.793558338
0.00020193,0,0.001975286,0.005223529,0.60218226,1.698924212
-0.000105072,-0.242991678,-0.674448617,-1.728510016,-3.009115601,-4.036792704
6.71E-05,0,-0.008556915,-0.309535199,-0.696684372,-1.382524325
-0.832169347,-0.95356894,-1.088349656,-1.222583267,-1.208657261,-1.358327284
0,0,0,0,0,0
0.000137017,0.513816917,1.567047334,3.1805177,4.072964283,4.939899129
-0.000238741,0,0,-0.068035952,-0.636148531,-0.804289681
-7.98E-05,0,0,-0.094048719,-0.280821602,-1.06935201
0,0,0,0,0,0
0.000368949,1.228485963,3.981257415,6.287857478,6.449952864,6.108325526
-1.73E-05,0,0.034537825,0.339134804,0.027141708,-1.096526589
0.00043548,0,-0.005100498,-0.526237305,-1.499654987,-2.435406024
0,0,0,0,0,0
0,0,0,0,0,0
2.22E-05,0.000807407,0.375380339,1.010189672,1.684575079,2.581481266
0,0,0,0,0,0
0,0,0,0,0,0
-0.000369178,-0.046881572,-0.274687535,-0.602085547,-0.857310688,-0.919992412
-0.000537678,0,-0.103443144,-0.66262361,-1.178884983,-1.886413178
-0.000233644,-0.004336512,-0.096394387,-0.239297802,-0.495915328,-0.999802016
0,0,0,0,0,0
0.017233577,0,0,0.047194374,1.201361367,2.102991149
0.000217854,0.538822455,2.218429276,3.927031623,4.330895641,4.244824668
0.000702229,4.295116225,6.701933836,8.343379786,8.898589087,8.741771648
0,0,0,0,0,0
-4.78E-05,0,-0.126173343,-0.614671427,-0.819323424,-1.003541185
-0.000179431,0,-0.05512941,-0.40299648,-0.769617826,-1.181313247
0,0,0,0,0,0
0,0,0,0,0,0
5.46E-05,0,0.316465676,1.032151195,1.916957748,2.456612003
-0.000498937,-0.098681648,-0.414379857,-0.73204142,-1.091174759,-2.819407017
-0.00035906,-0.002776645,-0.09677109,-0.536460986,-1.096116231,-1.728946691
-9.71E-05,0,0,0.027886056,0.578959074,1.867531073
0.000164674,-0.012497746,-0.269588855,-0.346720202,-0.40247451,-0.892997971
-8.13E-05,0,0.066034528,1.260892079,3.041621807,4.567501789
-9.88E-05,-0.170782439,-0.555835165,-0.630827912,0,1.667092604
0,0,0,0,0,0
-0.000306027,-0.157099688,-0.592795285,-1.309641438,-1.99373736,-2.235930817
-0.000486572,-0.08105895,-0.408324517,-1.059425608,-1.833503848,-2.408956749
0,0,0,0,0,0
0,0,0,0,0,0
-0.000172155,-0.043405244,-0.24373201,-0.265673261,-0.423248953,-0.738078091
-0.07002195,0,-0.001468031,0.571630264,2.423895542,5.298371415
0,0,0,-0.481788585,-1.090520411,-3.043751534
0.000401475,0.208281863,0.972640399,1.142830538,0.949416643,1.268564249
0,0,0,0,0,0
-0.021756814,-0.028244166,-0.185468919,-0.354984849,-0.448896326,-0.804196201
0,0,0,0,0,0
0,0,0,0,0,0
-0.000549852,-0.074908537,0,-0.453655105,-1.154795999,-2.342112814
-0.029742707,-0.208726947,-0.469043499,-1.159550649,-2.218665088,-3.225746702
0.000870115,0,0.112430871,1.869474268,2.023274657,1.611320245
0,0,0,0,0,0
-0.000503319,-0.070007372,-0.402341307,-0.622513099,-1.219217148,-3.034824502
-0.028403226,-0.219605732,-0.357343901,-0.810781352,-1.302438796,-2.109163733
-0.000271561,-0.053204436,-0.427502619,-0.874785943,-1.026169403,0.332515214
0.00021096,0,0.005864964,-0.527534453,-1.574398646,-4.189955204
6.88E-06,0,0.141576102,-0.004416749,-0.943474011,-3.749442244
0,0,0,0,0,0
0.001631194,0,-0.126239479,-0.76449775,-1.769127189,-2.558046029
0,0,0,0,0,0
0.000366416,0,0,-1.005106843,-2.197906293,-4.930302628
-0.000194939,-0.085275085,-0.126102548,-0.885988353,-1.235320059,-2.254445361
0,0,0,0,0,0
-0.003968658,-0.215294961,-0.597273734,-1.228547382,-1.678895676,-1.43882828
0,0,0,0,0,0
-0.000787422,-0.18218432,-0.397507835,-0.680902595,-0.95674904,-2.077204478
-0.00278434,-0.089570914,0,-0.171700679,-0.66465464,-1.627476464
0.000440235,0,0,-0.420636374,-0.574186359,-1.030775036
-7.68E-05,0,-0.033579904,-0.007385608,0.429130626,0.811109339
-0.000251293,-0.17676079,-0.260957784,-0.831312929,-1.401517672,-1.736869766
6.65E-05,0,0,0,-0.369932642,-2.411370449
-0.000540317,-0.039978626,-0.037458219,-0.39047438,-1.094745495,-2.745066053
-0.038138365,-0.249329952,-0.53959635,-0.962306495,-1.720089545,-2.765030171
-0.000286007,-0.003882779,-0.0098477,-0.116340362,-0.038144023,1.351472774
0.000107899,0,-0.208704747,-0.754776853,-1.8675684,-4.604060724
0,0,0,0,0,0
-0.000546672,-0.040866691,-0.080993996,-0.413877654,-0.883896007,-2.955335711
-7.65E-05,0,-0.09787029,-0.538962138,-0.656382153,-0.994812699
0,0,0,0,0,0
0,0,0,0,0,0
0,0,0,0,0,0
0.000226038,0,0.023306975,0.329062482,0.619334101,1.072393994
0,0,0,0,0,0
-0.000179278,-0.150195694,-0.3832884,-0.503354843,-0.331263115,-0.700697756
-0.000230102,-0.007868827,-0.298638044,-0.502623193,-0.522628352,0
0,0,0,0,0,0
0,0,0,0,0,0
0,0,0,0,0,0
0.000298161,0.01788292,0.21584428,0.027378194,-0.339324918,-0.882121075
-0.000540609,-0.003061648,-0.115697111,-0.967653585,-1.909076051,-2.915058482
-0.000393659,-0.019470205,-0.236759452,-0.616081267,-0.982960142,-1.015109632
-0.00010778,-0.05048719,-0.264126009,-0.666744467,-1.074194124,-1.744103532
0.000354735,0,-0.110076888,-0.086960677,0,-0.894342829
-0.000317313,-0.021824021,-0.323231191,-0.541786018,-0.798356422,-1.562948068
-0.000168358,-0.210296601,-0.478284397,-1.018282671,-1.642338621,-1.265512881
7.68E-06,1.114509636,3.304905831,4.895784269,6.0921273,7.762615935
-8.36E-05,-0.012027936,-0.17232137,0.076646201,1.789226342,2.43794915
0.073370308,1.670555709,3.160267987,4.346206587,4.926562168,5.230148818
0.000337658,1.621786186,3.195482845,3.999263357,3.928253362,3.920378055
0.00375574,1.043984664,1.853473321,2.33546098,2.58904943,2.379793683
0,0,0,0,0,0
-0.000122339,0,-0.165215567,-0.561989277,-0.574165158,-0.303253921
0,0,0,0,0,0
-0.000250924,0,0.511674211,1.406643673,1.959394483,2.312441353
0.000109953,0,0.589658943,2.391918611,3.724775805,4.599234963
0.004883073,0,-0.030892379,-0.332158569,-0.749063837,-0.976893817
0,0,0,0,0,0
0,0,0,0,0,0
0,0,0,0,0,0
0,0,0,0,0,0
-0.000167361,-0.013834227,-0.326752093,-0.629640432,-1.078609383,-1.326296653
0,0,0,0,0,0
0,0,0,0,0,0
-0.000607759,-0.097363137,-0.803572927,-1.477794596,-1.771545368,-1.334722705
0,0,0,0,0,0
0,0,0,0,0,0
0,0,0,0,0,0
-0.000152891,0.12510118,0.472149736,0.754644167,0.807370289,0.643073737
0,0,0,0,0,0
-4.51E-05,0,0,-0.089842625,-0.551208039,-1.038988774
-0.00014893,0,-0.011252111,0,0,0.900529986
-8.58E-05,0,0.003078059,0.066708282,0.55292659,0.818276551
-0.000606311,-0.162606364,-0.451536757,-1.065071196,-1.102427691,-1.680282831
0.000164028,0,0.02539283,0.155163522,-0.323982107,-0.793372461
0,0,0,0,0,0
0,0,0,0,0,0
-0.000170692,1.14494669,2.962667883,4.468042101,5.174796534,5.656664576
0.00040595,0,-0.29547117,-0.614484669,-1.507535708,-4.535040806
0,0,0,0,0,0
0,0,0,0,0,0
-0.000195558,0,0,0.039726734,0.668437196,1.699019519
0.000583219,0,-0.114127171,-0.805475958,-0.994334691,-0.679166321
0.00030173,0.023706774,0.066225249,0.421075173,0.874496279,1.222227397
0,0,0,0,0,0
0.000231037,0,-0.054424925,-0.334036173,-0.521331892,-0.440994504
0.000103644,-0.004438472,-0.001875441,-0.454043645,-0.989711247,-1.403707962
-0.000292902,0,-0.13154924,-0.696772413,-1.060071781,-1.24532774
0,0,0,0,0,0
0,0,0,0,0,0
0,0,0,0,0,0
0,0,0,0,0,0
-0.003148647,-0.33775928,-0.744130799,-1.146795857,-1.629832731,-2.204514983
0,0,0,0,0,0
-0.000221152,0,0,0.232174894,0.561061806,0.411669859
0.000309584,0,0,0.96917081,3.956607502,5.637387768
0,0,0,0,0,0
-0.002914225,-0.047157072,-0.80893163,-1.493273077,-2.51985998,-4.564993864
0,0,0,0,0,0
0,0,0,0,0,0
0.000102405,0,0.197919587,0.535668261,1.011162259,1.297612898
0,0,0,0,0,0
-0.006409722,-0.034400784,-0.005930411,-0.439465586,-1.331243859,-2.672190435
0.000501244,0.642735531,1.475280122,2.137022744,2.803904437,3.353644527
0.00019873,0.01295765,0.008043311,0.257197034,0.57952583,1.896598306
-0.000372974,-0.066407977,0,0.097388124,0.328325183,0.740021699
-0.000153298,-0.024973769,-0.010088915,0,0,-0.75927157
-0.000150604,-0.163300082,-0.44791817,-0.640358033,-1.086277326,-2.436108913
0,0,0,0,0,0
0,0,0,0,0,0
-0.000226839,-0.022640673,-0.264046872,-0.478735988,-0.112052593,-1.196766766
-0.000222772,-0.031590304,-0.14936741,-0.437583115,-0.532594783,-1.141195812
-0.000768314,0,0,0.004020261,0.152537191,1.674504861
0,0,0,0,0,0
-0.000340941,0,-0.263926399,-0.620445044,-0.927792146,-1.401640448
7.14E-05,0.009460149,0.364623461,0.877053784,1.220538289,1.659909977
0,0,0,0,0,0
0.000101991,0,0.499532427,1.744369942,1.698614817,0.994709755
-0.000283713,-0.012857796,-0.218395805,-0.887125048,-1.64977927,-1.501850155
0,0,0,0,0,0
0.000152549,-0.143926043,-0.558015595,-0.690498161,-1.183585486,-2.45880508
0,0,0,0,0,0
0.000178314,0.068007996,0.195287689,0.567851391,0.887910415,0.777175079
0,0,0,0,0,0
0,0,0,0,0,0
0.000228472,0,-0.073483598,-0.289042441,-0.48805389,-0.60834383
-0.00021542,-0.031258198,-0.292316062,-0.618810455,-0.844083965,-0.96154553
0,0,0,0,0,0
-0.00026181,0,0,0,-0.13435481,-0.879818153
-0.000167928,0.001857613,0.550117176,1.436050742,2.157275641,3.233715571
0,0,0,0,0,0
-0.000208768,0,-0.009304845,-0.226418574,-0.255226212,-0.58655814
0,0,0,0,0,0
0,0,0,0,0,0
-0.001020488,0,-0.141107226,-0.079608588,-0.324712776,-2.271822207
0,0,0,0,0,0
0,0,0,0,0,0
0.00016461,0,0,0.030967698,0.283166149,0.882760648
0.000398462,0.629876029,0.91102088,0.595768247,0,-0.458034516
0,0,0,0,0,0
3.48E-05,0,0,0.133482636,0.358679067,0.663955389
0,0,0,0,0,0
0,0,0,0,0,0
0,0,0,0,0,0
0,0,0,0,0,0
0,0,0,0,0,0
0.000311603,0,0,0.31608536,0.812213803,1.243224695
-0.000300352,-0.046188413,-0.021009393,0.137674698,0.855055846,0.750944065
0,0,0,0,0,0
0,0,0,0,0,0
0,0,0,0,0,0
0,0,0,0,0,0
2.93E-05,-0.023674942,-0.344454295,-0.590627799,-0.714181804,-0.710057759
0,0,0,0,0,0
0.000220921,-0.050036559,-0.454435812,-0.648258265,-0.020303007,0.012926267
-0.064082838,-0.10270434,-0.361338533,-0.905028027,-1.805132531,-3.147486293
0,0,0,0,0,0
0,0,0,0,0,0
-0.000319414,0,0.083651134,0.860613187,1.9875406,4.601625524
-0.000443654,-0.100151788,-0.130371016,-0.617464535,-1.498109413,-1.745574671
0,0,0,0,0,0
-0.000410411,-0.000696627,-0.068505008,-0.201703342,-0.843649515,-1.116824171
0,0,0,0,0,0
4.85E-05,0,-0.001866269,-0.588855927,-1.918483135,-3.230701255
0,0,0,0,0,0
0,0,0,0,0,0
0,0,0,0,0,0
-0.000147891,0,0,0.017190492,0.009930048,1.008224852
0.000420704,0.39987981,0.611450834,1.050584806,1.397220069,1.426149039
0,0,0,0,0,0
0,0,0,0,0,0
0,0,0,0,0,0
0,0,0,0,0,0
0,0,0,0,0,0
0,0,0,0,0,0
-0.000798532,-0.029174462,-0.151548494,0.038516601,0.648642596,1.648987773
2.58E-05,0,0,-0.000223697,-0.473439494,-2.641164809
-0.00224753,-0.066077274,-0.185207912,-0.450643901,-0.766305318,-1.158806087
0,0,0,0,0,0
-0.000939812,0,0,1.607923247,2.859110371,3.027056963
0.254448442,1.546031384,1.865852368,2.276849375,2.604172666,3.072169595
0,0,0,0,0,0
-0.000145008,0,0,0.02886788,0.365220888,0.6695006
0,0,0,0,0,0
8.65E-05,0,-0.027616488,-0.405671691,-0.870938088,-1.821264067
0,0,0,0,0,0
0.000177308,0.022793102,0.053614883,0.12002669,0.379968721,0.682163782
0,0,0,0,0,0
-0.000132337,-0.060271189,-0.379411449,-0.80756743,-1.065268836,-1.481704607
0,0,0,0,0,0
-0.000365009,0,-0.256277286,-0.798700286,-1.208933131,-2.295634802
-4.12E-05,0.004889405,0.518099669,1.238152878,2.025567724,2.861509594
0,0,0,0,0,0
0.005904854,0,0.007671156,0.130916235,0.923691614,1.77338002
0,0,0,0,0,0
-0.000253646,0,0,0.322616447,0.421943198,1.195860288
1.15E-05,0,-0.171541513,-0.330375575,-0.580685079,-0.776938578
0,0,0,0,0,0
0,0,0,0,0,0
5.30E-05,0,-0.016823083,-0.175174937,-0.322425253,-0.640169038
0,0,0,0,0,0
0.000340875,0,0,-0.168898274,-1.012895772,-2.35639324
0,0,0,0,0,0
-1.38E-05,0,-0.036517363,-0.354528866,-0.470400703,-0.785935777
0,0,0,0,0,0
0,0,0,0,0,0
0,0,0,0,0,0
0.000104083,0.006659183,0.189508752,0.370031299,0.545792204,0.995679899
-0.000380536,-0.440648729,-0.901249882,-1.623226771,-1.622281674,-0.021105669
-7.76E-05,0,0.112293686,0.407582409,0.84382522,1.6390071
-0.000252186,-0.08869509,-0.095570941,-0.235882216,-0.795035933,-0.771936864
0,0,0,0,0,0
-0.000105025,-0.033370414,0,0.221991116,0.571618803,1.027900259
-0.000112212,0.01878035,0.168303638,0.05717376,-0.016398306,-1.033542415
0.000229365,1.178621223,2.366355039,3.000652452,2.549453945,1.167991468
0,0,0,0,0,0
0,0,0,0,0,0
-0.000146442,-0.045811448,-0.271893329,-0.550369579,-1.242577498,-1.681014262
0,0,0,0,0,0
0.000161568,0.012445526,0.356229518,0.919317043,1.165347706,1.118762685
0.000171656,0,-0.037128735,-0.104789817,-0.149989044,-2.308002241
5.11E-05,0,0,0.035033352,0.316775873,0.748607137
0.000107467,0,-0.012857565,0.039215868,0.446124058,0.562461087
0,0,0,0,0,0
0,0,0,0,0,0
1.58E-05,-0.074306814,-0.237848336,-0.580604177,-0.747421612,-1.476432808
-3.28E-05,-0.027073165,-0.293716711,-0.769781355,-1.082154911,-1.262501992
-8.14E-05,-0.335305157,-0.571332342,-0.428149809,-0.201215291,-0.005895484
0,0,0,0,0,0
-0.000305901,-0.092776711,-0.193457694,-0.639737477,-1.278811283,-2.849657549
0.00010879,0,-0.320365086,-0.533124384,-0.871128899,-2.289992658
0.000161956,0.056742699,0.613384542,1.29347486,1.840673405,2.452872135
0.000108973,-0.11378069,-0.599240697,-0.86234123,-1.02611299,-0.485029083
-0.000123036,0,0.958501477,2.545346911,3.113504866,3.362592629
0,0,0,0,0,0
0,0,0,0,0,0
0,0,0,0,0,0
0,0,0,0,0,0
-0.00010319,-0.071367841,-0.400461404,-0.691089378,-0.979163527,-1.238247746
0,0,0,0,0,0
-0.00021844,-0.054186576,-0.331619212,-0.972234033,-1.886877582,-2.670376516
-0.000130014,-0.007673342,-0.251348111,-0.387904297,-0.652664575,-1.151707442
-0.000234743,-0.172629032,-0.635488344,-1.356175703,-1.638858153,-1.445278476
0,0,0,0,0,0
-0.000254131,0,-0.019191354,-0.278874672,-0.99400308,-3.964772029
0,0,0,0,0,0
0.004181355,0.694734499,1.351675657,2.043248014,2.342857046,2.67398156
-5.41E-05,0,0.057886331,0.388090811,1.573663681,2.017062709
0.000152276,0,-0.192640811,-0.552122286,-1.593645652,-3.254484485
3.39E-05,0,-0.003317667,-0.51138985,-1.637534864,-4.546761809
0.000100614,0,-0.176177918,-0.337816761,-1.114609786,-2.831974584
0,0,0,0,0,0
-0.000391765,-0.409073958,-0.959034653,-1.645743258,-2.108174631,-1.782130783
-8.86E-05,-0.439638663,-1.058573813,-2.061399354,-2.934995748,-4.465011785
-0.003449446,-0.197111577,-0.744470359,-1.310980209,-1.505910925,-1.817396516
0,0,0,0,0,0
-0.045639362,-0.062573747,-0.195062943,-0.659510756,-0.922377488,-0.647290968
0,0,0,0,0,0
-0.012421032,-0.120230166,-0.101069448,-0.647218763,-1.07085859,-0.714395176
0.001677053,0.000927854,0.005373781,-0.148002532,-0.44727295,-0.892102657
0,0,0,0,0,0
0,0,0,0,0,0
-0.000119791,0,1.546628331,4.505484641,5.529444055,5.66159238
0.217154076,1.306240571,1.75186169,1.68692316,1.500536238,2.282593214
0.192171996,5.031679266,7.784048936,8.569694638,7.756418538,8.572135582
-0.000135047,-0.070706991,-0.209512821,-0.525697205,-0.69672027,-1.294837859
0,0,0,0,0,0
0,0,0,0,0,0
3.355699526,3.800380754,3.823154286,4.167864352,4.237737318,4.371659752
0,0,0,0,0,0
0,0,0,0,0,0
0.000147811,-0.039537067,-0.391643887,-0.69231582,-1.21571503,-2.424904354
0,0,0,0,0,0
0,0,0,0,0,0
0.103414024,2.36081646,4.526079017,6.27866683,6.670227839,6.726713354
0,0,0,0,0,0
-1.19E-05,-0.000664801,-0.002249762,0,0.48873727,0.958331927
-0.000301903,-0.133749293,-0.275813327,0.033477446,0.92152067,1.129493063
-0.000383628,-0.101342484,-0.499592871,-0.980868824,-1.626952173,-2.261319855
0,0,0,0,0,0
6.60E-05,0,0,0.148898421,0.397765994,0.569921773
0.000213089,0,0,-0.001601139,-0.103227018,-1.138687828
0,0,0,0,0,0
0,0,0,0,0,0
0,0,0,0,0,0
0,0,0,0,0,0
0,0,0,0,0,0
0,0,0,0,0,0
0,0,0,0,0,0
0,0,0,0,0,0
-2.08E-05,0,-0.019371244,-0.012399064,0,0.765220104
0,0,0,0,0,0
0,0,0,0,0,0
-0.000460194,-0.057846835,-0.100916966,-0.411019461,-1.095270797,-3.075018825
0.000145583,0,-0.552162499,-0.088014738,-1.495349109,-2.041538377
7.64E-05,0,-0.164355883,-0.41227623,-0.746724611,-0.74743477
7.82E-05,-0.144373949,-0.389570175,-0.346887279,0,0.077107211
-5.41E-06,0.2793398,0.727047144,1.148665858,1.21553379,1.131499775
-0.001084447,-0.007465125,-0.949058695,-0.53586675,-0.67291976,-1.406845643
0,0,0,0,0,0
2.89E-05,0.002231193,0.001253166,0.243372263,0.618189441,0.952721499
0,0,0,0,0,0
0,0,0,0,0,0
-6.31E-05,0,-0.003322695,0.437184492,0.727868246,1.303324151
0,0,0,0,0,0
0,0,0,0,0,0
-0.000315291,-0.185580089,-0.376400376,-0.606768358,-0.585724728,-1.276186078
-0.000171935,0,-0.081279082,0,0.502847623,1.181500816
-0.000599313,-0.02501712,-0.044037503,-0.382367653,-1.242332418,-4.168003328
0,0,0,0,0,0
0,0,0,0,0,0
0.00033704,0,0,-0.268486431,-1.031022449,-1.208907499
-0.000528313,0,0.150609362,1.421060239,2.424009897,1.97107813
0,0,0,0,0,0
0.000476949,0,0.245671211,0.725220819,1.596237236,4.510343362
0,0,0,0,0,0
0,0,0,0,0,0
-7.05E-05,0.092960644,0.664988373,1.866222463,2.845190144,3.403068168
0,0,0,0,0,0
0,0,0,0,0,0
0,0,0,0,0,0
0,0,0,0,0,0
-0.000162303,0,0.139285631,0.005747936,-0.392123689,-0.879648591
0,0,0,0,0,0
-0.000488077,0,0,0.647498861,1.690894776,2.481026215
0,0,0,0,0,0
-0.000329582,0,0,0.399718208,2.063596557,4.77962154
-0.000933736,0,0.016541751,0.199599857,0.895319428,1.602427325
0,0,0,0,0,0
-0.011416501,-0.108779025,-0.342212923,-1.01568165,-1.651850643,-2.298149942
0,0,0,0,0,0
0,0,0,0,0,0
0.000215768,0,0.052598198,0.005032874,-0.197402217,-1.391780459
0,0,0,0,0,0
0,0,0,0,0,0
0,0,0,0,0,0
-0.004511326,-0.024349125,-0.026428781,0,0.203809846,1.114445026
-0.000245469,0,-0.065837906,-0.352549803,-0.950016783,-2.460547624
0,0,0,0,0,0
0,0,0,0,0,0
0.003255472,1.337988342,2.75999607,3.478409365,3.690606743,3.951368877
0,0,0,0,0,0
0,0,0,0,0,0
0,0,0,0,0,0
0,0,0,0,0,0
0.000132288,-0.159609376,-0.472723757,-0.995456385,-1.57720914,-1.974842475
-0.000259828,-0.01920429,-0.371762563,-0.626774419,-0.859645132,-0.556312346
-0.112379292,-0.086815968,-0.007663513,1.093973773,2.931487574,4.041784628
0,0,0,0,0,0
0,0,0,0,0,0
0,0,0,0,0,0
0,0,0,0,0,0
0,0,0,0,0,0
-0.0009686,0,0,0.118957737,0.606883561,1.406559794
-0.000404744,-0.166532388,-0.290682202,-0.489759658,-0.868570362,-1.420939425
0,0,0,0,0,0
0,0,0,0,0,0
-0.000615828,-0.13242053,-1.206603521,-2.358834497,-3.880573162,-6.268641309
0,0,0,0,0,0
0.000977303,-0.354647048,0.017565189,-0.034464683,1.43444967,2.884525953
0,0,0,0,0,0
-0.000385941,-0.264845344,-0.562848441,-0.856206054,-0.721058224,-0.982585371
-0.00029371,-0.011185809,-0.065770249,-0.387134982,-0.616587202,-0.868371225
2.57E-06,0,0,0.022527381,0.389896223,0.73759687
0,0,0,0,0,0
0,0,0,0,0,0
-0.000159914,0.027541462,0.617564936,1.378090722,2.539023793,3.707554796
0,0,0,0,0,0
0,0,0,0,0,0
-0.000107407,0,0.008205663,0.12531136,0.485383787,1.869089604
0,0,0,0,0,0
0.001195949,1.012484619,2.395185431,3.100207986,3.332984037,3.655379557
-0.000141316,0.477293416,2.461804062,4.135825541,4.61648124,4.957922326
0,0,0,0,0,0
0.000625414,0,0.189019601,0.816801505,0.874178025,1.498333889
0,0,0,0,0,0
0,0,0,0,0,0
0,0,0,0,0,0
0,0,0,0,0,0
0,0,0,0,0,0
0,0,0,0,0,0
0,0,0,0,0,0
0,0,0,0,0,0
0,0,0,0,0,0
0,0,0,0,0,0
0,0,0,0,0,0
0,0,0,0,0,0
0,0,0,0,0,0
0.015692139,0.087638278,0,1.090002832,0.842259584,3.519846618
-0.001112322,-0.200654274,-0.444011316,-1.09444716,-2.278885215,-4.211570917
0,0,0,0,0,0
-0.000659499,-0.441212534,-0.810381927,-1.092832821,-1.666751128,-2.061353111
0,0,0,0,0,0
0,0,0,0,0,0
-0.000494792,0,-0.198969507,-0.44734893,-1.033760843,-1.82900971
0.000174487,1.85326732,3.607520767,3.475362554,2.01146771,1.301771681
0,0,0,0,0,0
0,0,0,0,0,0
0,0,0,0,0,0
0.000390864,0.992026513,3.019136715,5.044784574,6.512139115,7.254080826
0,0,0,0,0,0
0,0,0,0,0,0
0,0,0,0,0,0
0.000187967,0.201113623,0.444836401,0.256085111,-0.382593797,-2.710626801
-0.056389056,0,0.577647801,2.050239868,3.533645094,5.299745163
0.000152665,0.008935601,0.021681654,0.490685142,0.653563516,1.654493881
6.58E-06,-0.095932025,-0.186040938,-0.392563011,-0.902955967,-1.632930803
0,0,0,0,0,0
0,0,0,0,0,0
0,0,0,0,0,0
-0.000167503,-0.191830953,-0.294697189,-0.004824776,0,-0.802422713
0,0,0,0,0,0
0.000161146,0,0,-0.357359267,-0.705024895,-1.24936721
0,0,0,0,0,0
0.000365575,-0.766581381,-0.449674911,-0.389731896,-0.067691068,1.955953532
0,0,0,0,0,0
0,0,0,0,0,0
0,0,0,0,0,0
-0.002739024,0,-0.219580944,-0.412943012,-0.972987483,-1.410576644
0,0,0,0,0,0
0,0,0,0,0,0
0,0,0,0,0,0
-0.000106794,0.427057483,1.551902597,3.270117791,4.255721647,5.312477794
0,0,0,0,0,0
-0.000402728,0,0,-0.060946636,-0.251183582,-1.039974976
0,0,0,0,0,0
0,0,0,0,0,0
0,0,0,0,0,0
-0.000373752,0,-0.062385432,0.032357186,0.845465948,1.033078195
0,0,0,0,0,0
-0.000278889,0,0,0.229096917,0.030139461,1.892687893
0.000477883,1.337426321,1.123977038,2.067224899,3.475990663,4.491256632
-0.000322633,0,-0.235857658,-0.852341899,-1.329046475,-2.808434647
0,0,0,0,0,0
-0.001024272,0,0,-0.195630596,-0.573543732,-1.011266875
0,0,0,0,0,0
0,0,0,0,0,0
0,0,0,0,0,0
0,0,0,0,0,0
0,0,0,0,0,0
-0.000807598,0,-0.039696028,-0.220999124,-0.374731739,-0.877463438
0,0,0,0,0,0
-0.000255443,0,0,-0.327054073,-1.426951922,-3.716772192
0,0,0,0,0,0
0,0,0,0,0,0
0,0,0,0,0,0
-0.00029197,0,0,0.09079132,0.701597176,1.365820541
0.000262125,0,-0.274443658,-1.547172724,-2.225797039,-2.439620421
-0.000199046,1.035736131,1.886234174,2.652375542,2.884054982,2.636277144
0,0,0,0,0,0
0,0,0,0,0,0
-8.58E-05,-0.126147736,-0.817042254,-1.52965205,-2.164774114,-2.589833053
0,0,0,0,0,0
0,0,0,0,0,0
0,0,0,0,0,0
0.06899527,2.715763412,4.266581033,5.522028438,5.877933798,5.497737507
-9.02E-06,-0.256377662,-0.754411063,-1.232535102,-1.37878184,-1.875383605
0,0,0,0,0,0
5.80E-05,0,0,0.082242161,0,-1.28702193
0,0,0,0,0,0
0,0,0,0,0,0
0,0,0,0,0,0
-0.001838229,0.43888232,1.57656934,2.779461338,3.256089838,3.725261814
0,0,0,0,0,0
-8.55E-05,0,0.051577861,-0.217684047,-0.687079496,-0.772782711
0.00043552,0.125888903,0.582683359,0.446724296,0,1.722034811
-0.000841332,-0.513987445,-0.839174986,-1.227216928,-1.532772703,-1.477667068
0,0,0,0,0,0
1.65E-05,0,0.002710391,0.546834866,0.858011208,1.721562553
-0.000421228,0,0.17127366,0.779585901,1.328260578,2.126688506
0,0,0,0,0,0
0.000237306,0.187232523,0.763857739,1.715186237,2.333306736,3.071978914
0.000373023,0.116976306,0.688359659,1.661902812,2.319266362,2.663284223
0,0,0,0,0,0
0,0,0,0,0,0
-0.000645424,-0.188062776,-0.411563247,-1.04571217,-1.70651878,-1.922642026
-0.000148839,0,-0.296255737,-0.748555915,-1.429601678,-2.00264247
9.26E-05,0,0.007000761,0.786036799,1.615887287,2.154756199
0,0,0,0,0,0
-0.008445704,-0.029264326,-0.099646448,-0.213733787,-0.51865398,-0.995383037
0,0,0,0,0,0
-0.000152249,-0.147816389,-0.517565242,-0.817345101,-0.477953374,0.514200845
0,0,0,0,0,0
0,0,0,0,0,0
-8.22E-05,0,-0.0999958,-0.636210891,-0.931960299,-2.19579038
0,0,0,0,0,0
-0.012984666,-0.047551599,0,0.00837443,0.227370632,1.007352392
0,0,0,0,0,0
0,0,0,0,0,0
-9.47E-05,0,-0.004610653,-0.078001523,-0.59714937,-1.722063071
0,0,0,0,0,0
-0.000215538,-0.014153768,0,-0.283903005,0,-0.859032144
0,0,0,0,0,0
0.000146536,-0.013205035,-0.229375739,-0.009148369,0.2673293,0.756231426
0,0,0,0,0,0
0,0,0,0,0,0
0,0,0,0,0,0
0,0,0,0,0,0
0,0,0,0,0,0
0,0,0,0,0,0
-0.00053184,0,-0.043561943,-0.077907253,-0.335529027,-1.09971579
0,0,0,0,0,0
0,0,0,0,0,0
-0.001426545,-0.179508771,-0.336197819,-0.538920076,-1.419350886,-1.781284741
0,0,0,0,0,0
0,0,0,0,0,0
-1.00E-04,0,-0.131198099,-0.678743701,-0.774449094,-1.033147285
0,0,0,0,0,0
0,0,0,0,0,0
-0.000627679,-0.013064279,-0.06570893,-0.595710159,-1.38343134,-2.282921895
-0.000757975,-0.011603425,-0.012522398,-0.370186397,-1.136374597,-2.210702734
0,0,0,0,0,0
0,0,0,0,0,0
1.19E-05,0,-0.081610094,-0.514194288,-0.820212818,-1.118166059
0,0,0,0,0,0
0,0,0,0,0,0
-0.000785774,-0.321346119,-0.719648396,-1.34422654,-1.966814463,-2.718551994
0,0,0,0,0,0
0,0,0,0,0,0
-0.000265336,0,0,0.40672683,2.131340312,4.312474167
0.000171168,0.502272425,1.423514051,2.890284812,3.940338004,4.61854342
-0.000107584,-0.013644292,-0.200852203,0,0.189699906,1.333253244
0,0,0,0,0,0
6.84E-06,0.403624991,1.260975949,2.05709798,2.300802299,2.442837607
0,0,0,0,0,0
0,0,0,0,0,0
0,0,0,0,0,0
0,0,0,0,0,0
-0.000502049,-0.008546833,-0.280075764,-0.509664729,-0.873858815,-0.991857856
0,0,0,0,0,0
0,0,0,0,0,0
0.001113563,0,0.002551075,1.384315926,1.269208855,3.446637077
-0.00011902,-0.018931093,-0.021263108,0.584819729,1.777922859,2.765733669
-8.38E-05,-0.01842444,-0.002721131,0.686513322,2.004588299,2.943854786
0,0,0,0,0,0
0,0,0,0,0,0
-0.000295509,-0.03236112,-0.521585831,-0.661658865,-0.681347819,-1.052482323
0,0,0,0,0,0
-6.80E-06,0,-0.274692319,-0.458894929,-0.633841889,-1.039075256
-3.95E-05,0,0.001653837,0.201880299,0.282925714,1.05940589
-0.000906714,0,-0.130030384,-0.287763055,-1.450176188,-1.469077009
0,0,0,0,0,0
-0.000223443,0,0,0.276553259,1.117781221,2.072469742
0.000379621,0.087818547,0.039021364,0.048195014,-0.079254394,-1.189683661
0,0,0,0,0,0
0,0,0,0,0,0
-0.000181244,-0.150033462,-0.47647379,-0.986022936,-1.984023632,-4.006648623
0,0,0,0,0,0
0,0,0,0,0,0
2.98E-05,0.178039827,0.778680011,1.411871905,2.11755667,2.990829739
0.0007418,0.003132377,0,0.041016314,0.080474746,1.77608834
0,0,0,0,0,0
0,0,0,0,0,0
-0.0002832,0,0.324559347,0.716774637,1.231812326,1.105683856
0,0,0,0,0,0
-0.000145725,0.005939699,-0.009885458,-0.151550223,-0.409809696,-1.073779895
0,0,0,0,0,0
0,0,0,0,0,0
0,0,0,0,0,0
0,0,0,0,0,0
0,0,0,0,0,0
0,0,0,0,0,0
0.000534395,0.065655895,0.71810666,1.431022026,2.096646895,2.317206439
-0.000513238,0,-0.136827708,0,0.807254726,1.620019577
0,0,0,0,0,0
-0.000132947,0,-0.049642681,-0.422457552,-0.998876772,-1.728389415
0,0,0,0,0,0
0,0,0,0,0,0
0,0,0,0,0,0
3.99E-06,-0.000206852,0,-0.270584789,-0.663078289,-1.291752997
0,0,0,0,0,0
-0.000481968,0.00090284,0.108868606,0.925464651,1.309018634,1.780292719
0,0,0,0,0,0
0,0,0,0,0,0
0,0,0,0,0,0
-0.008639018,-0.26297757,-0.796635462,-1.709555519,-2.869046876,-5.374279645
0,0,0,0,0,0
0,0,0,0,0,0
1.79E-05,0,-0.03558934,-0.003191554,0,0.833731527
-0.000165319,-0.023340063,-0.169566702,-0.447342661,-0.738346251,-1.127432359
-0.000267943,-0.015771276,-0.547990897,-0.870488864,-1.214071552,-2.146711141
0,0,0,0,0,0
-0.000272158,-0.106683173,-0.466953979,-0.859474414,-1.279841408,-1.312126594
0.000451359,0,-0.036055952,-0.669035843,-1.050524766,-1.523031119
0,0,0,0,0,0
10,15,20,30,45,90
0,0,0,0,0,0
0,0,0,0,0,0
-0.224627484,-1.309503449,-1.996030759,-1.749140351,-1.489210508,-1.536366688
0.001890716,0.195594057,0.320127663,0.883023915,0.726726515,0.620848079
0,0,0,0,0,0
-0.890431897,-1.371819223,-1.225645539,-0.489627719,-0.166458829,-0.388616037
0,0,0,0,0,0
0,0,0,0,0,0
0,0,0,0,0,0
0.35410647,0.924624081,1.199767779,1.863588932,1.628383276,1.969072398
-0.192948034,-0.707889498,-0.975265444,-1.12630851,-1.264184658,-1.361286128
0,0,0,0,0,0
0,0,0,0,0,0
0.000175158,0,0,0.116496646,0.369515022,0.922117132
-0.000202478,-0.257284881,-0.338165005,-0.580747367,-0.681137108,-0.868428519
0.000300127,-0.020610504,-0.492093189,-0.776813626,-1.08407421,-1.178103535
0.003490374,0.475921897,1.176921017,1.41223166,1.287151481,0.993892202
0.274594872,1.060741407,1.821876629,2.464386656,2.365555877,2.470580348
0,0,0,0,0,0
0,0,0,0,0,0
-0.000289333,0,0.084525479,0.324048992,0.416921594,0.715323192
0.461218802,1.125430981,1.49647394,1.679548909,2.189927224,2.131553375
0,0,0,0,0,0
-0.100248645,-0.466818056,-0.394577863,-0.795540532,-0.79140708,-0.933224803
0,0,0,0,0,0
0,0,0,0,0,0
0,0,0,0,0,0
0,0,0,0,0,0
0,0,0,0,0,0
0,0,0,0,0,0
-0.000275784,-0.485219059,-0.632342687,-0.340396719,-0.563197726,-0.573232395
0,0,0,0,0,0
-0.002827481,-0.44995962,-0.320009769,-0.652386354,0,0.982563533
0.000274421,0,0.650008645,1.045495284,1.299435321,1.241669316
0,0,0,0,0,0
0,0,0,0,0,0
0,0,0,0,0,0
-0.000281381,0.39495491,0.902447936,1.671183103,1.758695053,2.262937189
0.317420447,0.697086976,0.915135318,1.378287783,1.335032576,1.33887659
0.033247209,0.031933164,0.528983666,0.899560381,1.312417082,1.261976659
0,0,0,0,0,0
-0.000577118,0,0.312982526,1.272210103,1.698144594,1.314453521
0.077933914,0.428056665,0.538018989,0.637527654,0.420401761,0.110819554
-0.036100246,0,0.580930172,3.002497777,4.746139616,5.332373364
0,0,0,0,0,0
0,0,0,0,0,0
0,0,0,0,0,0
0.010875945,0.888639167,1.569507439,1.917335903,1.861342342,1.773535895
0.861333274,1.860515703,2.017990006,2.718070402,2.710335835,2.762804189
0,0,0,0,0,0
-0.156649581,-0.410347256,-0.341915206,-1.272755298,-1.500429144,-1.637888344
-0.189938555,-0.687531897,-1.07395359,-1.499935509,-1.560308917,-1.405121738
0.000150138,0,-0.280721427,-0.54983574,-0.841717347,-0.538096777
-0.066692045,-0.300057675,-0.541972537,-0.891523722,-1.310654956,-0.859949154
-0.000220603,-0.002098557,-0.29576105,-0.598420836,-0.85650633,-0.71747915
0,0,0,0,0,0
0,0,0,0,0,0
0,0,0,0,0,0
0.352972638,0.583796308,0.673334105,0.90828103,0.701339875,0.80375524
0,0,0,0,0,0
0,0,0,0,0,0
0,0,0,0,0,0
0.436393467,0.677595207,0.614629496,0.63813295,0.310545435,0.49597493
-0.000169717,0,-0.01001606,-0.53466656,-0.451402025,-0.570896707
0.039053357,0.129163871,0.351828443,0.667012546,0.284143423,0.455429882
-0.321242065,-0.888681532,-1.379480806,-1.359998891,-1.553027645,-1.681533575
0,0,0,0,0,0
0,0,0,0,0,0
0,0,0,0,0,0
1.28E-05,0.171776861,1.05463793,0.849367475,0.641324322,0.698997664
0,0,0,0,0,0
-0.277402532,-0.80483568,-1.272128217,-1.295617469,-1.535489946,-1.38736602
0,0,0,0,0,0
0,0,0,0,0,0
-0.0828797,-0.587599906,-0.475082165,-0.38664948,-0.33176631,-0.711588951
0,0,0,0,0,0
0,0,0,0,0,0
0,0,0,0,0,0
0,0,0,0,0,0
0,0,0,0,0,0
-0.000593542,-0.103244443,-0.851487817,-1.210732221,-1.180904241,-1.282590973
0,0,0,0,0,0
0.176346197,0.065148607,-0.112179848,-0.085015651,-0.474074872,-0.583206477
0,0,0,0,0,0
0.000617893,0.178479679,0.806979815,1.603442367,2.031311631,2.338115198
0.133940109,1.321073959,2.513787747,3.109568549,3.350520313,3.453355452
0.109425543,0.000194511,1.052347316,2.404113752,3.167292542,3.629988626
0,0,0,0,0,0
-0.120378033,-0.871953916,-1.552384778,-1.235041829,-1.118510878,-0.48391593
0,0,0,0,0,0
0.131507471,0.590360829,1.02021057,1.678567248,1.922312753,2.116764687
-1.16E-05,-0.003005269,0,0.519413022,0.877516333,1.3086726
0,0,0,0,0,0
-0.471620193,-1.359815355,-2.310810595,-2.855632367,-3.108975412,-2.526556703
-0.450840548,-0.651039425,-0.673039463,-0.204703438,-0.264048152,-0.370831531
0,0,0,0,0,0
-0.254471227,-0.9365881,-0.80120366,-0.856541576,-0.729783861,-0.511991582
0,0,0,0,0,0
0,0,0,0,0,0
0.000138281,-0.208147458,-0.416983636,-0.81717257,-0.838842236,-1.225356025
0,0,0,0,0,0
-0.000656857,0,0.114956292,0.810838845,1.406120016,1.281091766
0,0,0,0,0,0
0.059630954,0.63471637,0.384331761,1.309985652,1.014996882,1.488902529
0,0,0,0,0,0
0,0,0,0,0,0
0,0,0,0,0,0
0,0,0,0,0,0
-0.484495658,-0.803845819,-0.947027753,-0.932605856,-1.09269626,-1.289414617
0.000833166,0.491024855,1.365654582,1.995785511,1.975701715,1.423307777
-0.002397571,0,0.047808902,0.728078098,0.375311731,0.62843429
0,0,0,0,0,0
0,0,0,0,0,0
0,0,0,0,0,0
0,0,0,0,0,0
0,0,0,0,0,0
0,0,0,0,0,0
0,0,0,0,0,0
-0.000272094,-0.233476809,-0.557237352,-0.342991647,-0.425598911,-0.591890469
-0.000102713,0.331208958,1.022358873,1.63216909,1.970640817,2.179767574
-1.755209798,-2.430584399,-2.246151904,-2.124727827,-2.189437307,-1.936502303
0.106617726,0.945734382,1.251264786,1.183468493,1.111187389,0.630878643
-0.005760835,-0.198307453,-0.004106579,-0.290129676,-0.41446981,-0.885206243
0.000227274,0.036590054,0.418992381,0.516715456,0.6652738,0.525881056
0,0,0,0,0,0
0.000192396,-0.029359797,-0.58436115,-1.307674761,-2.096957711,-2.740046421
-1.06844627,-2.519788695,-3.117787182,-3.345652633,-3.153473088,-3.133172085
0,0,0,0,0,0
-0.121689261,-0.510073531,-0.925990584,-0.933639379,-1.35647047,-1.014208966
-0.016777,-0.75574707,-1.327913171,-1.41700931,-1.503449131,-1.641036881
-0.661639753,-0.856057914,-0.938802098,-0.43344245,-0.888026701,-0.775814815
-0.30023038,-1.624902781,-2.844426872,-3.247491426,-2.451783577,-1.850956563
0.180351659,1.017226956,1.16849613,1.620536854,1.529316834,1.885462191
0,0,0,0,0,0
-0.000177995,-0.358332254,-1.014768549,-1.627368448,-1.841806449,-1.790600604
0,0,0,0,0,0
0,0,0,0,0,0
-0.025938934,-0.084059885,-0.429121601,-0.993611383,-1.209232874,-0.870176021
0.288721474,0.477590917,0.530548746,0.957779692,0.778587869,0.796572773
0.000360106,0.457773094,1.193115219,1.80754775,2.070684246,1.99316765
0.001208913,0.349676688,0.874121948,0.73312727,1.452891971,1.79913354
-0.007918559,0,0,0.541164386,0.691703633,0.683086758
0,0,0,0,0,0
-0.000292492,-0.09565738,-0.243010466,-0.729628,-0.813369373,-1.270378284
0.00031711,-0.05304601,-0.79533269,-2.016773545,-2.721132082,-2.962917825
0,0,0,0,0,0
-0.000260075,-0.047338814,-0.126967325,-0.218682423,-0.760144459,-0.895559241
0,0,0,0,0,0
0,0,0,0,0,0
-0.001102069,-0.191853004,-0.45802899,-0.181688326,-0.046454801,1.096873964
0,0,0,0,0,0
0,0,0,0,0,0
-0.016241783,-0.309696111,0,0.874715617,1.109030065,1.661711633
-0.001244585,0,0.224891178,0.563933053,0.884163155,0.007894093
-0.001887721,0.002706322,0.283252179,0.76229592,0.948067658,0.095606126
0,0,0,0,0,0
0.000336404,0.526255906,0.581542708,0.748233483,0.591895101,0.65908395
0,0,0,0,0,0
0.193751745,1.991622661,3.255020484,4.233926762,4.371480427,4.661007756
-0.793575211,-2.059174013,-2.049593048,-2.019524826,-1.647354034,-1.817307701
5.00E-05,0,0.226731339,0.673776128,0.06451876,0
-0.652422853,-1.982756503,-2.723864397,-2.792255021,-3.167284841,-3.929384989
0,0,0,0,0,0
0.06960725,0.091654652,0,1.096460474,3.091820918,3.892510472
0.011232908,0,0.245093118,0.72316995,1.062563493,1.069365055
0,0,0,0,0,0
0.039921987,0.311093101,0.656670118,0.695168022,0.47630439,0.2692891
0,0,0,0,0,0
-0.000228663,0.013695103,0.311921937,0.820951404,0.538179302,0
0,0,0,0,0,0
0.006598712,0.450480526,0.892682646,1.09322487,1.146418398,0.761511743
-0.000664449,0,0.005024339,0,2.827529882,4.521553281
0,0,0,0,0,0
0,0,0,0,0,0
0.00148534,0.322348667,0.36055012,0.861770859,1.285891222,1.464294825
0,0,0,0,0,0
0,0,0,0,0,0
-0.00097573,0,0.488593546,1.182911516,1.375987245,1.822505206
-0.005900282,-0.022491313,0.335222369,0.971176663,1.205014882,0.797066254
0.000150449,0.214265055,0.206028903,0.8337979,0.372750937,0.766622037
0,0,0,0,0,0
-0.000135385,0,-0.01791013,-0.173732765,-0.587250448,-0.875682507
0.000160357,0,0,0.235601929,1.536075542,0.915013398
0.00011313,0.00441283,0.400444476,1.40298424,3.423811634,6.637724975
0.001045986,0.313674795,0.782097878,2.202932377,3.649801089,5.98171776
-0.000281051,-0.198790396,-0.661759038,-0.48282459,-0.516455079,-0.938460164
-0.003136005,-0.85329755,-1.487575843,-2.154495741,-1.878100943,-2.370519644
0,0,0,0,0,0
0,0,0,0,0,0
0,0,0,0,0,0
-7.26E-06,-0.020858246,-0.23427372,-0.604342262,-0.877280481,-1.417094962
0,0,0,0,0,0
-0.189893056,-0.679571643,-0.912765167,-0.604601577,-0.740518466,-1.091840052
-0.037032341,0,0.878410641,2.657658056,3.741153121,4.187214017
0,0,0,0,0,0
0,0,0,0,0,0
-0.23907316,-0.934184213,-0.764548585,-0.696950668,-0.463590309,-1.115612771
-0.654158573,-1.934370291,-3.248051046,-4.029631954,-3.726265725,-2.625441168
-0.691418405,-1.510577601,-1.820959042,-1.7235487,-1.815588953,-1.583656586
0.000320431,0.291424724,0.466788818,0.585103365,0.814890313,0.916456627
0.891420646,1.808701914,2.175584863,2.027103343,2.144777737,1.892294309
0,0,0,0,0,0
0,0,0,0,0,0
-0.191434993,-0.970996503,-1.267753243,-1.015502067,-1.154748865,-1.139663237
0.014225454,0.053771389,0.311231365,0.780500892,1.04898985,1.685436985
-0.000401058,0,1.585365472,1.363218099,1.74986551,1.997653403
0.000232665,0,-0.00141529,0.006863809,-0.286426239,-0.973442437
0,0,0,0,0,0
0.000682939,0.110891793,0.70510431,1.281409543,2.351708251,2.910027729
-0.00020144,0,0.008334083,0.004058339,-0.112072599,-0.646414231
-0.000455808,-0.84071346,-1.776020655,-1.660788295,-1.70529588,-1.646140309
8.51E-05,-0.01372134,0.1763712,0.903830585,1.113513568,1.036545414
0.009690025,0.542558717,1.231691216,1.960955576,2.276547769,1.896761126
-0.00027109,0,0.007274769,1.464551397,2.19595389,2.094573097
0.304748608,0.804958298,1.094756656,1.487266381,1.658005139,1.480384526
0,0,0,0,0,0
0.001571315,0.043713582,0.642020192,0.644323584,0.568457578,0.057141218
-5.27E-05,0,0,0.014665054,0,-0.701839501
-8.06E-05,0.01167444,0.627174834,1.247844887,1.147805454,1.059545815
0.087981155,0.649933107,0.983368983,1.3962712,1.135012265,0.436826171
0.00089392,0.109186076,0.429339288,0.890479633,1.283011379,2.05065991
0.000232983,0.139678317,0.248834842,0.926110463,1.016736891,2.19749044
0.130993802,0.232261451,0.596086241,0.897920878,1.570039246,2.254688346
0,0,0,0,0,0
0,0,0,0,0,0
0.244115055,0.700666307,0.956474336,1.084956792,0.793118554,0.316189718
0,0,0,0,0,0
-0.401719776,-1.06953247,-0.768897298,-0.842421346,-0.557252074,-0.830605171
0,0,0,0,0,0
0,0,0,0,0,0
0.020731071,1.018580267,2.202142971,4.242639903,5.459990923,6.757990182
0.000266344,0.034766691,0.667470044,0.675350817,0.935954082,1.036097176
-0.495446394,-1.472998116,-2.423998551,-2.862570644,-2.492560318,-2.37712166
0,0,0,0,0,0
0,0,0,0,0,0
0,0,0,0,0,0
0.335605273,0.7814748,0.862655721,1.090011334,1.185902531,0.796732552
0.22177552,1.686087333,3.010427879,4.056006805,4.198757666,3.829969475
0,0,0,0,0,0
0,0,0,0,0,0
0,0,0,0,0,0
0,0,0,0,0,0
0.00368522,0,-0.478708241,-0.556248749,-0.812981867,-1.055083933
-0.000415979,-0.107357091,0,0.060220156,0.45261374,1.365638309
0,0,0,0,0,0
0,0,0,0,0,0
0.000631645,0.040402572,0,0.075496372,0.728663387,1.294990273
0.000368127,0.10531864,0.473940622,1.108143025,1.721412399,2.76689712
-0.000198677,0,0,0.012028026,0.828044159,0.291201842
0.000370879,0.059944278,0.366471057,0.484451592,1.098215091,0.918927654
-0.000110019,0,0.454204948,0.761094953,1.318448142,1.746083259
-0.088046675,-0.242151939,0.387291065,1.129350578,1.733598762,1.506174091
0.057181855,0.070051955,0.261915224,0.971035731,1.159245361,1.189063807
-0.000340656,-0.519584122,-0.763522196,-0.554496544,-0.271966489,0.31555721
0.224479861,1.309240862,1.798367791,1.95242721,1.856822523,2.268439331
0.000213194,0.055787797,0.343270277,0.58147513,0.61940721,0.427403545
0.234755485,2.016411367,3.03450078,3.469448063,3.143398053,3.687964641
-0.000288112,-1.080945882,-1.406438188,-0.20661105,0,-0.651811295
0,0,0,0,0,0
0,0,0,0,0,0
-0.000303786,0.020769833,0.322193933,0.934080172,0.553872168,0.611890044
0,0,0,0,0,0
0.091683383,0.472244691,0.40938094,0.697117176,0.654404746,0
0,0,0,0,0,0
0,0,0,0,0,0
-0.124212298,-0.910053556,-1.099639023,-0.944430068,-0.619613261,-0.201843756
0,0,0,0,0,0
0,0,0,0,0,0
0,0,0,0,0,0
0,0,0,0,0,0
-0.179952863,-1.041440037,-0.580617946,0.001017482,0.618028287,0.705084301
-8.04E-05,-0.00657307,0,0.27886645,0.98474676,1.24346829
0,0,0,0,0,0
0,0,0,0,0,0
0.156018214,0.603114066,1.563480801,3.156106473,3.792505682,4.114036703
0.000689247,0.116002484,0.859860531,1.206099231,1.530211861,1.236000026
0.000324552,0.230667458,1.210555706,1.633923161,2.339599105,2.436576193
0,0,0,0,0,0
-0.114675196,-0.780620063,-0.996817745,-0.647282612,-1.446762094,-1.522973658
0,0,0,0,0,0
0,0,0,0,0,0
0,0,0,0,0,0
0.00101666,0.011961075,1.242096921,3.217784725,4.709829274,6.470067205
4.868885878,4.153557251,4.150761173,4.343349385,4.06785303,4.283105039
-0.000353095,-0.423396603,-1.118170088,-1.021131521,-0.854243037,-1.238689975
0,0,0,0,0,0
0.027483402,0.391892204,0.405653719,0.550030557,0.462619755,0.375768843
0,0,0,0,0,0
0.000393147,0.064681862,0.484880029,0.437041319,1.014737871,1.537996931
0.000157251,0.131559919,1.002949173,1.564124396,1.964483731,2.042675634
0.000176311,0,0.007151653,0,-0.518477722,-0.772150951
0,0,0,0,0,0
0.000593732,0.150639015,0.518891526,0.368403845,0.426584137,0.433611144
-0.000392894,0,0.106350461,1.311745232,1.777103732,2.47546044
-0.0694603,-0.556021349,-0.569494994,-0.525423958,-0.318933817,-0.913849574
0,0,0,0,0,0
-1.021467981,-1.563882005,-1.391387286,-0.837015694,-1.022814971,-1.12206548
1.28E-05,0,0.470883623,1.200414002,1.498625562,1.669408009
0.190866502,0.507114748,0.97009463,0.382569529,0,-0.391327745
0.207803014,1.203388178,1.645824211,2.105218375,2.34300508,2.470752617
0.238865389,1.146097706,1.473064623,1.698916781,1.8807946,1.824177147
0.002158248,0.516216261,0.770854128,1.362851761,1.261063145,1.473681611
0,0,0,0,0,0
0,0,0,0,0,0
8.96E-06,0.114340071,0.442986095,0.753509774,0.426937294,-0.127748195
-0.001110449,-0.209711472,-0.008567059,0,0.708176396,0.909047514
0.447195819,2.422068892,4.367697497,5.51101678,5.372366596,5.382112303
0.000245333,0.151234831,0.461681638,0.798777593,0.938423348,0.974177784
0,0,0,0,0,0
0.000687965,0.09509024,0.860300026,1.711288276,1.868442553,2.008360509
0,0,0,0,0,0
0.004958004,0.329607134,0.544626118,0.799017652,0.966934197,0.719702861
0.027154687,0.689779569,1.109299959,1.173470309,1.160156452,0.830755684
0.332478629,0.903585592,1.372131271,1.661340613,1.33465719,1.137349752
0.103893671,0.387101189,0.235407649,0.032086441,0.805152474,1.556911928
0,0,0,0,0,0
-0.000252313,-0.091386981,-0.455504181,-0.925267346,-1.445327001,-1.074999651
0.000354341,0,0.017974835,1.261543521,1.591643059,1.595964539
-0.044214276,-0.981012979,-1.826852344,-1.558447568,-1.510528775,-1.026938169
0,0,0,0,0,0
0,0,0,0,0,0
0,0,0,0,0,0
0,0,0,0,0,0
-0.000273866,0.50732356,1.426888887,2.492481171,2.555491209,2.394473931
0.186652412,0.787197937,1.194935345,1.674206323,1.804892638,1.878727736
0.007314905,0.717589004,1.267006612,1.332204826,1.448187606,1.714238762
0.000777523,0.049470544,0.263778893,0.618900287,1.05297528,1.160870352
0,0,0,0,0,0
-0.03876817,0,1.356563311,2.214124784,2.730418315,2.358089723
0,0,0,0,0,0
-0.000367101,0,-0.16806545,-0.151542237,-0.584224725,-0.545423128
0,0,0,0,0,0
0,0,0,0,0,0
-0.783854936,-0.858783672,-0.685314339,-0.328104996,-0.296720523,-0.220994323
0,0,0,0,0,0
-0.031880464,-0.13627361,0,1.146201931,1.381357889,0.714104062
0.000621503,0.020864843,0.131300038,0.805458748,1.185725008,2.282310366
0,0,0,0,0,0
-0.163729811,-0.092967039,0.189529006,1.230245205,2.147208278,2.606620692
0,0,0,0,0,0
9.96E-05,0,0.256720672,0.828207078,1.186972389,1.466610515
0,0,0,0,0,0
0.145716687,0.369604654,0.362772749,0.876125419,1.051451935,1.062842978
0,0,0,0,0,0
-0.00062552,-0.024766747,-0.159286406,-0.000114104,-0.505929112,-0.372082429
-0.046798819,-0.352289204,0,-0.212218408,-0.058581956,-0.623577247
-0.019460586,-0.163671267,-0.349941809,-0.248015192,-0.634286577,-0.413195747
-0.514423484,-1.734364842,-2.365005794,-1.998564732,-1.822784677,-2.000829537
0,0,0,0,0,0
0,0,0,0,0,0
-0.518930557,0,0.974613808,1.214218568,1.501474497,1.490472505
-0.611155852,-1.31828946,-1.897346703,-2.009539014,-2.274923786,-2.195198132
0.017983209,0.16482653,0.658102522,0.955132916,1.112479057,0.335205417
-0.02669855,-0.940607694,-1.436030659,-0.932871735,-1.071800295,-1.626793967
-0.001643555,-0.159530965,-0.529018653,-0.946373155,-0.662356424,-0.695770976
0,0,0,0,0,0
-0.00014832,0.050153439,0.697107525,1.05002677,1.223109138,1.007034293
0,0,0,0,0,0
-0.000251299,-0.208869823,-1.047382966,-2.185900619,-2.948506237,-3.188577883
0.000825429,0.289344351,0.50619582,0.9174514,1.199070399,1.52641206
0.000124643,0,0,0.639183356,1.60190307,2.261368729
0,0,0,0,0,0
0.396188778,1.799234426,2.417093572,2.556638044,3.263525551,3.489093791
0.326450351,0.899246108,1.380098003,2.437387318,2.764806547,3.234442963
0.129622415,0.732876094,1.048732821,1.594739343,1.819456005,2.030174667
0.038370547,0.658619325,0.892802278,1.404349041,1.569213933,2.016223574
-0.266918581,-0.758983639,-1.200542584,-1.119519091,-0.798220342,-0.405853237
0,0,0,0,0,0
0,0,0,0,0,0
-0.000305476,-0.002753326,-0.336873876,-0.310973787,-1.091955899,-1.809387263
0.000810005,0,0,0.608089531,1.765702488,2.060941196
0,0,0,0,0,0
9.93E-05,-0.00295751,-0.321005894,-0.747377178,-1.205120742,-1.644272635
-0.978477717,-1.596205496,-1.681431916,-1.308087438,-1.135612564,-1.339106164
0.000400133,1.325274661,2.915028532,5.546936457,6.294914922,7.360547868
0,0,0,0,0,0
0.142804312,0.497772208,0.90165902,2.582773373,2.782462639,5.472269441
0,0,0,0,0,0
-5.95E-05,0,0,2.966836634,3.68604233,5.196587388
-0.000286361,0,0.616806185,3.110490182,3.924068414,6.02450698
-0.811892195,-0.597338438,-0.068631259,1.592491909,2.995325306,4.380842315
0.045418391,1.185861969,2.354545842,3.090042924,2.94595474,2.323912919
-0.018841478,0.02120286,0.571803343,0.875849431,0.695531992,0.469788683
0.511235749,1.592232079,2.557392323,2.6735574,2.529598925,2.654745767
0.112824676,1.226631834,1.95752208,2.006275521,2.124854835,2.072387706
0,0,0,0,0,0
0,0,0,0,0,0
0.004354641,0.501659921,0.556414831,0.654322436,0.879860579,0.763249285
0.000962659,0,0.577989652,1.407854479,1.668843726,1.827190114
0,0,0,0,0,0
0.005693732,0.530205842,0.792790702,0.659446186,0.908286196,0.521387728
0.696906428,1.034889377,1.007876282,0.817543993,0.737197306,0.446272963
0.03281854,0.43344979,0.906815434,1.136438678,1.073018763,0.914269743
0,0,0,0,0,0
0,0,0,0,0,0
-0.124214673,-0.629640833,-1.179717055,-1.68918226,-1.697249045,-1.568463103
0.448754961,1.207796362,2.419769092,3.822380296,4.275033173,4.001815938
0,0,0,0,0,0
0.000334849,0,-0.380841672,-0.925201068,-0.74904458,-0.718492029
0,0,0,0,0,0
-0.000492937,-0.22447589,-0.735660887,-0.630528412,-0.447629378,-0.210274616
0,0,0,0,0,0
0,0,0,0,0,0
-1.246760421,-2.030988341,-1.827238243,-1.131563908,0,0.58198566
0.000240725,0,0.084168263,1.148235574,1.638121361,1.212060521
0,0,0,0,0,0
0,0,0,0,0,0
0,0,0,0,0,0
0.003204618,0.386139004,0.026439744,0.104289893,0.306710508,1.516064507
0,0,0,0,0,0
0.392017784,1.410187186,2.105582487,2.082682605,2.44549393,1.60473379
0,0,0,0,0,0
-0.873397142,-1.293281828,-1.193187604,-1.43017185,-1.138619187,-1.217476695
0.413865985,0.900320594,0.941719125,1.102963602,0.852226158,0.848645772
0,0,0,0,0,0
0.338038404,1.027270277,1.217070619,1.34424769,1.330720028,1.581397249
0.131971327,0.974945376,1.54337428,2.3552005,2.451592967,2.74608062
0,0,0,0,0,0
0,0,0,0,0,0
0,0,0,0,0,0
0.435455018,1.327799852,1.841359727,1.894456653,1.959349832,2.066840228
-0.061697942,-0.283458978,0.295410122,-0.532285011,-0.830611239,-0.582489017
-0.233631809,-0.732339978,-0.537141874,-0.24852164,0,-0.138946687
-2.46E-05,0.012000565,0.457259998,0.944684741,1.081728686,1.002864204
0,0,0,0,0,0
0,0,0,0,0,0
-0.426520378,-0.921510291,-0.94334249,-0.869764567,-0.829544308,-0.921905292
0,0,0,0,0,0
0.007091722,0.506549282,0.899086007,1.050533238,1.220131316,0.633370065
0,0,0,0,0,0
0,0,0,0,0,0
0,0,0,0,0,0
-0.000249994,0,0.156283742,0.750052492,0.761145805,0.515952089
0,0,0,0,0,0
0.266273533,0.516071383,0.442298906,0.662209332,0.8493233,0.528908745
0,0,0,0,0,0
0,0,0,0,0,0
0,0,0,0,0,0
-0.042747037,-0.718204427,-1.083276625,-1.015235705,-1.163940621,-1.003468198
0,0,0,0,0,0
-0.070477174,-0.474973143,-0.685250941,-0.435876308,-0.648697908,-0.734899336
0,0,0,0,0,0
0,0,0,0,0,0
0,0,0,0,0,0
0,0,0,0,0,0
0,0,0,0,0,0
0.002854524,0.379001474,1.461617655,2.625653723,3.457490594,3.792614866
0,0,0,0,0,0
0.001968837,0.073138569,1.528745052,2.708022993,3.720328811,3.38866976
-0.295489204,-1.141080454,-0.915631292,-0.454110525,-0.101585676,-0.443983848
0,0,0,0,0,0
0.052440313,0.418144042,2.404928962,3.230613803,5.00472841,4.940981038
0,0,0,0,0,0
0.000383342,0.015901189,0.044961828,-0.044991735,-0.406139585,-1.287779572
0.162633311,0.387721367,1.256543179,1.274147807,1.062390538,2.245605261
-0.182186339,-0.822248869,-0.971068765,-1.084325571,-0.96823334,-0.726801414
9.16E-05,0,0,0.477860231,0.652483703,0.806151123
0.000219329,0.14664166,0.595312442,1.125837252,1.339074155,1.152866537
0,0,0,0,0,0
-0.427830696,-1.346078886,-1.671100338,-1.237444775,-0.747886188,-1.284208544
0,0,0,0,0,0
-0.000502881,-0.474143599,-1.190967888,-1.134078021,-1.441537237,-1.215147841
0.005940627,0.694475475,1.270791608,1.376973787,1.509183956,1.846091175
0,0,0,0,0,0
0,0,0,0,0,0
-0.408976693,-1.324708189,-1.791816461,-1.951956112,-2.167819863,-2.042380185
0.065563455,0.775484837,0.884913537,1.267619802,0.858363903,0.887063945
0,0,0,0,0,0
0.000162086,0,0,-0.439954461,-0.700371553,-0.647353921
0,0,0,0,0,0
0,0,0,0,0,0
0,0,0,0,0,0
0,0,0,0,0,0
0,0,0,0,0,0
-0.000159442,0,0,0.259839066,0.471364744,0.958793604
0,0,0,0,0,0
0.335030653,0.591635443,0.626536324,0.75117366,0.448513999,0.159449614
-0.953732219,-1.422342683,-1.14389122,-1.028919506,-0.649010797,-0.421666129
0,0,0,0,0,0
0.001089992,0,-0.023084667,-0.576466712,-0.716351196,-0.866560116
-6.99E-06,0,0.381889585,1.358761289,1.877157613,1.800873971
0,0,0,0,0,0
0.000366226,0.50185206,0.8023565,0.635862635,0.533794942,0.314119187
0,0,0,0,0,0
0.604704883,1.38680759,1.644645922,1.786176661,1.407068685,1.257925367
0.165963476,0.741523555,0.752943279,1.057491796,1.00942088,1.279726825
0,0,0,0,0,0
0,0,0,0,0,0
-0.003442443,-0.497399069,-0.660697032,-1.039459905,-0.076851649,0.014674498
0,0,0,0,0,0
-0.000351046,0.027743472,0.703147085,0.864415646,0.587089792,0.494692058
0,0,0,0,0,0
0.48300227,0.58806125,0.424499786,0.664779493,1.084668491,1.244473147
0,0,0,0,0,0
0.152125349,0.787440642,0.894324121,1.118936748,1.032236971,1.273729744
-0.844214199,-1.605842113,-2.053233469,-1.489747133,-1.38350438,-0.963142371
0,0,0,0,0,0
-0.000301184,0,0.561181864,1.231628346,1.543004813,2.526392959
-0.000781867,-0.661261553,-0.970442025,-1.908086077,-2.669465642,-3.161942933
-0.000387563,0.000880143,0.053176105,0.384748426,0.507302636,0.893337656
0.116469282,0.766561919,0.710504667,0.680695902,0.615560998,0.526727905
-0.035343292,-1.226322463,-2.216855723,-1.933878193,-1.224896345,-1.080978642
-4.22E-05,0,0.09044211,0.915747022,1.265260483,1.995807298
0,0,0,0,0,0
0,0,0,0,0,0
0,0,0,0,0,0
-0.000369099,-0.083631178,0.240528815,0.841565426,2.174999944,3.083649331
-0.778492519,-1.210422903,-1.016526614,-0.74065573,-0.463672714,-0.199259435
-0.686749854,-1.02888385,-0.397995637,0.001059167,0.139885732,-0.261952859
0.000968487,-0.030372172,-0.534727697,-0.763792206,-0.891008503,-0.716214406
-0.000169644,0,-0.109971166,-0.356968289,-0.659413182,-0.903019541
0.00062425,0.398347171,0.15857574,0.724808701,0.746423914,1.180729541
0.013474784,0.163387581,0.334655891,0.490498861,0.417156632,0.468411192
0,0,0,0,0,0
-0.000263435,-0.035946808,-0.636937313,-0.20015194,-0.197406298,-0.079688404
-0.105422833,-0.816760962,-1.606935466,-2.027636804,-2.207035942,-2.117204981
-0.289977575,-1.00125234,-1.476089739,-1.746607565,-1.862794982,-1.577619822
0.009232992,0.466155694,0.994292986,1.247995962,1.574553525,1.517488952
0.000383598,0.129045842,0.425729234,0.721292686,1.221331893,1.646435193
0,0,0,0,0,0
0,0,0,0,0,0
0,0,0,0,0,0
0.008171414,1.046686783,1.449764933,1.802123356,1.94735623,2.750247458
0,0,0,0,0,0
0,0,0,0,0,0
-0.000293303,0.01150341,0.718229331,1.058356779,0.835022469,0.218447232
0.027768842,0.862475089,1.654745485,3.244498463,3.549925346,3.776082072
0,0,0,0,0,0
0.190268092,0.176515233,0.166399827,0.60326726,0.934955389,1.941692772
0,0,0,0,0,0
-0.00801914,-0.401637282,-0.337325408,-0.645997211,-0.559331957,-1.508615385
-0.560842416,-0.969186086,-1.461040162,-1.256883064,-1.240234324,-1.477571406
0.307800195,1.179176956,1.589692396,1.81836109,2.034589618,2.106448082
-0.032224773,-0.420519064,-0.471866142,-0.663420177,-0.866563549,-1.111507879
-0.126357171,-0.641937088,-0.481151736,-0.010420477,0.962949943,1.279478541
0.340812093,1.05558284,1.326147293,2.276132647,2.740144296,2.046345625
0,0,0,0,0,0
-0.170703982,-0.921966067,-0.325026375,0.878240679,1.31926468,1.003983211
-0.000106933,-0.040790027,0.622609785,1.527645515,1.990763653,1.943648953
-0.002912476,-0.582796074,-0.691736688,-0.681886583,-0.555879638,-0.597505234
0,0,0,0,0,0
0.255748523,0.372433378,0.438728249,0.589946126,0.24697636,0.375619986
0,0,0,0,0,0
0,0,0,0,0,0
0,0,0,0,0,0
0,0,0,0,0,0
0.000180032,0.152230614,0.813112893,1.421669042,1.701453371,2.075475298
0,0,0,0,0,0
0,0,0,0,0,0
0,0,0,0,0,0
0,0,0,0,0,0
0,0,0,0,0,0
0,0,0,0,0,0
-0.000219615,-0.332106503,-0.785321049,-0.908357309,-1.243846227,-1.648705675
0.337004432,1.913498632,2.76062552,2.840833239,3.04313654,3.159976349
0,0,0,0,0,0
0,0,0,0,0,0
-6.27E-05,0,0,0,-0.166936699,-1.101040397
-0.011775227,-0.294945284,-0.133555394,-0.279312508,-0.283797223,-0.623950911
0.000298796,0.011535138,0.083361788,1.091529748,1.243030081,1.953201345
0,0,0,0,0,0
0.053527318,0.324194118,0.599264112,0.855985659,0.399636118,0.178689653
-0.715168194,-2.10747136,-2.86048486,-3.503671506,-3.817814433,-3.935943032
-0.001716069,-1.233063827,-2.094912813,-2.519213066,-2.775860868,-3.611791273
0,0,0,0,0,0
0,0,0,0,0,0
0,0,0,0,0,0
4.93E-05,0,0.06937646,0.646264696,1.415575722,2.418369692
0,0,0,0,0,0
0.021671504,0.61064993,1.195751774,1.466986827,1.399094142,1.503211922
0.155384598,0.678454598,0.930932752,0.90339747,0.687004206,0.771048677
0,0,0,0,0,0
0.019926933,0.425120431,0.779139789,1.03478033,1.043575504,1.769718622
-0.000283265,0,0.059057489,0.399647707,0.816586626,0.942122759
-0.683550699,-1.210688941,-1.231867445,-0.86132959,-0.429522168,-0.469964722
-0.042160752,0,-0.51896757,-0.760668557,-1.121780984,-1.332795938
0,0,0,0,0,0
-6.52E-05,0,0.952049511,1.90680149,2.805858506,3.107310018
0.011891157,0.228597735,1.271171804,1.46286646,1.854313202,1.702551866
0,0,0,0,0,0
0,0,0,0,0,0
0.001743606,0.34737651,0.905048425,0.99485597,0.988861589,1.030135211
0,0,0,0,0,0
0,0,0,0,0,0
-2.035235989,-2.882172609,-2.457903568,-1.726724266,-1.143321797,-1.71362459
0.221573788,1.065664701,1.480161704,1.854844009,1.677129915,2.069254121
0,0,0,0,0,0
-0.142566975,0,0.735670234,1.416294252,1.778104649,1.619578863
0,0,0,0,0,0
-0.592903639,-1.574544712,-2.291996921,-2.466262992,-1.914801595,-1.959422169
0.658930152,2.134230947,3.062647991,3.246007866,3.430635425,3.157141906
0.155849935,0.674393611,1.037267696,1.476282877,1.776365371,1.906517544
0,0,0,0,0,0
-0.263616537,-1.258763803,-2.545371478,-3.324584406,-3.524174785,-3.792994725
-0.225683523,-0.443424328,-0.337765401,-0.423315156,-0.231716891,-0.72395009
0,0,0,0,0,0
0.065510171,1.790561557,3.84307712,6.02328673,6.294702597,6.715618194
-0.27614235,-0.759091146,-0.954810931,-0.900449588,-0.794245464,-0.882463694
-0.000349124,0.460093909,1.246000687,1.716921525,1.482583708,1.290397277
0.027113606,0.98854815,1.459663649,2.115289872,1.509771905,1.291252733
-0.112970442,-0.722148744,-0.972333366,-1.240384575,-1.512765629,-1.751325073
0,0,0,0,0,0
0,0,0,0,0,0
0,0,0,0,0,0
0,0,0,0,0,0
0,0,0,0,0,0
0.076540922,0.750303235,0.988736543,1.010431452,1.346447267,1.263959334
-0.073292759,-0.281451184,-0.0084822,0.575582255,1.309890403,1.844659237
0,0,0,0,0,0
0,0,0,0,0,0
-0.00037814,-0.892891585,-0.878722783,-0.883584617,-0.479944553,-0.806376512
0.000121375,0.001103116,0.307101626,1.147178681,1.643126047,1.531682789
0.546592595,1.75914571,2.373137498,2.824028932,2.51098532,2.522332089
0,0,0,0,0,0
0.277597227,1.525560965,1.975328777,2.539557068,2.823342968,2.690144678
-0.004349925,1.02335512,1.250836601,2.602868096,3.218394787,3.885438096
-0.000489949,0.006253951,0.619080563,1.145643651,1.40662941,1.587010646
0,0,0,0,0,0
0.418438862,0.738430133,0.822466939,0.51760813,0.450601833,0.232842202
0,0,0,0,0,0
0,0,0,0,0,0
0.000267359,-0.00937883,-0.48492137,-0.712596326,-0.680615375,-0.402462573
-0.190780636,-0.630946123,-0.488935824,-0.678911706,-0.68010355,-0.652113531
0,0,0,0,0,0
0,0,0,0,0,0
0,0,0,0,0,0
0.000247998,-0.336769918,-1.007888585,-1.009751958,-1.110302241,-0.785436654
-0.054161427,-0.500959195,-0.940418015,-0.731461889,-0.874651483,-0.704539625
-0.009095458,-0.325683437,-0.106512185,-0.651435637,-0.581654024,-1.183848386
0.003234325,0,-0.119185277,-0.7952243,-1.364345742,-1.786117305
-1.08E-05,0.316696244,1.208340735,3.059147856,4.03206256,3.758421921
0.002558456,0,-0.112982726,-0.303757819,-0.366662957,-0.837158248
0,0,0,0,0,0
0,0,0,0,0,0
0,0,0,0,0,0
-0.128047036,-0.916808383,-0.745921349,-0.773418789,-0.331709233,-0.544900119
-0.001058253,-0.444965981,-0.967752421,-1.239545858,-1.493930344,-1.29153264
0,0,0,0,0,0
-0.329944091,-1.017819753,-1.165502098,-1.218900328,-0.996869789,-0.777552738
0,0,0,0,0,0
0,0,0,0,0,0
0,0,0,0,0,0
0.003756918,1.401293586,2.107268724,2.494396605,2.405953072,2.585908065
0,0,0,0,0,0
0,0,0,0,0,0
0.000139733,0.072650957,0.538365905,2.503553451,3.483885429,4.345326419
0,0,0,0,0,0
-0.000435392,0,0.01559189,0.519194026,0.895722163,1.500631393
0,0,0,0,0,0
0,0,0,0,0,0
0,0,0,0,0,0
0,0,0,0,0,0
0.209345403,0.838646353,1.155998056,1.540743783,1.821386866,2.964814733
0.00059289,0.133546863,0.118845572,0.906756717,0.538313428,1.054030363
0,0,0,0,0,0
-0.214722915,-0.784507815,-0.846151376,-0.837215089,-0.920899908,-0.816336253
-0.098489703,-0.63955604,-0.634359408,-0.917614762,-0.857215847,-1.435535169
0,0,0,0,0,0
0,0,0,0,0,0
0.243582182,0.806971606,1.063161772,1.130089491,0.871141811,0.784720416
-3.06E-05,-0.204024182,-0.774847295,-1.129625991,-1.137088514,-1.461713923
-0.168984603,-0.494995822,-0.631974241,-0.993648282,-1.047034348,-1.566816713
0.305017698,2.116092787,3.727466186,5.024378211,5.38481974,5.955910857
0,0,0,0,0,0
0.000152034,0.31337324,0.729995236,0.905693312,0.686809029,0.784817491
0,0,0,0,0,0
0,0,0,0,0,0
0,0,0,0,0,0
0,0,0,0,0,0
-0.000312104,-0.531031496,-0.636637649,0,1.25223978,1.948281495
0.099895682,0.657447886,0.949105238,1.076849025,0.806293715,0.241886027
0.000118177,0.00369988,0.396632736,1.356468574,1.953161592,2.320950069
-0.000162485,-0.353811057,-0.205983656,-0.613540964,-0.660548899,-1.275958647
-0.000155107,-0.051890537,-0.005658142,0,0.839172531,1.286763812
0,0,0,0,0,0
0,0,0,0,0,0
0.000281038,0.67906863,1.289507957,2.422784793,2.809562771,3.171574335
0.133529235,1.299156336,2.142876217,3.444988265,3.416775975,3.896494635
-0.000122388,0,0.004038715,0.319702866,0.893717942,2.038575041
0.000261834,0.176785321,0.407534743,0.872820172,0.995505777,2.167119729
-0.078581385,-0.807285814,-1.348728411,-1.570084214,-1.585952851,-1.617565426
0,0,0,0,0,0
0,0,0,0,0,0
0,0,0,0,0,0
-0.000454305,0.001830086,0.009166344,0.056262055,0.759201059,2.002591658
0,0,0,0,0,0
0,0,0,0,0,0
0,0,0,0,0,0
0.000480957,0.003728239,0.598791751,1.086982972,1.433567368,1.085946604
0,0,0,0,0,0
0,0,0,0,0,0
-0.500094262,-1.10928364,-0.80985478,-1.037772834,-0.874101485,-1.063148034
0,0,0,0,0,0
0,0,0,0,0,0
0,0,0,0,0,0
0.238793194,0.786707096,1.179071222,1.396968799,1.4827779,1.321360503
0,0,0,0,0,0
-0.642691338,-1.322686201,-1.007210619,-0.502856826,-0.226793034,-0.606775751
0,0,0,0,0,0
0,0,0,0,0,0
0.008900465,0.360804679,0.577897273,0.565804444,0.607282528,0.820228073
0.08841286,0.560513992,0.910676734,1.330980656,1.302623244,1.63123962
0.178997644,0.783961928,1.22497433,1.571679714,1.437380894,1.566189903
0,0,0,0,0,0
-0.134842769,-0.851601517,-0.710748966,-0.56850083,-0.72782919,-0.655834261
-0.000540911,-0.260257169,-0.042519821,0.397287149,0.737969576,1.030923017
0.0003655,0,0.116980709,1.825731173,1.780387178,2.63472057
-0.00098298,-0.001958714,-0.023659929,1.300092647,2.188967705,2.073948312
0.086447744,0.315270367,0.674138326,1.284453895,2.359009536,2.858457327
-0.000208837,-0.229603005,-0.035077912,-0.066984679,0.825736144,1.422675076
-0.749607945,-1.465618591,-1.78313239,-2.002495199,-1.98863105,-2.702334178
0,0,0,0,0,0
0,0,0,0,0,0
0,0,0,-0.455411497,-0.893088427,-1.343452004
0,0,0,0,0,0
6.76E-06,0,0.92449762,1.814580039,2.416420405,2.502210294
0.867047078,0.947135674,0.496167233,0.461912339,0.240493172,0.898631673
0,0,0,0,0,0
0,0,0,0,0,0
0,0,0,0,0,0
0,0,0,0,0,0
0,0,0,0,0,0
0,0,0,0,0,0
0,0,0,0,0,0
0,0,0,0,0,0
0,0,0,0,0,0
-0.024887189,-0.338046346,-0.268436828,-0.928746606,-1.533925519,-0.817074504
-0.000600907,0,0.001313144,0.360221162,0.307059973,0.614533069
0,0,0,0,0,0
0,0,0,0,0,0
-0.03757543,-1.261692325,-1.283243551,-1.573542876,-1.2372312,-1.51973766
0,0,0,0,0,0
-0.220806064,-0.636577069,-0.772184191,-0.804868116,-0.50589534,-0.729190927
0,0,0,0,0,0
0,0,0,0,0,0
0,0,0,0,0,0
0,0,0,0,0,0
0,0,0,0,0,0
0.000153113,0.280964743,0.910481315,0.83331019,1.116009793,0.869253819
0,0,0,0,0,0
0,0,0,0,0,0
0,0,0,0,0,0
-0.067242217,-0.428201426,-0.886167946,-0.801246905,-1.244132016,-0.730606253
-0.003886396,0.086701273,1.132033504,1.284371441,1.392965751,1.014013458
0,0,0,0,0,0
0,0,0,0,0,0
0,0,0,0,0,0
0.322053848,0.767624792,0.946651033,1.206302448,1.294622434,1.646383734
-0.189970894,-0.62548045,-0.582912017,-0.726264279,-0.777244006,-1.001410301
0,0,0,0,0,0
0,0,0,0,0,0
0,0,0,0,0,0
0,0,0,0,0,0
-0.016869157,-0.394248451,-0.846597654,-0.632352309,-0.491629281,-0.668156986
0.002362764,0.612832971,0.435937064,0.689091599,0.994342626,1.34120114
-0.00069396,0.673870538,1.684933193,4.179949579,4.927014255,5.699974043
0,0,0,0,0,0
0,0,0,0,0,0
0.00229391,0.85926287,1.468675211,1.775293772,1.848561542,1.945620734
0,0,0,0,0,0
0.003671924,0.131500629,0.055913911,0.056686617,0,1.143825365
0,0,0,0,0,0
0.000172308,0.056950919,0.384226743,1.591694264,2.916379384,4.294329532
0.51451098,1.332894746,1.664559139,2.215070574,2.175778466,1.73056148
-0.456838643,-1.972424151,-3.368159726,-4.551240333,-4.453625905,-4.791462617
0,0,0,0,0,0
-0.000235635,-0.3438011,-0.523993654,-0.616234313,-0.716176746,-1.346617566
0.627299065,2.062640543,2.851346907,2.924429551,2.842576399,2.686465472
-1.352509925,-2.250561584,-2.195174332,-1.764132475,-1.360912504,-1.125818862
-0.741993897,-1.417735325,-0.962878334,-0.969062166,-0.479285607,-0.710104563
-0.311124704,-0.653174115,-0.621362842,-1.031296021,-1.013625208,-2.015210292
0,0,0,0,0,0
-0.421595264,-0.677233451,-0.667608224,-0.70243757,-0.575042339,-0.654650061
0,0,0,0,0,0
0.010732736,0.479843531,0.807166632,1.235945512,0.660782245,0.392629438
0.000162577,0,0.402697371,0.9261234,1.12572703,1.210756046
0.683477934,1.267111228,1.277280391,1.286449148,1.188988953,1.15347354
-0.481069423,-1.083739881,-1.259394542,-1.580040669,-1.299493556,-0.944005436
0,0,0,0,0,0
0,0,0,0,0,0
0,0,0,0,0,0
0,0,0,0,0,0
0,0,0,0,0,0
0,0,0,0,0,0
0,0,0,0,0,0
-0.000774363,-0.765599524,-1.456639824,-1.147832997,-0.351181796,0.039950807
0,0,0,0,0,0
0,0,0,0,0,0
0.034570695,0.840246304,1.367809926,1.84213848,1.803121611,1.82305267
-0.019759075,-0.838441081,-1.519419061,-1.590041542,-1.216383904,-0.967672461
0.034657338,1.160612276,2.351952746,3.775264539,4.164044801,4.646483968
0.000279131,0.636729547,1.266836537,2.48120585,2.866031363,3.318327327
-0.004181928,-0.043556199,0.600429608,2.44521184,3.115280763,3.300871568
0,0,0,0,0,0
-0.000249319,0,0.012501814,0.948654144,1.670441296,3.451920572
0.254785828,1.103069197,1.120487663,1.229255355,1.238676473,1.242439151
0,0,0,0,0,0
0,0,0,0,0,0
-0.011449428,-0.153270301,-0.259162234,-0.416724101,-0.649619293,-1.205650468
-0.001095201,0,-0.031093909,-0.306178783,-0.650898473,-1.219951766
-0.358460741,-1.044609574,-1.65827899,-1.83934822,-2.079476821,-2.094152617
1.97E-05,0.759184449,1.104279549,1.696086258,1.617453897,1.722402452
0.317283422,1.395249652,2.207005303,2.435387721,2.621500327,2.717488274
0.110353028,0.702331345,0.822921679,1.085795175,0.639880443,0.973999278
0,0,0,0,0,0
-0.00039789,-0.030306871,-0.017808123,0.298073349,0.424481242,0.706201093
0,0,0,0,0,0
3.78E-05,0,0,0,0.114659447,0.907767977
0.000480266,0.106213807,0.564235516,0.782678516,1.062459843,1.559315433
0,0,0,0,0,0
0,0,0,0,0,0
0,0,0,0,0,0
0,0,0,0,0,0
0.135484073,0.463319098,0.479323065,0.607876544,0.254174469,0.3390806
0.000301847,0,0.511560518,1.233915515,1.166418143,0.850884816
0,0,0,0,0,0
0,0,0,0,0,0
0,0,0,0,0,0
0,0,0,0,0,0
0,0,0,0,0,0
0.000437579,0.494876272,1.047671082,1.242749366,1.548949092,1.670027826
0,0,0,0,0,0
0,0,0,0,0,0
0,0,0,0,0,0
0,0,0,0,0,0
0,0,0,0,0,0
-0.00045339,-0.086544159,-0.234696198,-0.672795421,-0.834420983,-0.68134195
0,0,0,0,0,0
0.004633786,0.406236597,0.652695422,0.875502457,1.242578662,1.151043683
0,0,0,0,0,0
0,0,0,0,0,0
0,0,0,0,0,0
0.454215003,1.107142033,1.322254704,1.537573522,1.090106225,1.220535984
-0.027200975,-0.537065358,-0.77026201,-1.438943627,-1.544114696,-1.615300519
0,0,0,0,0,0
-0.000541042,0,0.210185547,1.153680805,1.174975141,2.419149452
0,0,0,0,0,0
0,0,0,0,0,0
0,0,0,0,0,0
-0.01345647,0.263808146,1.35696751,1.815123583,1.879638024,1.860875441
0,0,0,0,0,0
0.269625309,0.224492348,1.202550879,1.554367039,1.80899099,2.057854487
0.002018762,0,0.066463177,1.762966553,2.624611068,2.542364382
0.000396086,-0.05361506,-0.756804848,-2.087076677,-2.477004234,-2.702291411
0,0,0,0,0,0
-0.000358365,0,0.086909102,0.558409492,0.41715669,0.441435917
0,0,0,0,0,0
0,0,0,0,0,0
0,0,0,0,0,0
0,0,0,0,0,0
0,0,0,0,0,0
0,0,0,0,0,0
0,0,0,0,0,0
0,0,0,0,0,0
0,0,0,0,0,0
0,0,0,0,0,0
0.302744252,0.790179126,0.89901752,0.847585867,0.560312648,0.096399359
-0.116365253,-0.833012961,-1.690038937,-1.871865719,-1.412123227,-1.127541075
-0.000227855,-0.022119692,0.042967341,0.858832254,2.105357183,3.641390865
0,0,0,0,0,0
0,0,0,0,0,0
-0.000494386,0,0.382028042,1.073224599,1.095796731,1.227290277
0.01092082,0.942193051,1.84266046,2.374429558,2.619864684,2.32029494
0,0,0,0,0,0
0,0,0,0,0,0
0,0,0,0,0,0
0,0,0,0,0,0
-0.546554167,-1.151071331,-1.196154289,-1.494913054,-1.531478977,-1.574070098
0,0,0,0,0,0
0,0,0,0,0,0
0.067088388,0.95869841,1.482926948,2.197674882,2.889833604,2.383734551
0,0,0,0,0,0
-0.032586617,-0.689171182,-0.613620572,-0.06506904,0.183716767,0.239859612
0,0,0,0,0,0
0,0,0,0,0,0
0,0,0,0,0,0
0,0,0,0,0,0
0.009384835,0.396734182,0.00348709,0.191445837,0.663476783,1.638102858
0,0,0,0,0,0
0.084668121,0.325192381,0.401610384,0.626840069,0.930142441,0.991957908
0.504567382,1.345382426,1.875192169,2.305264033,2.191809168,2.239184395
0.015999399,0.044751825,0.374464671,0.721794607,0.774752421,0.829477318
0.001320889,0,0.424077645,0.545418849,0.886814682,2.026049024
0.001362972,0,1.016977122,2.205849874,3.472693874,3.793047878
0,0,0,0,0,0
0,0,0,0,0,0
-0.100689106,-0.624083749,-1.009401463,-1.035467162,-0.564526143,-0.268490378
-6.19E-06,0.184635642,0.959824726,1.490200994,1.886190814,2.898424971
1.36E-05,0,0.359031628,0.462870761,0.542550683,0.871138463
0,0,0,0,0,0
0,0,0,0,0,0
0,0,0,0,0,0
0,0,0,0,0,0
0,0,0,0,0,0
0.004611481,0.134790252,0.940171202,2.13291228,2.797478012,1.815200387
0,0,0,0,0,0
0,0,0,0,0,0
0,0,0,0,0,0
0,0,0,0,0,0
0.000283536,0,0.122574942,1.222849181,2.23214824,2.448123506
0,0,0,0,0,0
0.862423007,2.048074446,2.953931567,3.294984164,3.508102033,3.165812429
0,0,0,0,0,0
0.063672733,0.665534701,0.776875065,0.964805249,0.909025519,0.809268403
0,0,0,0,0,0
0,0,0,0,0,0
0,0,0,0,0,0
0.000263653,0.628010144,1.211783955,1.231831097,1.5296686,1.457060214
0,0,0,0,0,0
0,0,0,0,0,0
0.126067509,0.495908563,0.659063754,0.798650046,1.195865982,1.559539797
0.455601634,0.962667122,0.931358762,1.15417821,1.070755033,0.96730325
0,0,0,0,0,0
-0.000226721,0.255623905,1.206447668,2.458170974,3.354554254,3.943694164
0,0,0,0,0,0
0,0,0,0,0,0
0,0,0,0,0,0
0,0,0,0,0,0
-0.011493642,0,1.469905726,3.170224084,4.92162592,5.166125994
0.014695403,0.174018108,0.364607866,0.452845098,0.81042318,0.446681717
-0.000149551,0,0.051111157,0.485926864,1.363475899,1.030258374
0,0,0,0,0,0
0,0,0,0,0,0
0,0,0,0,0,0
0,0,0,0,0,0
-0.317355067,-0.841802113,-1.410096922,-1.153010031,-1.251223133,-0.711217921
0,0,0,0,0,0
0.000442308,0.105721921,0,-0.47878701,-0.614862164,-0.618869478
0,0,0,0,0,0
0.170570456,0.194411936,0.451701468,0.768408234,1.622982132,1.046935717
0,0,0,0,0,0
0,0,0,0,0,0
0,0,0,0,0,0
0,0,0,0,0,0
0,0,0,0,0,0
0,0,0,0,0,0
0.4532442,0.721431394,1.879382156,1.296194774,3.263638615,3.434008281
0,0,0,0,0,0
0,0,0,0,0,0
7.23E-05,-0.173076884,-0.786811896,-1.280338508,-0.778469453,0.704038849
0,0,0,0,0,0
0.014377808,0.6480574,1.448835212,1.515700868,1.716921829,1.226566064
-0.00244988,-0.436264828,-1.014815902,-1.321532623,-1.408958816,-1.133262721
-9.47E-05,-0.004462112,-0.622801418,-0.781823984,-1.023350575,-1.138798456
0.297209111,2.632535437,4.50985857,5.921451242,6.529542967,6.631066367
0,0,0,0,0,0
0.389821142,0.718670383,0.984617963,0.859094002,0.71379107,0.336643029
0,0,0,0,0,0
0,0,0,0,0,0
0,0,0,0,0,0
0.003818915,0,0.008695361,0.095684598,0.500901076,1.399504028
0,0,0,0,0,0
0,0,0,0,0,0
-0.114309671,-0.862223338,-1.627691861,-3.126156786,-3.511627537,-3.596275472
0,0,0,0,0,0
0.163849515,0,0.737897766,1.28259555,1.494808509,1.02425647
-0.142322038,-0.66716365,-0.803014886,-0.543180062,-0.485706589,-0.30021938
0,0,0,0,0,0
0.02104261,0.140228559,0.563779449,1.511326256,1.768682836,2.266213644
2.222179172,1.519638179,2.124599925,3.093426171,3.910562828,4.125518756
0,0,0,0,0,0
0.095979262,0.981445082,1.903696586,3.051122714,3.670641271,4.021483311
0.041455387,1.177873467,2.161718346,3.086969034,2.725239736,2.806807165
0.000915096,0.112289043,0.017237396,0.74064075,0.166422006,1.383855191
0,0,0,0,0,0
-0.530705582,-1.715758609,-2.487663087,-1.692641416,-1.388655471,-1.1790315
0,0,0,0,0,0
-0.000585233,-0.030919019,-0.023218983,0.304800777,0.454392649,1.314333346
0,0,0,0,0,0
8.38E-05,0.612330781,1.301664148,1.66797981,1.858653421,1.495170397
0.000357009,0.205932971,0.689779328,1.292103202,1.300731386,1.879136685
0,0,0,0,0,0
0,0,0,0,0,0
0,0,0,0,0,0
0.00019233,0,0.077655156,0.618284357,0.681922302,1.669317791
0,0,0,0,0,0
0,0,0,0,0,0
0.271236185,0.82683937,1.431517096,1.282851419,1.545204824,1.116405097
0,0,0,0,0,0
0,0,0,0,0,0
0.020990915,1.532670399,0,0.587084304,0.43578668,1.932228042
0.860398048,1.425565939,2.164259968,3.394820502,3.874579639,3.904494993
0,0,0,0,0,0
0,0,0,0,0,0
0.03332874,0.418329766,0.243348487,0.817254821,1.00641517,2.054668436
0,0,0,0,0,0
0,0,0,0,0,0
0,0,0,0,0,0
6.03E-05,0.064753707,0.318257503,0.353410031,0.737692156,0.942664244
0,0,0,0,0,0
0.000361576,0.088849057,0.357341336,0.990966501,1.692952049,2.832991386
0.000462226,0.012977455,0,0.464268648,0.828297747,1.417298948
0,0,0,0,0,0
1.824467493,1.467459729,1.570345893,1.316809893,2.519252004,1.562666873
0,0,0,0,0,0
0,0,0,0,0,0
0,0,0,0,0,0
0,0,0,0,0,0
0,0,0,0,0,0
0,0,0,0,0,0
-0.429502148,-0.4143503,0.147361343,0.515126481,0.719291443,0.471914953
-0.205068759,-1.09662721,-1.198886315,-1.022769073,-1.050391641,-1.691485906
0,0,0,0,0,0
0.14016651,1.538826859,3.387257593,4.769043698,4.511245341,4.965574846
0.001967487,0.117351387,0.505965831,0.77693566,0.761975352,0.622849624
0,0,0,0,0,0
-0.478887389,-0.770722494,-0.775053135,-0.590395263,-0.557045285,-0.54444511
0,0,0,0,0,0
0,0,0,0,0,0
-0.001100524,-0.147143625,-0.085172995,-0.002009941,0,-0.756535049
0.000416213,0.731142566,1.104665022,1.223801781,1.373534862,1.006595239
0,0,0,0,0,0
0,0,0,0,0,0
0,0,0,0,0,0
0,0,0,0,0,0
0,0,0,0,0,0
-0.287739508,-0.869506478,-0.724856296,-0.31522934,0,8.42E-05
0,0,0,0,0,0
0,0,0,0,0,0
0.000250445,0.468938132,0.920550688,0.720333828,1.059341429,0.74555363
0.370472493,0.978092135,1.545868084,1.921092107,1.897120263,1.69017669
0,0,0,0,0,0
0,0,0,0,0,0
0,0,0,0,0,0
-0.000679272,0.051643681,0.476320734,2.361296501,4.090398078,4.813745173
0,0,0,0,0,0
0.112324267,0.825434578,1.355405735,2.386783444,2.549569174,2.588317158
0.325243713,1.381072485,2.27686235,2.640560525,3.221016349,3.106726099
5.32E-05,0.668333052,1.387182076,1.915911411,2.275249952,2.575173129
0.168435745,0.335091185,0.423785747,0.606388366,1.00723746,1.763024031
-5.02E-05,0,-0.005478815,-0.382611166,-0.801088236,-1.103599307
7.55E-05,0,-0.001585701,-0.011436301,-0.467159197,-0.752708136
0,0,0,0,0,0
0,0,0,0,0,0
-0.000291254,0,0.114717844,0.941836824,1.046057018,1.094042817
0.385459094,0.814684595,1.392378065,1.484327322,1.764109836,1.889249624
-4.04E-06,-0.364097462,-0.694876421,-0.858076308,-0.439732269,-0.043818889
-0.000458853,0,0.422799581,1.312084959,1.477126796,1.712379918
0,0,0,0,0,0
-0.425610323,-0.98115214,-1.773001185,-2.406787266,-2.974530725,-3.627490206
-0.600163569,-1.09653441,-0.836218029,-1.088754732,-1.066061036,-2.561573466
-0.06275431,-0.570443762,-1.110498016,-1.156775599,-1.471085886,-1.647141265
0,0,0,0,0,0
0,0,0,0,0,0
0,0,0,0,0,0
0,0,0,0,0,0
0,0,0,0,0,0
0,0,0,0,0,0
0,0,0,0,0,0
0.02105452,0.392803601,0.605017563,1.255270363,0.993597007,1.27621635
-5.02E-07,0.00492261,0.499563253,0.98338479,1.304672638,1.141559392
0,0,0,0,0,0
0,0,0,0,0,0
0,0,0,0,0,0
0,0,0,0,0,0
0,0,0,0,0,0
0.000116141,0.168303368,0.695134394,1.362399656,1.015512231,1.144073421
-0.709273926,-1.194061143,-0.557620742,0.403806344,0.953054188,0.871651412
-0.693058591,-1.052159423,-1.18711558,-1.393917916,-0.938313126,-1.177241983
-0.010015882,-0.124128544,-0.065220487,0.512413135,1.085920353,1.121253643
-0.000349027,-0.204934634,-0.203538558,0.197081706,0.732334546,1.047989921
0,0,0,0,0,0
0,0,0,0,0,0
-0.000378659,0.13653969,0.925121529,1.069679089,1.57732165,1.398270018
0,0,0,0,0,0
0,0,0,0,0,0
-0.039525129,0,0.390030761,0.849214936,1.065270695,1.106288357
0,0,0,0,0,0
0.132608032,0.076642596,0,-0.108534784,0,-1.046556615
0,0,0,0,0,0
0.000305746,0.10945031,0.281408473,0.514500839,0.560411928,0.660986145
-0.001253511,0.003916866,0.918292413,1.978457645,2.358573921,2.576393492
0.458049455,1.730808295,2.940032968,3.932358159,4.220723213,4.332988876
0,0,0,0,0,0
0,0,0,0,0,0
0,0,0,0,0,0
0,0,0,0,0,0
0,0,0,0,0,0
0,0,0,0,0,0
-1.55463065,-1.434052667,-1.749136793,-1.198543372,-1.934649979,-0.629925113
0,0,0,0,0,0
-0.00298036,-0.070974878,-0.10498138,0.238797797,1.266701329,2.011830356
0.003909735,0,0.222820471,0.742738667,1.190629414,1.350070599
0.000273938,0,0.032841433,0.408977805,0.489951604,0.893731893
-0.007939181,-0.913478208,-0.73289435,-1.625058991,-0.013445611,-0.527026987
0,0,0,0,0,0
0.290673372,0.970910059,1.096719468,1.064425984,1.118191319,1.068368282
0,0,0,0,0,0
0.000405442,0.225348127,0.869210718,1.376962589,1.799513923,2.198895141
0,0,0,0,0,0
0,0,0,0,0,0
0,0,0,0,0,0
-2.17E-05,0.280603223,0.618668038,1.399415876,1.558535928,1.932468448
0,0,0,0,0,0
0,0,0,0,0,0
0,0,0,0,0,0
0,0,0,0,0,0
-0.975455776,-2.127110468,-2.06662923,-1.15521997,-0.627120748,-1.0586586
-0.141235589,-0.651030162,-0.681357372,-0.735644203,-0.714975767,-0.826374729
-0.169878277,-0.911261828,-1.405215544,-1.413575392,-1.441225063,-1.66294715
0,0,0,0,0,0
0,0,0,0,0,0
0,0,0,0,0,0
0.178275134,0.646849097,0.74145627,0.905648622,0.457630598,0.570802521
0,0,0,0,0,0
-0.423879207,-0.879432471,-1.025274499,-0.819347882,-0.90737942,-1.064527636
0,0,0,0,0,0
0,0,0,0,0,0
0,0,0,0,0,0
0,0,0,0,0,0
-0.008363719,-0.041792357,0.022799273,0.935624018,1.124822515,1.479442499
0,0,0,0,0,0
0,0,0,0,0,0
0,0,0,0,0,0
0,0,0,0,0,0
0,0,0,0,0,0
0,0,0,0,0,0
0,0,0,0,0,0
0,0,0,0,0,0
0,0,0,0,0,0
0,0,0,0,0,0
-0.005338232,-1.26460038,-1.496313283,-1.10105503,-1.870996344,-1.960914121
0,0,0,0,0,0
-0.143402716,-0.826322567,-1.252128991,-1.237408964,-1.204375034,-1.648869723
0.000125813,0.166594776,1.085347621,1.774188907,2.722621073,3.561309309
4.36E-05,-0.482093698,-1.162946073,-1.368433988,-1.090328532,-0.313029262
0,0,0,0,0,0
0,0,0,0,0,0
0,0,0,0,0,0
0.194208713,0.755716185,0.970170801,1.254934283,1.489239826,1.582946467
0.121973697,0.575701214,0.788328157,0.727594245,0.717764811,0.265819298
0,0,0,0,0,0
-0.503504135,-0.741680208,-0.298285028,-0.112683762,-0.035352931,-0.359293101
0,0,0,0,0,0
0,0,0,0,0,0
10,15,20,30,45,90
