1135,1,,,,
0,0,0,0,0,0
0,0,0,0,0,0
0.024260597,0.398135773,0.855549512,1.440627054,1.234755196,0.691406359
0.000137219,0,0,0,0.303409771,1.027439719
0,0,0,0,0,0
0,0,0,0,0,0
0,0,0,0,0,0
0.000482848,0.582899857,0.891593769,0.600114329,0.248119808,-0.005974089
3.2e-05,0,-0.005662322,-0.486900877,-1.45937474,-2.577101073
0,0,0,0,0,0
1.29e-05,0,-0.011063966,-0.238978316,-0.723843928,-0.949076451
-1.43e-05,-0.065767098,-0.341982637,-1.084116288,-2.09206651,-2.844660326
-0.001600171,-0.123883494,-0.078939376,-0.882938011,-1.422864721,-2.482523331
0,0,0,0,0,0
6.11e-05,-0.001493937,-0.014140286,0,0,1.456666034
3.81e-05,0,0.009342168,0.016894487,0.107435737,0.80799272
4.58e-05,-0.001767325,-0.228276524,-0.350296181,-0.422316619,-0.908376024
0,0,0,0,0,0
0,0,0,0,0,0
-0.001823755,0,0,0.184294728,0.567591048,1.685928648
-0.000274899,0,0.024962552,0.743583695,1.484373893,2.170195635
0,0,0,0,0,0
0,0,0,0,0,0
7.75e-05,0,-0.247653902,-0.614117459,-0.733979945,-0.515128148
0.057593988,0.754273632,0.611503614,0.19280983,0.247578211,0.784632269
0,0,0,0,0,0
0,0,0,0,0,0
-0.000596047,-0.10399047,-0.164923248,-0.988233034,-1.532226182,-2.230175477
-0.000429819,0,0,0.005423582,0.883651201,2.564152558
0,0,0,0,0,0
0,0,0,0,0,0
-0.000129444,0,0,0.066760764,0.597541808,1.909398172
-0.000326678,0,-0.008079783,-0.201525966,-0.881521108,-3.013511932
5.72e-05,0,-0.00428857,-0.498861809,-1.155608458,-2.198900606
-4.62e-05,-0.082463505,-0.311347062,-0.65170911,-0.854606514,-0.78460222
-0.00044089,-0.291927736,-0.729892306,-1.711135076,-2.414470716,-2.746218505
0.000267283,0,-0.001178215,-0.277379632,-1.03890865,-3.004265166
0,0,0,0,0,0
5.09e-05,0,1.244141101,3.585976548,4.86737022,5.620592856
1.05e-05,0,0,-0.337876653,-0.913912722,-1.603230531
0.000152046,0.794829164,2.226212781,3.201189521,3.854055898,4.543262187
0.000299472,0.622735186,0.835520511,0.062526589,-1.041991828,-3.160493406
6.36e-05,-0.113292911,-0.401961745,-0.878302908,-1.28142367,-2.070002857
0,0,0,0,0,0
-0.000577406,0,-0.022995993,-0.1552335,-0.610513852,-1.394887969
-4.74e-05,0,0.146938441,0.921500296,2.021371213,3.476684857
-0.003048305,0,-0.257307041,1.056930033,3.161364985,3.23750116
0.000120383,-0.086761546,-0.484804932,-0.781589742,-1.030244221,-1.467780048
-0.000452986,0,0,-0.156873917,-0.736520492,-1.538259793
-0.000286473,-0.227310232,-0.848657973,-1.567256132,-2.247180882,-2.75683419
0.000985757,1.089456191,2.608836776,3.846316248,4.003209415,4.685469167
0,0,0,0,0,0
0.000141266,0.191192364,0.59972819,1.115939388,1.515663546,2.328500614
0.011146943,0.067423016,0.311364821,0.368209835,0.013819264,0.616855966
0.000229028,0,0.083316643,0.239193468,0.601340995,1.795053342
0,0,0,0,0,0
0,0,0,0,0,0
0.000212552,0.042986159,0.267635421,0.585525567,1.352405557,2.335266316
0,0,0,0,0,0
9.72e-05,0,-0.023694495,-0.34762443,-0.884398104,-1.966454885
-0.000359758,-0.00783416,0,-0.003116259,-0.407576465,-1.810620633
0.000102736,0,-0.046026471,-0.58181996,-0.744142192,-1.141093356
8.57e-05,0,0,0.016670709,0,0.73533897
0,0,0,0,0,0
-0.000291387,0.025804382,0.564523317,1.041973508,1.467411405,1.828366257
-5.32e-05,-0.091049996,-0.353753672,-0.609176175,-1.00440504,-1.786087714
0,0,0,0,0,0
0,0,0,0,0,0
0,0,0,0,0,0
-0.000252567,-0.009390846,-0.617214399,-1.024901376,-1.385048632,-2.325630751
-0.020585085,-0.128237882,-0.398927848,-0.474249107,-0.462346395,-0.039633364
0.980515897,3.20599631,3.660950517,3.269897263,3.057161302,3.268750817
-9.43e-05,1.065460425,4.065089009,6.701758437,7.353262572,7.234135136
-0.000124523,1.11384859,4.126751785,6.568251285,7.459054249,7.324223988
-3.76e-05,1.095686218,4.214267055,6.659727415,7.497904687,7.299173634
-0.000137539,1.094059581,4.084186342,6.667856117,7.429846919,7.263263658
-0.000520062,0,0.00983985,0.71333939,1.557824923,2.074043156
9.12e-06,0,0.049903541,0.47155842,0.940067383,1.789751186
-0.001794508,-0.608770947,-0.945587124,-1.40422768,-1.886233018,-1.746362185
0,0,0,0,0,0
0,0,0,0,0,0
0,0,0,0,0,0
-0.000109125,-0.016773109,-0.120244998,-0.388712698,-0.998759472,-2.65041442
0,0,0,0,0,0
-0.000362,0,0,-0.614656329,-1.258329484,-2.127775327
-0.000396584,-0.451817198,-0.835160366,-1.265821284,-1.631508445,-2.422146649
0,0,0,0,0,0
0,0,0,0,0,0
-7.46e-05,0.616744951,2.544102765,4.634234525,5.463018202,5.735095469
-0.000290144,-0.130021719,-0.443931899,-0.713806206,-0.570425141,-0.502200546
-0.000211066,0,0.012897866,0.333752539,0.589044369,1.180207333
0,0,0,0,0,0
0,0,0,0,0,0
0.000141327,0,0,0.40071587,1.449427037,2.059095381
-0.000155599,0,0.026049055,0.793510276,2.533156209,3.127553384
3.52e-05,0,-0.031845301,0.178239849,1.627394073,2.630116774
-0.000367023,0,0,0.630883978,2.42649401,2.949903485
0,0,0,0,0,0
0,0,0,0,0,0
-0.000210726,0,-0.102671751,-0.466952371,-0.732786162,-0.886296801
-0.000325877,-0.076094201,-0.272577189,0.191744147,0.671227929,1.747833721
0,0,0,0,0,0
0,0,0,0,0,0
0,0,0,0,0,0
0.000672477,0.84237024,1.840417883,3.175125315,4.025091535,4.522786833
0,0,0,0,0,0
-0.000109078,0,0.033539733,0.158189577,0.467825944,0.974365861
0.001620828,0,0.045640657,0.177795859,0.20324664,0.625125766
0.263305018,1.568095032,1.830275597,1.713487471,1.407287392,0.978792631
-5.33e-05,-0.051575914,-0.264984555,-0.702816929,-1.130598199,-2.591985615
-0.000146675,0,0,0.004643305,0.632891813,0.788356265
-0.0001828,-0.195091878,-0.518940915,-1.002814283,-1.44459405,-2.104182829
0,0,0,0,0,0
0,0,0,0,0,0
-8.65e-05,-0.110410612,-0.321102224,-0.54425586,-0.877209635,-1.25972712
0,0,0,0,0,0
9.33e-05,0.023938804,0.980932325,3.789505272,6.091910826,7.129729768
0,0,0,0,0,0
-0.00018099,-0.049909819,-0.222440467,-0.225304907,-0.361810534,-0.802492034
-0.000300878,0,-0.187876048,-0.674949354,-1.353350487,-1.654029038
-6.06e-06,-0.071664841,-0.401999126,-0.95828432,-1.361973224,-1.509942146
-0.000262649,0,0.001228513,0.578890115,1.358734745,1.777267554
1.78e-05,-0.108758133,-0.290585749,-0.594207616,-0.669227894,-1.957733139
0.000200379,0.253239007,0.44477552,0.599208271,0.98208415,1.158639814
-0.000314181,-0.697472512,-1.116921659,-0.405749561,0.895516515,0.720314201
-0.008895119,-0.621293404,-1.178137703,-1.075774765,-0.87379584,-1.710790675
0,0,0,0,0,0
-0.000349239,-0.072184895,-0.476834084,-1.075434184,-2.352474813,-5.483948392
-0.000309087,-0.018945519,-0.197898411,-0.633798462,-0.938504804,-2.170419979
-5.64e-05,-0.036221639,-0.057299877,-0.445108203,-0.941073459,-2.533616558
0,0,0,0,0,0
0,0,0,0,0,0
0,0,0,0,0,0
5.38e-05,0,0,-0.263789018,-0.732970481,-1.153144844
0,0,0,0,0,0
0,0,0,0,0,0
0,0,0,0,0,0
3.47e-05,0,0.352059891,0.754901783,1.266949816,2.531754762
0.000175544,1.053491793,2.806877168,4.384867948,5.035252718,5.029985719
2.96e-05,0,0,0.309132295,1.099965268,1.446384483
0,0,0,0,0,0
0,0,0,0,0,0
-7.1e-05,0,-0.001323508,0.259455058,0.873609641,1.219861498
-0.000214847,-0.025743893,-0.125034666,-0.473978586,-1.204260671,-3.365983593
-0.000579724,-0.12849163,-0.043082261,-0.434657983,-0.988568753,-3.021257773
0,0,0,0,0,0
-0.000115885,-0.044662873,-0.599502483,-0.795467955,-0.207933982,0
0.000169475,0.127769358,0.410012963,0.748828351,1.149901595,1.09986131
0.000170814,-0.014286906,-0.58499618,-1.220832549,-2.020334087,-2.182958377
0,0,0,0,0,0
0,0,0,0,0,0
0,0,0,0,0,0
-0.015512185,-0.049541811,-0.167387856,-0.606240305,-1.370178846,-3.601325066
3.93e-05,0,-0.438211057,-0.801859661,-0.623989433,-0.251778855
5.19e-05,0,-0.33712698,-0.811077256,-0.639324674,-0.266038565
-0.000122547,0,-0.143155553,0.114642198,0.68456927,0.917393181
0,0,0,0,0,0
0,0,0,0,0,0
-0.000167743,-0.077980931,-0.361319145,-0.3166547,0.223284898,0.924457281
-0.000364514,-0.073565382,-0.726000921,-1.755413984,-2.227962928,-2.060451085
8.98e-05,0,-0.054092361,-0.496259526,-1.200689947,-1.793572063
-2.01e-05,0,-0.413221528,-1.104312876,-2.106878338,-3.38440928
-0.024627835,-0.052624704,-0.669602319,-1.243357107,-2.094802001,-3.263409106
0,0,0,0,0,0
0.02560019,3.148256778,4.724697367,5.002355024,4.306926648,4.189433062
0.63260116,3.975825134,5.539412634,6.392880653,5.664259071,4.467063369
0.691373102,3.052025715,4.075775177,4.26412671,3.19078045,1.974564268
0.067340273,6.22782777,9.117778418,10.45940357,9.263183374,9.878695215
0.524377152,4.83425687,8.201844123,10.00145564,9.997821076,10.02914644
0.316508262,3.747822091,5.800818164,7.044258627,6.497420363,6.997932498
0.309323376,3.207658187,4.928622801,5.65039304,5.419176425,5.294292385
0,0,0,0,0,0
0.00036119,0,0,-0.060334283,-0.923290458,-2.206071209
0.001294045,3.716476841,5.440630002,5.77450722,5.315246347,4.857310605
-0.055858542,-0.088827642,-0.254585712,-0.645947813,-1.006029116,-1.318558621
0,0,0,0,0,0
0,0,0,0,0,0
-0.000326657,0,-0.285377835,-0.526921619,-0.800838832,-1.502775752
-4.22e-05,0,-0.142860684,-0.642620064,-1.067513594,-2.212280366
-3.5e-05,0,0.008956218,0.146850041,0.783398795,0.564906253
0,0,0,0,0,0
0,0,-0.060019918,-0.142385167,-0.372467678,-1.22939743
0.03042928,5.107966264,7.79357862,9.041698425,9.519542664,9.623559905
0,0,0,0,0,0
0,0,0,0,0,0
-0.000362023,-0.63501793,-1.006383175,-0.74208136,-0.373482252,-1.298427575
0,0,0,0,0,0
0,0,0,0,0,0
-3.54e-05,0.014522405,0.810056282,2.654543946,4.248034347,5.395574061
-6.65e-05,0,0,-0.343353883,-0.294035699,-0.781975026
-0.025842746,-0.103500291,-0.071098118,0,0.56863011,0.444610557
0.000183736,-0.006890234,-0.198715773,-0.480083726,-0.59298457,-0.839248219
4.31e-05,-0.000403976,-0.348772672,-0.716615667,-0.583785837,-1.720825156
0,0,0,0,0,0
0,0,0,0,0,0
0.003164677,3.05817217,5.388300231,6.29687104,5.205611789,4.245104619
0.336694587,4.509289305,6.932749667,7.504925176,6.503048308,6.545546908
0,0,0,0,0,0
-4.12e-05,-0.315703456,-0.761626948,-1.32396084,-2.079346,-3.773191045
0.000273425,0,0,-0.034949305,-0.806024464,-1.333404877
-0.044424656,-0.518930206,-0.818915299,-1.404249303,-1.646513162,-1.404157744
0,0,0,0,0,0
0,0,0,0,0,0
-0.000460112,0.028092575,0.804766937,1.679278763,2.467814293,3.160098577
-0.000636436,-0.033729813,-0.265913409,-0.53771584,-0.896151139,-0.977796786
0,0,0,0,0,0
0,0,0,0,0,0
-0.001127884,-0.063360635,-0.44975106,-0.657024734,-1.00718626,-1.27559983
-0.002566099,-0.004248278,-0.205535316,-0.629036017,-1.256534945,-0.998560454
-0.000222379,-0.128342653,-0.289585962,-0.579078705,-0.547320747,-1.106561469
0,0,0,0,0,0
-0.000836663,-0.261154255,-0.717115134,-1.266038524,-1.790610895,-2.470698278
-0.005160375,-0.143169959,-0.472449963,-0.943065202,-1.265256802,-1.067527556
-0.000197731,-0.010034051,-0.423069114,-0.716425434,-0.997540503,-1.188836375
-0.000176404,-0.022261869,-0.158208937,-0.727541329,-1.291845066,-2.200545239
0.000271009,0,0,-0.067658209,-0.257969585,-1.192197792
0,0,0,0,0,0
0.006637765,0,-0.164619235,-0.545569153,-0.460407161,-0.94470075
0.000258807,0,-0.220716238,-0.415392903,-0.480505215,-0.842142994
-0.000162387,-0.162520415,-0.586774503,-0.857119923,-1.153108439,-1.967172463
0,0,0,0,0,0
0,0,0,0,0,0
0,0,0,0,0,0
0,0,0,0,0,0
0,0,0,0,0,0
-0.000163431,-0.35511832,-0.724135593,-1.131245511,-1.49796481,-3.229882218
0,0,0,0,0,0
0.000275228,0.24381789,0.577252451,0.622950702,0.206321978,-0.85592233
0,0,0,0,0,0
-2.41e-05,-0.12122741,-0.407109974,-0.581615419,-0.886212806,-1.453132299
0,0,0,0,0,0
0,0,0,0,0,0
0,0,0,0,0,0
0.070895705,1.409242144,2.427224272,3.028033339,3.453733286,3.855993134
-0.000159809,0,0.927906366,3.182689462,4.98941695,5.931481117
0,0,0,0,0,0
-0.000258342,-0.111015056,-0.257399866,-0.840748071,-1.63751639,-2.81284188
-0.000138807,0,0,0.125700034,0.650295479,1.776759774
0,0,0,0,0,0
0,0,0,0,0,0
0,0,0,0,0,0
4.12e-05,0,0.01553619,-0.049261482,-1.633972554,-3.611810422
2.97e-05,-0.001513362,-0.011256238,-0.286510154,-0.924110522,-1.918805255
0,0,0,0,0,0
-0.002590594,-0.019587766,-0.057077398,-0.305385697,-0.675166647,-0.962128557
-7.75e-05,-0.09864332,-0.294060503,-0.596897922,-0.986203274,-1.379474464
0,0,0,0,0,0
-0.023090277,-0.041887262,-0.301525529,-0.679877763,-1.452501577,-3.13377388
-0.000178453,0,0,0.009876563,0.387744844,1.38066826
0,0,0,0,0,0
-0.000256047,-0.021943166,-0.221339778,-0.78720146,-1.555402511,-2.898546722
-0.000238143,-0.06052927,-0.317404189,-1.117139296,-2.46020147,-4.696556371
0,0,0,0,0,0
8.32e-05,-0.135038316,-0.629208615,-1.163949664,-1.204380343,-1.404573815
-0.000116563,-0.044945694,-0.424161352,-0.832672978,-0.979842115,-1.028430827
0.000149411,0,-0.162506987,0.106040965,0.779852946,0.762974853
0,0,0,0,0,0
-0.014950797,-0.052898688,-0.395443554,-0.844528092,-2.03368009,-2.95268745
0,0,0,0,0,0
0,0,0,0,0,0
0,0,0,0,0,0
0,0,0,0,0,0
0.000179373,-0.20208604,-0.767142302,-1.37186243,-1.982013043,-2.772007324
0.000376929,0.158030872,0.510098573,0.655164775,0.903594876,1.353982488
0.000273182,0,0.173521726,0.629665535,0.494636116,0.493194703
-5.96e-05,0.677048522,1.547924521,1.871817085,1.596213704,2.271633516
-3.74e-05,-0.013036304,-0.31427619,-0.660301881,-0.793865956,-0.906076352
0,0,0,0,0,0
-0.00010179,0,-0.030027994,-0.319394379,-0.634212028,-1.001703151
0,0,0,0,0,0
-0.001202628,0,0.102066945,0.58376181,0.820222423,1.220439817
-0.00445539,-0.096518025,-0.172371942,-0.646571187,-1.316007822,-2.454569517
0,0,0,0,0,0
-0.00022954,0,0.063889115,0.300103215,0.628452714,0.962398915
0,0,0,0,0,0
0.000172576,0,0.022943677,0.002236528,0.105983608,1.08410897
0,0,0,0,0,0
0,0,0,0,0,0
0.194944507,2.798705478,4.463934112,4.977143345,4.822702705,4.812240725
0,0,0,0,0,0
0.328829724,1.877413619,2.600233949,2.799838413,2.674921659,2.427886061
0,0,0,0,0,0
0,0,0,0,0,0
0,0,0,0,0,0
0.012341459,0.551098662,1.014890852,1.190255692,1.406308902,1.967425939
0,0,0,0,0,0
-0.00010577,-0.034123873,-0.380129631,-0.682013788,-1.120187149,-1.504834767
0,0,0,0,0,0
-0.00091145,-0.015923349,-0.052405827,-0.32996782,-0.804049459,-0.75316088
-0.001884444,-0.032193293,-0.116293428,-0.504445121,-0.848505821,-0.526907222
-8.55e-05,0,-0.043217549,-0.597123831,-1.15091647,-1.856145278
0.7865676,2.676574298,3.666243587,3.780855803,2.97242948,1.505311351
-0.000107145,0.155221036,3.322428529,7.285819472,8.244377895,8.449534795
0.000266563,1.408290322,2.653941995,3.657117019,3.833790448,2.774088844
0.000307178,0,-0.019941888,-0.429273033,-1.052433216,-1.872631666
0.000141884,0,0.395065295,0.946413536,1.299216116,2.540051419
0.000225577,0,0.429039464,0.787572816,0.837166789,0.542131304
-0.001319839,-0.079933789,-0.39056046,-0.858739041,-1.213188117,-1.755026201
-0.000438016,0.112328947,0.974375119,1.193448297,0.620880171,-0.846011287
-0.00193168,-0.055370094,-0.100592377,-0.521650932,-0.697202151,-0.928778346
-0.000712952,-0.0587623,-0.280977886,-0.670081202,-1.050410329,-1.35903663
-0.002139562,-0.114394563,-0.383635982,-0.752823438,-1.074117214,-1.205202751
0.197795378,2.688495678,3.880371272,3.777927992,3.168241498,2.900942994
6.864051822,7.923126174,8.34001338,8.481126258,8.427320837,8.556078513
0.000106406,-0.041932454,-0.276696688,-0.902744874,-0.899500925,2.35e-05
-0.000494339,-0.030851698,-0.135288656,-0.568797151,-1.319656581,-2.992311237
0.001570727,-0.016443076,0,-0.019398583,-0.368241824,-0.859121523
-0.000258315,0,-0.094913554,-0.364870617,-0.627467753,-0.355805794
-0.0003193,-0.185228934,-0.321313733,-0.880296357,-0.961978355,-1.0235064
0,0,0,0,0,0
-0.000114464,0,0.06833607,-0.137411344,-0.980062526,-2.60572092
-0.000915444,0,-0.017559948,0.371731728,0.902457659,1.078297688
-2.51e-05,-0.187005218,-0.641844941,-1.064783767,-1.324435197,-1.735105646
-0.000351363,-0.189475115,-0.551531578,-1.407321746,-2.325089545,-3.792163311
-0.000289105,0,0,-0.288069234,-0.912412928,-1.550350519
0,0,0,0,0,0
-0.000496466,-0.013881032,-0.026169629,-0.18479347,-0.711008287,-3.524440034
-0.000860904,-0.143817711,-0.406097424,-1.012175965,-1.752564487,-2.921256668
-0.000372154,0,-0.183392274,-0.463579472,-0.710916833,-0.882733428
-0.000112772,0,-0.01646708,-0.024598955,-0.241034577,-0.805162389
0.000145361,0.238463845,0.526829851,1.190763202,1.558451511,2.14585378
-0.000108248,0,0.174207521,0.173544829,1.121032357,1.471698696
-0.00021484,0,0.226254925,0.748493858,2.191220723,3.685020298
-0.011502772,-0.296837352,-0.878334096,-1.758866415,-2.108347812,-2.033222508
-0.00041642,-0.083179513,-0.302098041,-1.018908663,-2.063569203,-2.831508985
-0.001259767,0,0.437399713,1.444208118,1.842059677,1.125920903
0.000487412,0,-0.001652902,-0.593300263,-1.467232946,-2.142006274
0,0,0,0,0,0
0,0,0,0,0,0
0,0,0,0,0,0
0,0,0,0,0,0
0,0,0,0,0,0
0,0,0,0,0,0
-0.00020614,-0.384709465,-1.039934779,-1.885387395,-2.699058552,-3.20885137
0,0,0,0,0,0
0,0,0,0,0,0
-0.000646824,-0.057035868,-0.016220424,-0.430102167,-0.949032709,-2.93758241
0.000451883,0,-0.004647588,-0.101280562,-0.586271611,-1.463677386
0.00037443,0,0,0,-0.114073908,-1.128813831
0,0,0,0,0,0
1.22e-05,0,-0.014825015,0.008087423,0.635780844,0.888246542
0,0,0,0,0,0
-0.000263633,0,0,0,0.315630817,2.754872419
0,0,0,0,0,0
0,0,0,0,0,0
0,0,0,0,0,0
0,0,0,0,0,0
0,0,0,0,0,0
0,0,0,0,0,0
0,0,0,0,0,0
0,0,0,0,0,0
8.74e-05,0,0,0,-0.596127618,-1.430571281
5.12e-05,0,0.049132151,0.364005663,0.577150914,0.00021354
-9.13e-05,0,-0.404979019,-0.91769647,-1.93247266,-4.140220766
1.28e-06,-0.092331158,-0.05144044,-0.237936902,-0.865124763,-0.9225399
0,0,0,0,0,0
-0.000293868,0,0,0.001914679,0.584660315,0.872124486
0.003257086,0.045713387,0.206546043,0.099748861,0.420994061,0.740017303
-0.00031076,-0.089769907,0,-0.219620143,-0.986126872,-2.924205396
0,0,0,0,0,0
-0.005362445,-0.05493266,-0.402092025,-0.799748313,-1.816501099,-5.532026518
-0.000372192,0,-0.21244028,-0.74066308,-1.431087193,-4.734108767
-0.000308552,0,-0.086925633,-0.516654073,-1.514357447,-3.948718254
-0.000233156,0,-0.249894937,-0.721740744,-1.71444589,-3.105729326
0,0,0,0,0,0
0,0,0,0,0,0
0,0,0,0,0,0
0,0,0,0,0,0
0,0,0,0,0,0
0.000269865,0,-0.040822066,-0.27146478,-0.735203745,-3.733121066
0,0,0,0,0,0
-0.008564741,-0.204210181,-0.587949897,-1.50465031,-2.569820383,-3.502360726
0.000484542,0,0.109496014,0.302593083,0.722546716,1.402223728
-0.000175153,-0.107463957,-0.602666324,-0.894586464,-0.400446597,0.505145569
0,0,0,0,0,0
0,0,0,0,0,0
0,0,0,0,0,0
0,0,0,0,0,0
0,0,0,0,0,0
0,0,0,0,0,0
0,0,0,0,0,0
-0.000282295,-0.336223265,-0.921313212,-1.565555246,-1.267447836,-1.09358755
-0.000326362,0,0,-0.642884591,-0.888362634,-0.864604136
-0.000694757,-0.505238489,-1.393366889,-2.64152133,-3.326282061,-3.576916211
-0.032933264,-0.232769183,-0.519176919,-0.933221722,-1.259977829,-2.098489567
-0.018277264,-0.467115153,-1.165965014,-2.341760097,-3.552743279,-4.220205835
-0.004710678,-0.435216074,-1.180895558,-2.42300936,-3.626492843,-4.291362625
0,0,0,0,0,0
0,0,0,0,0,0
-3.61e-05,0,0.08394513,0.501840534,0.950123502,1.697488655
0,0,0,0,0,0
0,0,0,0,0,0
-8.44e-05,-0.005367498,-0.163899148,-0.591854505,-0.674522085,-0.338589489
0.000285548,-0.007802664,-0.218044004,-0.635986943,-0.792833741,-0.592851241
-0.000538077,-0.018734512,-0.11952491,-0.681182181,-1.132605425,-1.335511129
0.000176104,0,0.138115555,-0.000731772,0,0.708440786
0,0,0,0,0,0
0,0,0,0,0,0
0.000161646,0,-0.003191171,-0.36536974,-1.184424608,-2.37393502
-0.000201821,0,-0.013215054,-0.348328033,-1.039294894,-2.261017695
0.000288425,0,-0.307637481,-0.705802183,-1.55312948,-2.159278001
-0.000220039,0,0,-0.044742645,0.954967058,3.219269619
0,0,0,0,0,0
0.000226334,-0.009195375,-0.42398644,-0.975931999,-1.539073374,-1.90006062
-8.49e-05,-0.017705096,-0.177418858,-0.840495555,-1.97954137,-2.438464938
0,0,0,0,0,0
0,0,0,0,0,0
0,0,0,0,0,0
0,0,0,0,0,0
0,0,0,0,0,0
-4.98e-05,0,0.544986037,0.968422607,1.402288412,2.01327983
8.11e-05,1.480030955,3.199246205,3.816853415,4.049815087,4.365789868
-0.000139315,0.071598782,0.583005053,0.912602611,1.050904439,1.244994267
-5.76e-05,-0.07364792,-0.438269954,-0.87328895,-1.391055808,-2.22583604
-0.000112217,-0.081441565,-0.402630967,-0.896458251,-1.100048545,-1.65730105
0,0,0,0,0,0
0,0,0,0,0,0
0,0,0,0,0,0
0.000104445,0,-0.01242092,-0.290290032,-0.680297975,-1.029061721
0,0,0,0,0,0
0,0,0,0,0,0
0,0,0,0,0,0
-0.000135818,-0.005423488,-0.100996363,0,0.167427561,0.627263319
0.000186434,0,0.24735328,0.875952114,2.107326239,3.848234427
0,0,0,0,0,0
0,0,0,0,0,0
0.00022415,0.521783421,1.261572575,1.912687755,2.105502732,2.254704088
0,0,0,0,0,0
7.74e-05,-0.125824994,-0.486245646,-0.669433347,-0.627685397,-1.381249736
0,0,0,0,0,0
0,0,0,0,0,0
0.002234171,0,0,0,-0.982872286,-0.937091958
0.000317875,0.130272363,0.470220618,0.735325125,0.536222628,0.342853388
0,0,0,0,0,0
0,0,0,0,0,0
0.000445119,0,-0.099466593,-0.152720725,-0.482104207,-1.088432809
0,-0.002099956,-0.003556261,-0.303768656,-0.563633408,-0.573996011
7.75e-05,0,-0.292339695,-0.832579955,-1.162316218,-1.675243104
0,0,0,0,0,0
6.43e-05,0,-0.143725087,-0.534148256,-0.731753424,-0.643505994
-0.000163226,-0.2267495,-0.643283518,-1.569496102,-2.290451568,-3.171975077
0,0,0,0,0,0
0.00016649,0,0.089575863,-0.286537457,-0.42224821,-0.797238509
0,0,0,0,0,0
0,0,0,0,0,0
-0.000247381,0,-0.000944732,0.066243306,0.760259382,1.502914226
0,0,0,0,0,0
-0.00025647,-0.129026334,-0.49909849,-0.587198989,-0.780499665,-0.839525374
0,0,0,0,0,0
-0.000231664,-0.052071337,-0.24457765,0,0.861293938,2.122889781
0,0,0,0,0,0
0,0,0,0,0,0
0,0,0,0,0,0
-3.31e-05,0,-0.214494545,-0.796571743,-1.954362915,-3.815272928
0,0,0,0,0,0
0.000174424,0.406803556,1.207507374,2.130881865,2.490151694,2.768810057
-0.000224076,0,-0.280581868,-0.708684218,-1.034899577,-1.404545589
0,0,0,0,0,0
-0.000260697,-0.008941741,-0.371345622,-0.85421382,-1.419054003,-1.822511512
-0.000820445,-0.02095584,0,0.549630013,1.478130863,2.759208706
0,0,0,0,0,0
-0.000295999,0,0.022633046,0.037730982,1.427530485,3.326276134
0,0,0,0,0,0
0,0,0,0,0,0
0,0,0,0,0,0
0.779751675,2.818483895,3.511833864,3.161388947,2.657158128,2.520086251
0.794903664,3.562773828,4.709253949,4.781097138,4.567723345,4.442263707
0,0,0,0,0,0
-0.000302562,-0.218660138,-0.635688425,-0.998896368,-2.039562426,-3.431273667
-0.020048413,-0.208847804,-0.272601907,-0.974803297,-2.17140707,-2.510909678
0,0,0,0,0,0
0,0,0,0,0,0
0,0,0,0,0,0
0,0,0,0,0,0
-0.00030505,-0.023712073,-0.080933735,0.005827936,-0.571771774,-2.044384953
-0.000307546,0,-0.075265155,-0.307643433,-0.430262042,-0.71124689
-8e-05,-0.147292967,-0.485782714,-0.844091216,-0.963811682,-1.188394313
0,0,0,0,0,0
-0.008473486,0.056152604,0.698802331,1.039278429,1.088370171,1.747276184
-4.89e-05,0,0.032712449,0.181053269,0.418691564,0.892092586
0.000110292,0.956712508,2.434697157,4.091598667,5.242865599,6.282804107
-3.37e-05,-0.06939214,-0.271870839,-0.39712748,-1.259190683,-2.24290294
1.78e-05,0.034792133,0.513151274,0.639594959,0.49554376,0
0,0,0,0,0,0
-0.000292388,-0.016830626,-0.429449266,-0.948385133,-1.357997964,-2.296253998
0,0,0,0,0,0
-0.000468602,-0.145832152,-0.441007899,-1.003617498,-2.150396643,-3.599707447
0,0,0,0,0,0
-0.053953119,-0.167518913,-0.245521575,-0.6406046,-1.431455832,-3.170726919
0,0,0,0,0,0
-0.000183559,0,7.19e-05,-0.283837658,-0.667352547,-0.8589879
0,0,0,0,0,0
0,0,0,0,0,0
0.000176584,0.033647146,0.146115259,0.28129361,0.541012306,0.651981603
2.6e-05,-0.013472155,-0.553937983,-1.262029222,-1.689202204,-1.995959356
0,0,0,0,0,0
0.000105242,-0.024998694,0.001521525,0.126638466,0.611183842,1.07256429
-0.000189274,-0.452130562,-0.919490048,-1.56234835,-2.536826812,-3.386089
-0.000195949,-0.031877648,-0.084228786,-0.516403971,-0.998673717,-2.015002669
-4.69e-05,-0.139184609,-0.520282572,-1.149169004,-2.06528623,-3.793558338
0.00020193,0,0.001975286,0.005223529,0.60218226,1.698924212
-0.000105072,-0.242991678,-0.674448617,-1.728510016,-3.009115601,-4.036792704
6.71e-05,0,-0.008556915,-0.309535199,-0.696684372,-1.382524325
-0.832169347,-0.95356894,-1.088349656,-1.222583267,-1.208657261,-1.358327284
0,0,0,0,0,0
0.000137017,0.513816917,1.567047334,3.1805177,4.072964283,4.939899129
-0.000238741,0,0,-0.068035952,-0.636148531,-0.804289681
-7.98e-05,0,0,-0.094048719,-0.280821602,-1.06935201
0,0,0,0,0,0
0.000368949,1.228485963,3.981257415,6.287857478,6.449952864,6.108325526
-1.73e-05,0,0.034537825,0.339134804,0.027141708,-1.096526589
0.00043548,0,-0.005100498,-0.526237305,-1.499654987,-2.435406024
0,0,0,0,0,0
0,0,0,0,0,0
2.22e-05,0.000807407,0.375380339,1.010189672,1.684575079,2.581481266
0,0,0,0,0,0
0,0,0,0,0,0
-0.000369178,-0.046881572,-0.274687535,-0.602085547,-0.857310688,-0.919992412
-0.000537678,0,-0.103443144,-0.66262361,-1.178884983,-1.886413178
-0.000233644,-0.004336512,-0.096394387,-0.239297802,-0.495915328,-0.999802016
0,0,0,0,0,0
0.017233577,0,0,0.047194374,1.201361367,2.102991149
0.000217854,0.538822455,2.218429276,3.927031623,4.330895641,4.244824668
0.000702229,4.295116225,6.701933836,8.343379786,8.898589087,8.741771648
0,0,0,0,0,0
-4.78e-05,0,-0.126173343,-0.614671427,-0.819323424,-1.003541185
-0.000179431,0,-0.05512941,-0.40299648,-0.769617826,-1.181313247
0,0,0,0,0,0
0,0,0,0,0,0
5.46e-05,0,0.316465676,1.032151195,1.916957748,2.456612003
-0.000498937,-0.098681648,-0.414379857,-0.73204142,-1.091174759,-2.819407017
-0.00035906,-0.002776645,-0.09677109,-0.536460986,-1.096116231,-1.728946691
-9.71e-05,0,0,0.027886056,0.578959074,1.867531073
0.000164674,-0.012497746,-0.269588855,-0.346720202,-0.40247451,-0.892997971
-8.13e-05,0,0.066034528,1.260892079,3.041621807,4.567501789
-9.88e-05,-0.170782439,-0.555835165,-0.630827912,0,1.667092604
0,0,0,0,0,0
-0.000306027,-0.157099688,-0.592795285,-1.309641438,-1.99373736,-2.235930817
-0.000486572,-0.08105895,-0.408324517,-1.059425608,-1.833503848,-2.408956749
0,0,0,0,0,0
0,0,0,0,0,0
-0.000172155,-0.043405244,-0.24373201,-0.265673261,-0.423248953,-0.738078091
-0.07002195,0,-0.001468031,0.571630264,2.423895542,5.298371415
0,0,0,-0.481788585,-1.090520411,-3.043751534
0.000401475,0.208281863,0.972640399,1.142830538,0.949416643,1.268564249
0,0,0,0,0,0
-0.021756814,-0.028244166,-0.185468919,-0.354984849,-0.448896326,-0.804196201
0,0,0,0,0,0
0,0,0,0,0,0
-0.000549852,-0.074908537,0,-0.453655105,-1.154795999,-2.342112814
-0.029742707,-0.208726947,-0.469043499,-1.159550649,-2.218665088,-3.225746702
0.000870115,0,0.112430871,1.869474268,2.023274657,1.611320245
0,0,0,0,0,0
-0.000503319,-0.070007372,-0.402341307,-0.622513099,-1.219217148,-3.034824502
-0.028403226,-0.219605732,-0.357343901,-0.810781352,-1.302438796,-2.109163733
-0.000271561,-0.053204436,-0.427502619,-0.874785943,-1.026169403,0.332515214
0.00021096,0,0.005864964,-0.527534453,-1.574398646,-4.189955204
6.88e-06,0,0.141576102,-0.004416749,-0.943474011,-3.749442244
0,0,0,0,0,0
0.001631194,0,-0.126239479,-0.76449775,-1.769127189,-2.558046029
0,0,0,0,0,0
0.000366416,0,0,-1.005106843,-2.197906293,-4.930302628
-0.000194939,-0.085275085,-0.126102548,-0.885988353,-1.235320059,-2.254445361
0,0,0,0,0,0
-0.003968658,-0.215294961,-0.597273734,-1.228547382,-1.678895676,-1.43882828
0,0,0,0,0,0
-0.000787422,-0.18218432,-0.397507835,-0.680902595,-0.95674904,-2.077204478
-0.00278434,-0.089570914,0,-0.171700679,-0.66465464,-1.627476464
0.000440235,0,0,-0.420636374,-0.574186359,-1.030775036
-7.68e-05,0,-0.033579904,-0.007385608,0.429130626,0.811109339
-0.000251293,-0.17676079,-0.260957784,-0.831312929,-1.401517672,-1.736869766
6.65e-05,0,0,0,-0.369932642,-2.411370449
-0.000540317,-0.039978626,-0.037458219,-0.39047438,-1.094745495,-2.745066053
-0.038138365,-0.249329952,-0.53959635,-0.962306495,-1.720089545,-2.765030171
-0.000286007,-0.003882779,-0.0098477,-0.116340362,-0.038144023,1.351472774
0.000107899,0,-0.208704747,-0.754776853,-1.8675684,-4.604060724
0,0,0,0,0,0
-0.000546672,-0.040866691,-0.080993996,-0.413877654,-0.883896007,-2.955335711
-7.65e-05,0,-0.09787029,-0.538962138,-0.656382153,-0.994812699
0,0,0,0,0,0
0,0,0,0,0,0
0,0,0,0,0,0
0.000226038,0,0.023306975,0.329062482,0.619334101,1.072393994
0,0,0,0,0,0
-0.000179278,-0.150195694,-0.3832884,-0.503354843,-0.331263115,-0.700697756
-0.000230102,-0.007868827,-0.298638044,-0.502623193,-0.522628352,0
0,0,0,0,0,0
0,0,0,0,0,0
0,0,0,0,0,0
0.000298161,0.01788292,0.21584428,0.027378194,-0.339324918,-0.882121075
-0.000540609,-0.003061648,-0.115697111,-0.967653585,-1.909076051,-2.915058482
-0.000393659,-0.019470205,-0.236759452,-0.616081267,-0.982960142,-1.015109632
-0.00010778,-0.05048719,-0.264126009,-0.666744467,-1.074194124,-1.744103532
0.000354735,0,-0.110076888,-0.086960677,0,-0.894342829
-0.000317313,-0.021824021,-0.323231191,-0.541786018,-0.798356422,-1.562948068
-0.000168358,-0.210296601,-0.478284397,-1.018282671,-1.642338621,-1.265512881
7.68e-06,1.114509636,3.304905831,4.895784269,6.0921273,7.762615935
-8.36e-05,-0.012027936,-0.17232137,0.076646201,1.789226342,2.43794915
0.073370308,1.670555709,3.160267987,4.346206587,4.926562168,5.230148818
0.000337658,1.621786186,3.195482845,3.999263357,3.928253362,3.920378055
0.00375574,1.043984664,1.853473321,2.33546098,2.58904943,2.379793683
0,0,0,0,0,0
-0.000122339,0,-0.165215567,-0.561989277,-0.574165158,-0.303253921
0,0,0,0,0,0
-0.000250924,0,0.511674211,1.406643673,1.959394483,2.312441353
0.000109953,0,0.589658943,2.391918611,3.724775805,4.599234963
0.004883073,0,-0.030892379,-0.332158569,-0.749063837,-0.976893817
0,0,0,0,0,0
0,0,0,0,0,0
0,0,0,0,0,0
0,0,0,0,0,0
-0.000167361,-0.013834227,-0.326752093,-0.629640432,-1.078609383,-1.326296653
0,0,0,0,0,0
0,0,0,0,0,0
-0.000607759,-0.097363137,-0.803572927,-1.477794596,-1.771545368,-1.334722705
0,0,0,0,0,0
0,0,0,0,0,0
0,0,0,0,0,0
-0.000152891,0.12510118,0.472149736,0.754644167,0.807370289,0.643073737
0,0,0,0,0,0
-4.51e-05,0,0,-0.089842625,-0.551208039,-1.038988774
-0.00014893,0,-0.011252111,0,0,0.900529986
-8.58e-05,0,0.003078059,0.066708282,0.55292659,0.818276551
-0.000606311,-0.162606364,-0.451536757,-1.065071196,-1.102427691,-1.680282831
0.000164028,0,0.02539283,0.155163522,-0.323982107,-0.793372461
0,0,0,0,0,0
0,0,0,0,0,0
-0.000170692,1.14494669,2.962667883,4.468042101,5.174796534,5.656664576
0.00040595,0,-0.29547117,-0.614484669,-1.507535708,-4.535040806
0,0,0,0,0,0
0,0,0,0,0,0
-0.000195558,0,0,0.039726734,0.668437196,1.699019519
0.000583219,0,-0.114127171,-0.805475958,-0.994334691,-0.679166321
0.00030173,0.023706774,0.066225249,0.421075173,0.874496279,1.222227397
0,0,0,0,0,0
0.000231037,0,-0.054424925,-0.334036173,-0.521331892,-0.440994504
0.000103644,-0.004438472,-0.001875441,-0.454043645,-0.989711247,-1.403707962
-0.000292902,0,-0.13154924,-0.696772413,-1.060071781,-1.24532774
0,0,0,0,0,0
0,0,0,0,0,0
0,0,0,0,0,0
0,0,0,0,0,0
-0.003148647,-0.33775928,-0.744130799,-1.146795857,-1.629832731,-2.204514983
0,0,0,0,0,0
-0.000221152,0,0,0.232174894,0.561061806,0.411669859
0.000309584,0,0,0.96917081,3.956607502,5.637387768
0,0,0,0,0,0
-0.002914225,-0.047157072,-0.80893163,-1.493273077,-2.51985998,-4.564993864
0,0,0,0,0,0
0,0,0,0,0,0
0.000102405,0,0.197919587,0.535668261,1.011162259,1.297612898
0,0,0,0,0,0
-0.006409722,-0.034400784,-0.005930411,-0.439465586,-1.331243859,-2.672190435
0.000501244,0.642735531,1.475280122,2.137022744,2.803904437,3.353644527
0.00019873,0.01295765,0.008043311,0.257197034,0.57952583,1.896598306
-0.000372974,-0.066407977,0,0.097388124,0.328325183,0.740021699
-0.000153298,-0.024973769,-0.010088915,0,0,-0.75927157
-0.000150604,-0.163300082,-0.44791817,-0.640358033,-1.086277326,-2.436108913
0,0,0,0,0,0
0,0,0,0,0,0
-0.000226839,-0.022640673,-0.264046872,-0.478735988,-0.112052593,-1.196766766
-0.000222772,-0.031590304,-0.14936741,-0.437583115,-0.532594783,-1.141195812
-0.000768314,0,0,0.004020261,0.152537191,1.674504861
0,0,0,0,0,0
-0.000340941,0,-0.263926399,-0.620445044,-0.927792146,-1.401640448
7.14e-05,0.009460149,0.364623461,0.877053784,1.220538289,1.659909977
0,0,0,0,0,0
0.000101991,0,0.499532427,1.744369942,1.698614817,0.994709755
-0.000283713,-0.012857796,-0.218395805,-0.887125048,-1.64977927,-1.501850155
0,0,0,0,0,0
0.000152549,-0.143926043,-0.558015595,-0.690498161,-1.183585486,-2.45880508
0,0,0,0,0,0
0.000178314,0.068007996,0.195287689,0.567851391,0.887910415,0.777175079
0,0,0,0,0,0
0,0,0,0,0,0
0.000228472,0,-0.073483598,-0.289042441,-0.48805389,-0.60834383
-0.00021542,-0.031258198,-0.292316062,-0.618810455,-0.844083965,-0.96154553
0,0,0,0,0,0
-0.00026181,0,0,0,-0.13435481,-0.879818153
-0.000167928,0.001857613,0.550117176,1.436050742,2.157275641,3.233715571
0,0,0,0,0,0
-0.000208768,0,-0.009304845,-0.226418574,-0.255226212,-0.58655814
0,0,0,0,0,0
0,0,0,0,0,0
-0.001020488,0,-0.141107226,-0.079608588,-0.324712776,-2.271822207
0,0,0,0,0,0
0,0,0,0,0,0
0.00016461,0,0,0.030967698,0.283166149,0.882760648
0.000398462,0.629876029,0.91102088,0.595768247,0,-0.458034516
0,0,0,0,0,0
3.48e-05,0,0,0.133482636,0.358679067,0.663955389
0,0,0,0,0,0
0,0,0,0,0,0
0,0,0,0,0,0
0,0,0,0,0,0
0,0,0,0,0,0
0.000311603,0,0,0.31608536,0.812213803,1.243224695
-0.000300352,-0.046188413,-0.021009393,0.137674698,0.855055846,0.750944065
0,0,0,0,0,0
0,0,0,0,0,0
0,0,0,0,0,0
0,0,0,0,0,0
2.93e-05,-0.023674942,-0.344454295,-0.590627799,-0.714181804,-0.710057759
0,0,0,0,0,0
0.000220921,-0.050036559,-0.454435812,-0.648258265,-0.020303007,0.012926267
-0.064082838,-0.10270434,-0.361338533,-0.905028027,-1.805132531,-3.147486293
0,0,0,0,0,0
0,0,0,0,0,0
-0.000319414,0,0.083651134,0.860613187,1.9875406,4.601625524
-0.000443654,-0.100151788,-0.130371016,-0.617464535,-1.498109413,-1.745574671
0,0,0,0,0,0
-0.000410411,-0.000696627,-0.068505008,-0.201703342,-0.843649515,-1.116824171
0,0,0,0,0,0
4.85e-05,0,-0.001866269,-0.588855927,-1.918483135,-3.230701255
0,0,0,0,0,0
0,0,0,0,0,0
0,0,0,0,0,0
-0.000147891,0,0,0.017190492,0.009930048,1.008224852
0.000420704,0.39987981,0.611450834,1.050584806,1.397220069,1.426149039
0,0,0,0,0,0
0,0,0,0,0,0
0,0,0,0,0,0
0,0,0,0,0,0
0,0,0,0,0,0
0,0,0,0,0,0
-0.000798532,-0.029174462,-0.151548494,0.038516601,0.648642596,1.648987773
2.58e-05,0,0,-0.000223697,-0.473439494,-2.641164809
-0.00224753,-0.066077274,-0.185207912,-0.450643901,-0.766305318,-1.158806087
0,0,0,0,0,0
-0.000939812,0,0,1.607923247,2.859110371,3.027056963
0.254448442,1.546031384,1.865852368,2.276849375,2.604172666,3.072169595
0,0,0,0,0,0
-0.000145008,0,0,0.02886788,0.365220888,0.6695006
0,0,0,0,0,0
8.65e-05,0,-0.027616488,-0.405671691,-0.870938088,-1.821264067
0,0,0,0,0,0
0.000177308,0.022793102,0.053614883,0.12002669,0.379968721,0.682163782
0,0,0,0,0,0
-0.000132337,-0.060271189,-0.379411449,-0.80756743,-1.065268836,-1.481704607
0,0,0,0,0,0
-0.000365009,0,-0.256277286,-0.798700286,-1.208933131,-2.295634802
-4.12e-05,0.004889405,0.518099669,1.238152878,2.025567724,2.861509594
0,0,0,0,0,0
0.005904854,0,0.007671156,0.130916235,0.923691614,1.77338002
0,0,0,0,0,0
-0.000253646,0,0,0.322616447,0.421943198,1.195860288
1.15e-05,0,-0.171541513,-0.330375575,-0.580685079,-0.776938578
0,0,0,0,0,0
0,0,0,0,0,0
5.3e-05,0,-0.016823083,-0.175174937,-0.322425253,-0.640169038
0,0,0,0,0,0
0.000340875,0,0,-0.168898274,-1.012895772,-2.35639324
0,0,0,0,0,0
-1.38e-05,0,-0.036517363,-0.354528866,-0.470400703,-0.785935777
0,0,0,0,0,0
0,0,0,0,0,0
0,0,0,0,0,0
0.000104083,0.006659183,0.189508752,0.370031299,0.545792204,0.995679899
-0.000380536,-0.440648729,-0.901249882,-1.623226771,-1.622281674,-0.021105669
-7.76e-05,0,0.112293686,0.407582409,0.84382522,1.6390071
-0.000252186,-0.08869509,-0.095570941,-0.235882216,-0.795035933,-0.771936864
0,0,0,0,0,0
-0.000105025,-0.033370414,0,0.221991116,0.571618803,1.027900259
-0.000112212,0.01878035,0.168303638,0.05717376,-0.016398306,-1.033542415
0.000229365,1.178621223,2.366355039,3.000652452,2.549453945,1.167991468
0,0,0,0,0,0
0,0,0,0,0,0
-0.000146442,-0.045811448,-0.271893329,-0.550369579,-1.242577498,-1.681014262
0,0,0,0,0,0
0.000161568,0.012445526,0.356229518,0.919317043,1.165347706,1.118762685
0.000171656,0,-0.037128735,-0.104789817,-0.149989044,-2.308002241
5.11e-05,0,0,0.035033352,0.316775873,0.748607137
0.000107467,0,-0.012857565,0.039215868,0.446124058,0.562461087
0,0,0,0,0,0
0,0,0,0,0,0
1.58e-05,-0.074306814,-0.237848336,-0.580604177,-0.747421612,-1.476432808
-3.28e-05,-0.027073165,-0.293716711,-0.769781355,-1.082154911,-1.262501992
-8.14e-05,-0.335305157,-0.571332342,-0.428149809,-0.201215291,-0.005895484
0,0,0,0,0,0
-0.000305901,-0.092776711,-0.193457694,-0.639737477,-1.278811283,-2.849657549
0.00010879,0,-0.320365086,-0.533124384,-0.871128899,-2.289992658
0.000161956,0.056742699,0.613384542,1.29347486,1.840673405,2.452872135
0.000108973,-0.11378069,-0.599240697,-0.86234123,-1.02611299,-0.485029083
-0.000123036,0,0.958501477,2.545346911,3.113504866,3.362592629
0,0,0,0,0,0
0,0,0,0,0,0
0,0,0,0,0,0
0,0,0,0,0,0
-0.00010319,-0.071367841,-0.400461404,-0.691089378,-0.979163527,-1.238247746
0,0,0,0,0,0
-0.00021844,-0.054186576,-0.331619212,-0.972234033,-1.886877582,-2.670376516
-0.000130014,-0.007673342,-0.251348111,-0.387904297,-0.652664575,-1.151707442
-0.000234743,-0.172629032,-0.635488344,-1.356175703,-1.638858153,-1.445278476
0,0,0,0,0,0
-0.000254131,0,-0.019191354,-0.278874672,-0.99400308,-3.964772029
0,0,0,0,0,0
0.004181355,0.694734499,1.351675657,2.043248014,2.342857046,2.67398156
-5.41e-05,0,0.057886331,0.388090811,1.573663681,2.017062709
0.000152276,0,-0.192640811,-0.552122286,-1.593645652,-3.254484485
3.39e-05,0,-0.003317667,-0.51138985,-1.637534864,-4.546761809
0.000100614,0,-0.176177918,-0.337816761,-1.114609786,-2.831974584
0,0,0,0,0,0
-0.000391765,-0.409073958,-0.959034653,-1.645743258,-2.108174631,-1.782130783
-8.86e-05,-0.439638663,-1.058573813,-2.061399354,-2.934995748,-4.465011785
-0.003449446,-0.197111577,-0.744470359,-1.310980209,-1.505910925,-1.817396516
0,0,0,0,0,0
-0.045639362,-0.062573747,-0.195062943,-0.659510756,-0.922377488,-0.647290968
0,0,0,0,0,0
-0.012421032,-0.120230166,-0.101069448,-0.647218763,-1.07085859,-0.714395176
0.001677053,0.000927854,0.005373781,-0.148002532,-0.44727295,-0.892102657
0,0,0,0,0,0
0,0,0,0,0,0
-0.000119791,0,1.546628331,4.505484641,5.529444055,5.66159238
0.217154076,1.306240571,1.75186169,1.68692316,1.500536238,2.282593214
0.192171996,5.031679266,7.784048936,8.569694638,7.756418538,8.572135582
-0.000135047,-0.070706991,-0.209512821,-0.525697205,-0.69672027,-1.294837859
0,0,0,0,0,0
0,0,0,0,0,0
3.355699526,3.800380754,3.823154286,4.167864352,4.237737318,4.371659752
0,0,0,0,0,0
0,0,0,0,0,0
0.000147811,-0.039537067,-0.391643887,-0.69231582,-1.21571503,-2.424904354
0,0,0,0,0,0
0,0,0,0,0,0
0.103414024,2.36081646,4.526079017,6.27866683,6.670227839,6.726713354
0,0,0,0,0,0
-1.19e-05,-0.000664801,-0.002249762,0,0.48873727,0.958331927
-0.000301903,-0.133749293,-0.275813327,0.033477446,0.92152067,1.129493063
-0.000383628,-0.101342484,-0.499592871,-0.980868824,-1.626952173,-2.261319855
0,0,0,0,0,0
6.6e-05,0,0,0.148898421,0.397765994,0.569921773
0.000213089,0,0,-0.001601139,-0.103227018,-1.138687828
0,0,0,0,0,0
0,0,0,0,0,0
0,0,0,0,0,0
0,0,0,0,0,0
0,0,0,0,0,0
0,0,0,0,0,0
0,0,0,0,0,0
0,0,0,0,0,0
-2.08e-05,0,-0.019371244,-0.012399064,0,0.765220104
0,0,0,0,0,0
0,0,0,0,0,0
-0.000460194,-0.057846835,-0.100916966,-0.411019461,-1.095270797,-3.075018825
0.000145583,0,-0.552162499,-0.088014738,-1.495349109,-2.041538377
7.64e-05,0,-0.164355883,-0.41227623,-0.746724611,-0.74743477
7.82e-05,-0.144373949,-0.389570175,-0.346887279,0,0.077107211
-5.41e-06,0.2793398,0.727047144,1.148665858,1.21553379,1.131499775
-0.001084447,-0.007465125,-0.949058695,-0.53586675,-0.67291976,-1.406845643
0,0,0,0,0,0
2.89e-05,0.002231193,0.001253166,0.243372263,0.618189441,0.952721499
0,0,0,0,0,0
0,0,0,0,0,0
-6.31e-05,0,-0.003322695,0.437184492,0.727868246,1.303324151
0,0,0,0,0,0
0,0,0,0,0,0
-0.000315291,-0.185580089,-0.376400376,-0.606768358,-0.585724728,-1.276186078
-0.000171935,0,-0.081279082,0,0.502847623,1.181500816
-0.000599313,-0.02501712,-0.044037503,-0.382367653,-1.242332418,-4.168003328
0,0,0,0,0,0
0,0,0,0,0,0
0.00033704,0,0,-0.268486431,-1.031022449,-1.208907499
-0.000528313,0,0.150609362,1.421060239,2.424009897,1.97107813
0,0,0,0,0,0
0.000476949,0,0.245671211,0.725220819,1.596237236,4.510343362
0,0,0,0,0,0
0,0,0,0,0,0
-7.05e-05,0.092960644,0.664988373,1.866222463,2.845190144,3.403068168
0,0,0,0,0,0
0,0,0,0,0,0
0,0,0,0,0,0
0,0,0,0,0,0
-0.000162303,0,0.139285631,0.005747936,-0.392123689,-0.879648591
0,0,0,0,0,0
-0.000488077,0,0,0.647498861,1.690894776,2.481026215
0,0,0,0,0,0
-0.000329582,0,0,0.399718208,2.063596557,4.77962154
-0.000933736,0,0.016541751,0.199599857,0.895319428,1.602427325
0,0,0,0,0,0
-0.011416501,-0.108779025,-0.342212923,-1.01568165,-1.651850643,-2.298149942
0,0,0,0,0,0
0,0,0,0,0,0
0.000215768,0,0.052598198,0.005032874,-0.197402217,-1.391780459
0,0,0,0,0,0
0,0,0,0,0,0
0,0,0,0,0,0
-0.004511326,-0.024349125,-0.026428781,0,0.203809846,1.114445026
-0.000245469,0,-0.065837906,-0.352549803,-0.950016783,-2.460547624
0,0,0,0,0,0
0,0,0,0,0,0
0.003255472,1.337988342,2.75999607,3.478409365,3.690606743,3.951368877
0,0,0,0,0,0
0,0,0,0,0,0
0,0,0,0,0,0
0,0,0,0,0,0
0.000132288,-0.159609376,-0.472723757,-0.995456385,-1.57720914,-1.974842475
-0.000259828,-0.01920429,-0.371762563,-0.626774419,-0.859645132,-0.556312346
-0.112379292,-0.086815968,-0.007663513,1.093973773,2.931487574,4.041784628
0,0,0,0,0,0
0,0,0,0,0,0
0,0,0,0,0,0
0,0,0,0,0,0
0,0,0,0,0,0
-0.0009686,0,0,0.118957737,0.606883561,1.406559794
-0.000404744,-0.166532388,-0.290682202,-0.489759658,-0.868570362,-1.420939425
0,0,0,0,0,0
0,0,0,0,0,0
-0.000615828,-0.13242053,-1.206603521,-2.358834497,-3.880573162,-6.268641309
0,0,0,0,0,0
0.000977303,-0.354647048,0.017565189,-0.034464683,1.43444967,2.884525953
0,0,0,0,0,0
-0.000385941,-0.264845344,-0.562848441,-0.856206054,-0.721058224,-0.982585371
-0.00029371,-0.011185809,-0.065770249,-0.387134982,-0.616587202,-0.868371225
2.57e-06,0,0,0.022527381,0.389896223,0.73759687
0,0,0,0,0,0
0,0,0,0,0,0
-0.000159914,0.027541462,0.617564936,1.378090722,2.539023793,3.707554796
0,0,0,0,0,0
0,0,0,0,0,0
-0.000107407,0,0.008205663,0.12531136,0.485383787,1.869089604
0,0,0,0,0,0
0.001195949,1.012484619,2.395185431,3.100207986,3.332984037,3.655379557
-0.000141316,0.477293416,2.461804062,4.135825541,4.61648124,4.957922326
0,0,0,0,0,0
0.000625414,0,0.189019601,0.816801505,0.874178025,1.498333889
0,0,0,0,0,0
0,0,0,0,0,0
0,0,0,0,0,0
0,0,0,0,0,0
0,0,0,0,0,0
0,0,0,0,0,0
0,0,0,0,0,0
0,0,0,0,0,0
0,0,0,0,0,0
0,0,0,0,0,0
0,0,0,0,0,0
0,0,0,0,0,0
0,0,0,0,0,0
0.015692139,0.087638278,0,1.090002832,0.842259584,3.519846618
-0.001112322,-0.200654274,-0.444011316,-1.09444716,-2.278885215,-4.211570917
0,0,0,0,0,0
-0.000659499,-0.441212534,-0.810381927,-1.092832821,-1.666751128,-2.061353111
0,0,0,0,0,0
0,0,0,0,0,0
-0.000494792,0,-0.198969507,-0.44734893,-1.033760843,-1.82900971
0.000174487,1.85326732,3.607520767,3.475362554,2.01146771,1.301771681
0,0,0,0,0,0
0,0,0,0,0,0
0,0,0,0,0,0
0.000390864,0.992026513,3.019136715,5.044784574,6.512139115,7.254080826
0,0,0,0,0,0
0,0,0,0,0,0
0,0,0,0,0,0
0.000187967,0.201113623,0.444836401,0.256085111,-0.382593797,-2.710626801
-0.056389056,0,0.577647801,2.050239868,3.533645094,5.299745163
0.000152665,0.008935601,0.021681654,0.490685142,0.653563516,1.654493881
6.58e-06,-0.095932025,-0.186040938,-0.392563011,-0.902955967,-1.632930803
0,0,0,0,0,0
0,0,0,0,0,0
0,0,0,0,0,0
-0.000167503,-0.191830953,-0.294697189,-0.004824776,0,-0.802422713
0,0,0,0,0,0
0.000161146,0,0,-0.357359267,-0.705024895,-1.24936721
0,0,0,0,0,0
0.000365575,-0.766581381,-0.449674911,-0.389731896,-0.067691068,1.955953532
0,0,0,0,0,0
0,0,0,0,0,0
0,0,0,0,0,0
-0.002739024,0,-0.219580944,-0.412943012,-0.972987483,-1.410576644
0,0,0,0,0,0
0,0,0,0,0,0
0,0,0,0,0,0
-0.000106794,0.427057483,1.551902597,3.270117791,4.255721647,5.312477794
0,0,0,0,0,0
-0.000402728,0,0,-0.060946636,-0.251183582,-1.039974976
0,0,0,0,0,0
0,0,0,0,0,0
0,0,0,0,0,0
-0.000373752,0,-0.062385432,0.032357186,0.845465948,1.033078195
0,0,0,0,0,0
-0.000278889,0,0,0.229096917,0.030139461,1.892687893
0.000477883,1.337426321,1.123977038,2.067224899,3.475990663,4.491256632
-0.000322633,0,-0.235857658,-0.852341899,-1.329046475,-2.808434647
0,0,0,0,0,0
-0.001024272,0,0,-0.195630596,-0.573543732,-1.011266875
0,0,0,0,0,0
0,0,0,0,0,0
0,0,0,0,0,0
0,0,0,0,0,0
0,0,0,0,0,0
-0.000807598,0,-0.039696028,-0.220999124,-0.374731739,-0.877463438
0,0,0,0,0,0
-0.000255443,0,0,-0.327054073,-1.426951922,-3.716772192
0,0,0,0,0,0
0,0,0,0,0,0
0,0,0,0,0,0
-0.00029197,0,0,0.09079132,0.701597176,1.365820541
0.000262125,0,-0.274443658,-1.547172724,-2.225797039,-2.439620421
-0.000199046,1.035736131,1.886234174,2.652375542,2.884054982,2.636277144
0,0,0,0,0,0
0,0,0,0,0,0
-8.58e-05,-0.126147736,-0.817042254,-1.52965205,-2.164774114,-2.589833053
0,0,0,0,0,0
0,0,0,0,0,0
0,0,0,0,0,0
0.06899527,2.715763412,4.266581033,5.522028438,5.877933798,5.497737507
-9.02e-06,-0.256377662,-0.754411063,-1.232535102,-1.37878184,-1.875383605
0,0,0,0,0,0
5.8e-05,0,0,0.082242161,0,-1.28702193
0,0,0,0,0,0
0,0,0,0,0,0
0,0,0,0,0,0
-0.001838229,0.43888232,1.57656934,2.779461338,3.256089838,3.725261814
0,0,0,0,0,0
-8.55e-05,0,0.051577861,-0.217684047,-0.687079496,-0.772782711
0.00043552,0.125888903,0.582683359,0.446724296,0,1.722034811
-0.000841332,-0.513987445,-0.839174986,-1.227216928,-1.532772703,-1.477667068
0,0,0,0,0,0
1.65e-05,0,0.002710391,0.546834866,0.858011208,1.721562553
-0.000421228,0,0.17127366,0.779585901,1.328260578,2.126688506
0,0,0,0,0,0
0.000237306,0.187232523,0.763857739,1.715186237,2.333306736,3.071978914
0.000373023,0.116976306,0.688359659,1.661902812,2.319266362,2.663284223
0,0,0,0,0,0
0,0,0,0,0,0
-0.000645424,-0.188062776,-0.411563247,-1.04571217,-1.70651878,-1.922642026
-0.000148839,0,-0.296255737,-0.748555915,-1.429601678,-2.00264247
9.26e-05,0,0.007000761,0.786036799,1.615887287,2.154756199
0,0,0,0,0,0
-0.008445704,-0.029264326,-0.099646448,-0.213733787,-0.51865398,-0.995383037
0,0,0,0,0,0
-0.000152249,-0.147816389,-0.517565242,-0.817345101,-0.477953374,0.514200845
0,0,0,0,0,0
0,0,0,0,0,0
-8.22e-05,0,-0.0999958,-0.636210891,-0.931960299,-2.19579038
0,0,0,0,0,0
-0.012984666,-0.047551599,0,0.00837443,0.227370632,1.007352392
0,0,0,0,0,0
0,0,0,0,0,0
-9.47e-05,0,-0.004610653,-0.078001523,-0.59714937,-1.722063071
0,0,0,0,0,0
-0.000215538,-0.014153768,0,-0.283903005,0,-0.859032144
0,0,0,0,0,0
0.000146536,-0.013205035,-0.229375739,-0.009148369,0.2673293,0.756231426
0,0,0,0,0,0
0,0,0,0,0,0
0,0,0,0,0,0
0,0,0,0,0,0
0,0,0,0,0,0
0,0,0,0,0,0
-0.00053184,0,-0.043561943,-0.077907253,-0.335529027,-1.09971579
0,0,0,0,0,0
0,0,0,0,0,0
-0.001426545,-0.179508771,-0.336197819,-0.538920076,-1.419350886,-1.781284741
0,0,0,0,0,0
0,0,0,0,0,0
-1e-04,0,-0.131198099,-0.678743701,-0.774449094,-1.033147285
0,0,0,0,0,0
0,0,0,0,0,0
-0.000627679,-0.013064279,-0.06570893,-0.595710159,-1.38343134,-2.282921895
-0.000757975,-0.011603425,-0.012522398,-0.370186397,-1.136374597,-2.210702734
0,0,0,0,0,0
0,0,0,0,0,0
1.19e-05,0,-0.081610094,-0.514194288,-0.820212818,-1.118166059
0,0,0,0,0,0
0,0,0,0,0,0
-0.000785774,-0.321346119,-0.719648396,-1.34422654,-1.966814463,-2.718551994
0,0,0,0,0,0
0,0,0,0,0,0
-0.000265336,0,0,0.40672683,2.131340312,4.312474167
0.000171168,0.502272425,1.423514051,2.890284812,3.940338004,4.61854342
-0.000107584,-0.013644292,-0.200852203,0,0.189699906,1.333253244
0,0,0,0,0,0
6.84e-06,0.403624991,1.260975949,2.05709798,2.300802299,2.442837607
0,0,0,0,0,0
0,0,0,0,0,0
0,0,0,0,0,0
0,0,0,0,0,0
-0.000502049,-0.008546833,-0.280075764,-0.509664729,-0.873858815,-0.991857856
0,0,0,0,0,0
0,0,0,0,0,0
0.001113563,0,0.002551075,1.384315926,1.269208855,3.446637077
-0.00011902,-0.018931093,-0.021263108,0.584819729,1.777922859,2.765733669
-8.38e-05,-0.01842444,-0.002721131,0.686513322,2.004588299,2.943854786
0,0,0,0,0,0
0,0,0,0,0,0
-0.000295509,-0.03236112,-0.521585831,-0.661658865,-0.681347819,-1.052482323
0,0,0,0,0,0
-6.8e-06,0,-0.274692319,-0.458894929,-0.633841889,-1.039075256
-3.95e-05,0,0.001653837,0.201880299,0.282925714,1.05940589
-0.000906714,0,-0.130030384,-0.287763055,-1.450176188,-1.469077009
0,0,0,0,0,0
-0.000223443,0,0,0.276553259,1.117781221,2.072469742
0.000379621,0.087818547,0.039021364,0.048195014,-0.079254394,-1.189683661
0,0,0,0,0,0
0,0,0,0,0,0
-0.000181244,-0.150033462,-0.47647379,-0.986022936,-1.984023632,-4.006648623
0,0,0,0,0,0
0,0,0,0,0,0
2.98e-05,0.178039827,0.778680011,1.411871905,2.11755667,2.990829739
0.0007418,0.003132377,0,0.041016314,0.080474746,1.77608834
0,0,0,0,0,0
0,0,0,0,0,0
-0.0002832,0,0.324559347,0.716774637,1.231812326,1.105683856
0,0,0,0,0,0
-0.000145725,0.005939699,-0.009885458,-0.151550223,-0.409809696,-1.073779895
0,0,0,0,0,0
0,0,0,0,0,0
0,0,0,0,0,0
0,0,0,0,0,0
0,0,0,0,0,0
0,0,0,0,0,0
0.000534395,0.065655895,0.71810666,1.431022026,2.096646895,2.317206439
-0.000513238,0,-0.136827708,0,0.807254726,1.620019577
0,0,0,0,0,0
-0.000132947,0,-0.049642681,-0.422457552,-0.998876772,-1.728389415
0,0,0,0,0,0
0,0,0,0,0,0
0,0,0,0,0,0
3.99e-06,-0.000206852,0,-0.270584789,-0.663078289,-1.291752997
0,0,0,0,0,0
-0.000481968,0.00090284,0.108868606,0.925464651,1.309018634,1.780292719
0,0,0,0,0,0
0,0,0,0,0,0
0,0,0,0,0,0
-0.008639018,-0.26297757,-0.796635462,-1.709555519,-2.869046876,-5.374279645
0,0,0,0,0,0
0,0,0,0,0,0
1.79e-05,0,-0.03558934,-0.003191554,0,0.833731527
-0.000165319,-0.023340063,-0.169566702,-0.447342661,-0.738346251,-1.127432359
-0.000267943,-0.015771276,-0.547990897,-0.870488864,-1.214071552,-2.146711141
0,0,0,0,0,0
-0.000272158,-0.106683173,-0.466953979,-0.859474414,-1.279841408,-1.312126594
0.000451359,0,-0.036055952,-0.669035843,-1.050524766,-1.523031119
0,0,0,0,0,0
10,15,20,30,45,90
