150,5,,,,,,,,,
-0.041775843,0.091051889,0.102829512,0.150008122,0.19686371,0.083708752,0.132232987,0.056633221,0.129787857,0.040820136,0.091137865
0.603674767,0.644574779,0.771805885,0.604200159,0.733605028,0.677682998,0.70071356,0.661520768,0.631709591,0.632288207,0.738666024
0.42209061,0.448604783,0.303886688,0.418294195,0.527608948,0.453488275,0.41131533,0.459005476,0.424515152,0.433196717,0.405693514
0.16842006,0.055267642,0.049487042,-0.026546801,0.12209548,-0.030136747,0.083172422,0.073931878,0.067739816,0.025895306,0.059653369
0.346444945,0.375501806,0.31798374,0.35292299,0.362757024,0.340133512,0.410451301,0.347070933,0.402796695,0.36766745,0.375098995
0.365438679,0.368963437,0.384243332,0.344539091,0.350208969,0.393033501,0.358388059,0.393294146,0.345762563,0.409177078,0.239856589
0.300472082,0.335976792,0.32745929,0.416841095,0.324981891,0.345284819,0.319749274,0.327993231,0.227426258,0.322273023,0.221408183
0.041173061,0.095815358,0.103988447,0.187573645,0.089143676,0.043207818,0.088645394,0.083903051,0.141162747,0.134362147,0.181155707
0.777417969,0.785339982,0.728102598,0.802849173,0.799979956,0.722528142,0.731816837,0.760292207,0.821966876,0.769308612,0.801360619
0.64150932,0.518263658,0.580704074,0.530073682,0.574708383,0.559186648,0.593531138,0.592416239,0.587713916,0.520326024,0.633415446
0.338706943,0.352734788,0.355145549,0.435869007,0.354754915,0.379124142,0.411783782,0.371277769,0.343466044,0.391454465,0.43515058
0.87464014,0.839713301,0.713091799,0.851889544,0.879959229,0.86605079,0.785973707,0.865145701,0.786365984,0.741733535,0.721613068
0.072385216,0.101143082,0.071371413,0.036270022,-0.004453889,0.043720715,0.074904225,0.058381668,0.037418338,0.121228995,0.025742139
0.534076465,0.488177477,0.533369603,0.644160371,0.625768373,0.504606801,0.503024574,0.548020166,0.616818169,0.583305032,0.603099809
0.434753147,0.446213311,0.425389474,0.347833385,0.42850206,0.379457058,0.335724074,0.441460784,0.385884566,0.45011406,0.404459148
0.31954658,0.339784468,0.299972552,0.368017411,0.372579512,0.429508513,0.364909153,0.4571363,0.357941506,0.366703513,0.341358343
0.149799611,0.081104014,0.045413115,0.100300273,0.158970082,0.152002407,0.1475456,0.14874232,0.140716339,0.194345419,0.144061896
0.399704172,0.453449537,0.412766681,0.444821172,0.448447816,0.381396794,0.373139756,0.484876,0.439995809,0.444909068,0.402898379
0.499160423,0.475711567,0.518445689,0.521939745,0.456012267,0.524462194,0.541926859,0.463194905,0.462013037,0.535465764,0.540377172
0.620559414,0.600489865,0.728760493,0.645208369,0.681389967,0.652823745,0.715847876,0.603854117,0.661808375,0.695004224,0.721583214
0.526342287,0.47207271,0.546213925,0.502771751,0.564482007,0.599562382,0.600875929,0.558459635,0.517688823,0.622056673,0.535053024
0.658034592,0.574383607,0.597874619,0.657213513,0.539286725,0.667995633,0.625280867,0.535282337,0.504662808,0.537112815,0.610560751
0.415825765,0.470828723,0.528366802,0.465278617,0.422443787,0.505702298,0.472477822,0.545087818,0.476983753,0.460395479,0.544922984
0.298236218,0.2648958,0.343880068,0.391458411,0.250496288,0.323988877,0.381948977,0.307646013,0.337153159,0.337338574,0.353611587
0.53444886,0.558017835,0.482965655,0.500347113,0.419184207,0.501801126,0.531263935,0.457556761,0.510141975,0.423217423,0.505726476
0.59008226,0.54538137,0.552875082,0.50797054,0.532650476,0.471865573,0.587052041,0.506941708,0.616486465,0.535713992,0.611204142
0.50240118,0.427933998,0.478510877,0.560086951,0.509646099,0.52109237,0.462765018,0.472909129,0.446374786,0.507830036,0.443659004
0.717145362,0.65191364,0.602136853,0.617235443,0.672300154,0.57249419,0.71573162,0.657121779,0.625551883,0.707376293,0.643069986
0.535892212,0.324025416,0.099562332,0.280382459,0.281225037,0.267212939,0.174116784,0.291973438,0.119941804,0.269843772,0.187849336
0.286400856,0.705317979,0.894742227,0.898398424,0.957483818,0.949727647,1.01510788,0.968227203,1.013803787,0.876945636,0.931043002
0.43774741,0.163949766,0.268770957,0.253918147,0.11406878,0.189790084,0.240714887,0.249064776,0.334181798,0.170586457,0.22652897
0.230117964,0.487818452,0.457746078,0.493192536,0.427838777,0.474398846,0.489469603,0.554722294,0.373409586,0.450505406,0.543193399
0.504000995,0.770592563,0.936568831,0.841968015,0.791509297,0.871473809,0.839259089,0.908133994,0.831856116,0.792587165,0.834826256
0.076217359,0.286951144,0.443300459,0.432758842,0.419963887,0.398575336,0.405812056,0.397860792,0.419036423,0.513158471,0.406112811
0.784367882,0.595306712,0.517835343,0.586442824,0.5807871,0.530603375,0.565323336,0.658641688,0.555295206,0.496720831,0.579688158
0.665139801,0.510285654,0.514260689,0.502122727,0.415926109,0.488678539,0.470660997,0.510946345,0.410156643,0.506795346,0.513016255
0.561879491,0.502288121,0.604789557,0.523913558,0.492196772,0.469211222,0.531925802,0.432273051,0.470213203,0.445322991,0.494414767
0.230175284,0.298484332,0.379331711,0.238364734,0.277401056,0.330876788,0.346792846,0.304188395,0.3543258,0.322293407,0.327726041
0.663514738,0.384327457,0.292058458,0.270058702,0.158737612,0.221900393,0.151756221,0.182574433,0.220784006,0.210094584,0.102376507
0.812800114,0.632269116,0.427835158,0.456662775,0.395158648,0.439545547,0.42748767,0.460447117,0.498329584,0.534972373,0.480940453
0.0741091,0.054039156,-0.005811014,0.007912092,0.020095762,0.058315561,-0.040510072,0.040023831,0.008926849,0.034695983,0.014223856
0.067473016,0.451440273,0.451620981,0.542456525,0.515460791,0.653866043,0.59050599,0.638085112,0.594584524,0.524899944,0.512603609
0.449028382,0.140639456,0.146862842,0.129797387,0.074685037,0.060038147,0.108467259,0.125346479,-0.072344429,0.115993637,-0.011219179
0.345229617,0.375109037,0.551682195,0.550795738,0.471414626,0.553115708,0.543727522,0.507438683,0.587403883,0.473883464,0.542567177
0.228203293,0.113354013,-0.01247131,0.009377859,0.163752507,0.078244404,0.08469967,0.076935078,0.118883571,0.070256147,0.114976945
0.610590442,0.136920202,0.18215701,0.089497712,-0.02674692,-0.0385647,-0.012959009,-0.093780742,0.00016006,0.035139544,0.061767796
0.608732855,0.180583013,0.066395981,0.010002074,-0.040322956,-0.058491668,0.026535643,0.043895627,-0.043149889,0.008142133,0.024206663
0.526219247,0.181897318,0.101408069,0.088186678,0.025611582,0.0223397,0.071404038,-0.006157735,0.074657877,0.032698464,0.015002868
0.469252064,0.24375072,0.093670487,0.025020272,0.095734284,0.083393196,0.084312074,0.102865288,0.088746821,0.129865626,0.132984807
0.360136447,0.11146812,0.092652801,0.154259593,0.098418581,0.098399941,0.013272261,-0.014015883,0.110762657,0.101262712,0.132027996
0.5318051,0.283286018,0.226901891,0.274372724,0.223764746,0.218764665,0.266285358,0.218042587,0.264774136,0.241531264,0.15613185
0.6225509,0.288868492,0.026374659,0.002435391,-0.036944042,0.00639723,-0.021236506,-0.067277965,0.092465487,0.003621337,0.05999308
0.390280885,0.104425095,0.080168837,0.050519409,0.055236228,0.014744314,0.018920564,-0.021777772,0.063235971,-0.076756978,0.009477478
0.563848975,0.675393149,0.62025694,0.685612352,0.66959072,0.765688758,0.636034755,0.612989144,0.690514796,0.67002775,0.659935983
0.560640562,0.680099756,0.612155023,0.646299465,0.667035231,0.718992799,0.699945086,0.637604075,0.676417699,0.607734206,0.647968098
0.202875286,0.104683188,0.120619684,0.132159905,0.199322791,0.13356357,0.194690168,0.205488308,0.23891282,0.233743677,0.189909003
0.786494074,0.734255252,0.750720149,0.787586853,0.735660858,0.719717656,0.757092307,0.689795303,0.731985176,0.700448728,0.695459557
0.47515899,0.279267016,0.072971335,0.094898041,0.020440808,-0.019253454,0.062783322,0.01224321,-0.001043189,0.02680367,0.058296234
0.894429626,0.404023039,0.091299045,0.054383499,-0.00883129,0.078360438,0.015246999,-0.119728425,0.070233748,-0.020745667,0.086265843
0.642035139,0.797070175,0.861277437,0.848178116,0.90417499,0.819087966,0.871150656,0.888508859,0.90800184,0.863459809,0.91911848
0.177086156,0.081283813,0.142743569,0.133659183,0.131588374,0.093151994,0.028600872,0.013558678,0.143664819,0.14141309,0.134067678
0.28217997,0.025017771,-0.033888186,0.02401999,0.009086204,0.02306036,0.01483414,0.016202882,0.001775361,-0.049608533,0.013805401
0.748161291,0.886752479,0.837682953,0.864062853,0.737411279,0.764227295,0.787038024,0.872589781,0.819488885,0.796915169,0.766235516
0.340245612,0.467560381,0.363276572,0.467258794,0.589108324,0.395369907,0.508755817,0.43493299,0.487439204,0.598995199,0.504381994
0.218760075,0.661198194,0.8023881,0.792341497,0.764834023,0.78390252,0.802995313,0.748523159,0.791032958,0.772948062,0.711909688
0.524878643,0.907358502,0.775260758,0.98998848,0.960087978,1.030567267,0.959028747,0.911959147,0.968363449,0.920670644,1.019239458
0.702547104,0.710000717,0.943568949,0.896303439,0.873150341,0.933861864,0.872208369,0.90567112,0.868892396,0.837831951,1.00917082
0.66500617,0.862488868,0.973153329,0.867189062,1.085391526,0.978209465,0.919835714,1.072043539,1.095782497,0.970380474,0.956367752
0.502970216,0.742747691,0.812311678,0.999902926,1.116408436,0.952881489,0.914879161,0.981623374,1.034715016,0.951997735,0.928704741
0.268310761,0.200095486,0.095770093,-0.010955967,0.107922004,0.102622848,0.005636784,0.122035796,0.059789133,0.082165444,0.061128859
0.804079812,0.322505775,0.212632813,0.105468996,0.06065607,0.147546446,0.081304762,0.103676282,0.011134349,0.117707141,0.191369094
0.289925582,0.613577211,0.774892495,0.915199916,0.960844015,0.938736893,0.969953499,0.981201479,0.989560281,1.065141632,1.007345809
0.798917802,0.845381826,0.950009554,0.953048167,0.996871176,0.931763722,0.988585383,0.926933473,0.984149205,1.034416934,1.08719401
0.674041094,0.783982937,0.854163055,0.944673369,0.937106518,1.011099407,0.964644878,0.985464023,0.992376401,0.976785571,1.037393146
0.885667871,0.909875182,1.020189102,0.888560894,0.899090967,0.937510583,1.085038803,1.005315248,0.933580314,1.043361713,0.959193258
0.32629224,0.413476553,0.659424833,0.831010775,0.852251672,0.997180159,0.935698568,0.899512414,0.914159768,0.94807017,0.95909378
0.576596014,0.731228565,0.813031516,0.902543919,0.999225587,0.98401042,0.937812969,1.012712088,0.958644501,0.926947922,0.9873678
0.359347907,0.564917314,0.730401594,0.819822167,0.919304705,0.933402049,1.046139754,0.994490478,1.01074851,0.914196593,0.979889289
0.098237888,0.556676955,0.544105544,0.634821754,0.631084515,0.609198507,0.797335045,0.681936693,0.645754393,0.704758249,0.707409896
0.149105898,0.559709142,0.874545239,0.915640564,0.946939309,0.928459881,1.040073342,1.029229623,1.028242273,1.009464155,0.876269492
0.334841757,0.436539437,0.557782627,0.695876362,0.823061825,0.959383103,0.929581147,0.926625735,0.946379013,0.966117068,0.947868104
0.576286742,0.643279444,0.709459486,0.89108266,0.870502493,0.869845057,1.060092632,0.964765132,0.943318689,0.952760649,1.086795558
0.333614286,0.431131704,0.605038711,0.807854664,0.952255047,0.946787359,0.947991936,0.953076554,0.99026622,0.890587284,1.061327576
0.599350511,0.3291257,0.144636863,0.125704707,0.147431685,0.142519771,0.091820874,0.073651451,0.112047023,0.002317047,0.111907897
0.567931213,0.454180505,0.221562581,0.284433363,0.122461053,0.236008864,0.191829508,0.121100038,0.153150813,0.180345598,0.129449356
0.494430625,0.194445523,0.195067451,0.111898041,0.039589248,0.065703845,-0.069016152,0.204726757,0.169019137,0.097670691,0.142543134
0.361644175,0.291546514,0.372542524,0.303177072,0.343088051,0.348922984,0.396862034,0.327511943,0.360571186,0.330877088,0.280629395
0.185324697,0.147677112,0.280429062,0.226355664,0.239972951,0.18526472,0.257655872,0.27776794,0.22621114,0.277980404,0.297532813
0.245900981,0.228069854,0.247811688,0.181525094,0.081747199,0.189509722,0.328112502,0.198724078,0.180276361,0.197173327,0.22318945
0.391942329,0.443196332,0.365800275,0.451815946,0.461920612,0.41593751,0.503191804,0.535304641,0.381106621,0.421893784,0.351908229
0.639980753,0.441707319,0.288217125,0.347674437,0.335375558,0.387736222,0.29192808,0.342119163,0.444888536,0.338428208,0.351529424
0.486286002,0.243181041,0.148914702,0.117981796,0.100210365,0.103818061,0.045874271,0.121971944,0.194359261,0.144808771,0.159936921
0.472642503,0.260650523,0.190498328,0.251911303,0.138396749,0.189379858,0.167071812,0.163473441,0.050650083,0.212742632,0.140811615
0.334682409,0.407991216,0.364474126,0.409811786,0.451217049,0.410940525,0.413931135,0.408712369,0.341392828,0.394368939,0.514983719
0.778443481,0.560197976,0.522093085,0.59352873,0.51391153,0.48352281,0.561443921,0.527657707,0.570335711,0.48860473,0.58979914
0.554261983,0.257044263,0.186414499,0.197529824,0.06324745,0.2395957,0.129684177,0.182979842,0.165465996,0.223605185,0.104972891
0.568915697,0.455579982,0.431075842,0.438840143,0.563134776,0.628598984,0.47435032,0.556331834,0.580739308,0.596356143,0.578858882
0.473098783,0.351925486,0.300817124,0.346869715,0.296768707,0.488220797,0.298556339,0.361332556,0.342496168,0.40298199,0.32377568
0.424439456,0.490632799,0.63421593,0.664655468,0.734551007,0.643891385,0.639336955,0.710866076,0.652443482,0.881391003,0.692095175
0.507826825,0.669734709,0.698115156,0.802182719,0.769698968,0.74264365,0.820110057,0.766117975,0.782237514,0.811973988,0.763018186
0.734030421,0.760126572,0.768336283,0.88339984,0.907158613,0.835516752,0.889914856,0.912270926,0.896322384,0.946989883,0.923974558
0.470091434,0.720280561,0.766802806,0.84345843,0.803061493,0.875443991,0.851847683,0.888919772,0.914238547,0.919821864,0.818070441
0.333047506,0.727256539,0.825786177,0.845897166,0.850375015,0.839522916,0.781242757,0.861729583,0.869507744,0.84027555,0.866246697
0.145278063,0.443177795,0.700390794,0.780604036,0.710743884,0.662922555,0.806661269,0.748349507,0.802247413,0.791864744,0.710106236
0.403450589,0.663190536,0.707139389,0.758275138,0.761576948,0.803769566,0.731768441,0.827314663,0.756664896,0.767390414,0.793929707
0.303511764,0.659348224,0.740086237,0.753784655,0.713164541,0.731233374,0.724184002,0.727375732,0.816298215,0.824747252,0.805609857
0.384810936,0.582658942,0.695696386,0.823052605,0.714971689,0.738274618,0.899925193,0.749612143,0.784429711,0.766859495,0.802059266
0.319989166,0.680783185,0.747484963,0.723654006,0.838878717,0.72691439,0.876950663,0.87358878,0.798003268,0.852806564,0.829929488
0.728541634,0.802791755,0.77417118,0.711061952,0.697679304,0.758074039,0.724513918,0.784247997,0.714704444,0.708426889,0.739484561
0.662260319,0.729804974,0.770230732,0.773470028,0.837290379,0.811713327,0.692806009,0.713084718,0.811960323,0.815660088,0.84717862
0.713195255,0.809660105,0.925198868,0.939448347,0.961439747,1.022290263,0.954072478,1.018095872,0.990811914,1.012473671,0.958984219
0.30819576,0.596527186,0.63564349,0.731428079,0.699693427,0.686781674,0.739182005,0.740096845,0.820378727,0.788954192,0.690696601
0.093371053,0.561466379,0.723095928,0.707031763,0.800346751,0.724576388,0.901764928,0.72368543,0.747549559,0.796609874,0.826385845
0.700341335,0.780885212,0.712308582,0.87935853,0.808905913,0.868299372,0.738614264,0.780036098,0.872006127,0.816471357,0.939304042
0.602477954,0.686961511,0.752551324,0.742478748,0.763810393,0.74229209,0.796751416,0.713431766,0.772928131,0.791813344,0.794278703
0.231661281,0.613397211,0.767628754,0.764716603,0.751144173,0.669616356,0.833985087,0.72147383,0.725038063,0.840814249,0.756327064
0.941845343,0.827972686,0.90234007,0.832209604,0.809374854,0.875183824,0.853343152,0.784100834,0.773064233,0.791669145,0.818796166
0.512643911,0.696486952,0.851446836,0.876843311,0.890506948,0.782830296,0.920124889,0.801034451,0.893262632,0.887326943,0.922415353
0.399962419,0.733133243,0.822747913,0.822001731,0.922859045,0.828077557,0.956327843,0.858663902,0.777855304,0.822342596,0.900757362
0.435297016,0.459868067,0.328480196,0.453618458,0.389162206,0.419853151,0.471788998,0.405339888,0.353433378,0.368367216,0.419275701
0.791918767,0.393109157,0.205510445,0.270555694,0.075998103,0.150943768,0.100132628,0.204592357,0.211078995,0.212387548,0.071175506
0.66815295,0.329734965,0.223906031,0.201571276,0.15507132,0.17999687,0.216037445,0.189077952,0.193739058,0.23895376,0.227924519
0.792196396,0.440471924,0.322295177,0.481946587,0.328903333,0.36444763,0.435457276,0.405096899,0.464521207,0.409276147,0.430748636
0.857014431,0.803713773,0.700739433,0.545427603,0.652753891,0.541499753,0.55518127,0.500405122,0.470725883,0.612511747,0.636051948
0.689353142,0.86160064,0.722091278,0.741992173,0.742714206,0.577283491,0.644533892,0.584182414,0.695091389,0.644237424,0.653533698
0.650126725,0.774465273,0.701267646,0.514772072,0.559418014,0.415890187,0.489772036,0.451847027,0.531113762,0.481884558,0.482868075
0.130201578,0.243925238,0.295515246,0.534570193,0.519651423,0.518131189,0.552000835,0.574368267,0.513500178,0.516535189,0.552776015
0.362762018,0.313239324,0.222573481,0.159285359,0.170273806,0.104559318,0.25421684,0.18943447,0.135111929,0.191011283,0.149028073
0.522518146,0.463626589,0.364297326,0.356978634,0.323909615,0.33740873,0.404059906,0.455879318,0.384680418,0.367315643,0.378818926
0.802416407,0.707494972,0.687118103,0.652452786,0.611431831,0.633626324,0.564695291,0.613967396,0.59961576,0.608301792,0.594688691
0.266689412,0.281478848,0.361921274,0.239793132,0.336082871,0.352778306,0.312239538,0.259859489,0.330915678,0.275473152,0.327032407
0.552979896,0.680911539,0.472368342,0.475578909,0.579665517,0.541135287,0.561827146,0.612348192,0.521951572,0.480751891,0.474681697
0.372179747,0.410243348,0.440290323,0.444837661,0.429120509,0.394298081,0.382077921,0.471091625,0.496883749,0.439890701,0.484316535
0.455401246,0.352895192,0.352988976,0.311724273,0.32904113,0.329311329,0.307337485,0.402039745,0.337435737,0.437699535,0.475085595
0.395012731,0.508116764,0.714541476,0.680813655,0.602295188,0.656841651,0.754149736,0.78346158,0.695895526,0.725255805,0.71464347
0.318783316,0.254182393,0.249250411,0.23356063,0.358117282,0.275909595,0.315243421,0.305602871,0.358159723,0.32603591,0.350416573
0.308314037,0.125949116,0.299392607,0.261089758,0.261777091,0.222920826,0.27367345,0.31879955,0.270603852,0.229336663,0.250539932
0.409596435,0.461438764,0.390983108,0.61779597,0.424537419,0.521630999,0.59117895,0.521181366,0.473750237,0.474665201,0.529294666
0.567775534,0.53723353,0.496143366,0.548597278,0.561964927,0.552382325,0.580603074,0.570179633,0.500551081,0.454452896,0.569488964
0.733874694,0.693857037,0.484613921,0.607087709,0.668460686,0.629241207,0.555882137,0.535643061,0.637383304,0.581727289,0.605681989
0.876421967,0.778421882,0.676942376,0.560318073,0.615284487,0.577154923,0.530571357,0.520478739,0.584383423,0.495376642,0.627176698
0.624713608,0.481186223,0.41196327,0.406276505,0.518594629,0.458116871,0.545486689,0.576014096,0.442995569,0.399933209,0.473237378
0.578032975,0.542476604,0.579958243,0.563985538,0.571554486,0.558401219,0.5383853,0.586380445,0.504455906,0.613401911,0.542176095
0.685281219,0.654235026,0.532591368,0.585089699,0.507908364,0.447810783,0.568472174,0.52666109,0.539787788,0.444588744,0.594552334
0.913733183,0.650208001,0.541188086,0.467116841,0.485468102,0.555900595,0.448275453,0.567840222,0.495352733,0.518601528,0.515664122
0.649324434,0.60904158,0.542751244,0.505106096,0.390111177,0.397134018,0.41767023,0.476011128,0.469796653,0.524434402,0.535410908
0.759952111,0.573320436,0.497441449,0.631310956,0.451150994,0.549406585,0.398769655,0.540367094,0.583069936,0.515610244,0.50817849
0.359632834,0.471959019,0.525770134,0.532462843,0.532199276,0.543777002,0.501806068,0.561291974,0.527987317,0.536754301,0.585147583
0.675556938,0.448652734,0.351459186,0.416050595,0.390052965,0.3932449,0.394910631,0.359177558,0.457193374,0.433852414,0.317192814
0.569175688,0.467232691,0.414134396,0.416761193,0.335084993,0.456269547,0.243517092,0.263625675,0.436053976,0.34641949,0.315358215
0,1,2,3,4,5,6,7,8,9,10
0.298354017,0.252425282,0.34838821,0.289498711,0.32219897,0.311119706,0.2797006,0.300740281,0.246563354,0.320864339,0.162194924
0.475542716,0.358882582,0.500787401,0.380419059,0.379727592,0.452441513,0.520178605,0.502711807,0.552971435,0.492113426,0.447221549
0.306755652,0.291447095,0.298609783,0.322923765,0.350011805,0.261231813,0.358713802,0.329763654,0.43079719,0.382619814,0.325751408
0.422726197,0.462412355,0.460555861,0.526762338,0.429634087,0.42632571,0.428736758,0.476990836,0.455441811,0.400999602,0.530416831
0.419427139,0.50170267,0.449677159,0.474512575,0.410758552,0.337064518,0.512856401,0.455876091,0.51621459,0.374434223,0.509742186
0.007511001,0.14111784,0.124127049,0.120428329,0.168826464,0.162651109,0.184882599,0.067916481,0.11405806,0.039221009,0.132327603
0.150868504,0.151294295,0.115543771,0.17925965,0.034647493,0.056585037,0.118799829,0.238016968,0.113548224,0.076425639,0.144212232
0.334409136,0.291697752,0.419322847,0.420593537,0.364321889,0.313989355,0.343670601,0.379100393,0.337570244,0.318228296,0.484806127
0.738078456,0.917281747,0.840624196,0.78496601,0.797756672,0.832824595,0.882178494,0.799627687,0.747021578,0.7964196,0.864558862
0.705989538,0.681695504,0.645014669,0.695099252,0.596860814,0.666046614,0.648196514,0.600635591,0.702646548,0.682001843,0.690265722
0.460408875,0.482042526,0.417160868,0.426909002,0.375400446,0.431880897,0.419533432,0.335816279,0.395074802,0.402089241,0.35755085
0.633323066,0.625614369,0.676816775,0.60504792,0.70216517,0.687814972,0.689005739,0.601544199,0.606401675,0.680082875,0.69112753
0.015421314,-0.041348615,0.02220686,0.099150734,0.043316837,-0.026837916,0.138745684,0.039543177,-0.012736298,0.083758973,0.090571034
0.265594486,0.265347223,0.283569311,0.289055286,0.132621958,0.275307511,0.271256747,0.283579836,0.197569523,0.326388299,0.209101272
0.107437039,0.114679222,0.058576791,0.056431826,0.08193802,0.062008721,0.04920763,0.105273342,0.083319475,0.081419959,0.13760324
0.303226072,0.332025234,0.243631677,0.222008765,0.240790129,0.253726707,0.259253339,0.229122703,0.275359397,0.213893145,0.275530135
0.669799955,0.799694671,0.738093652,0.713484473,0.771665795,0.757099192,0.760467056,0.809746251,0.696733772,0.761177187,0.691082835
0.268726662,0.328143228,0.362024468,0.274292197,0.341383797,0.394237196,0.377491953,0.305731308,0.283821621,0.319957734,0.341992104
0.324403125,0.391043199,0.382513605,0.502007415,0.365971361,0.486272124,0.436626285,0.343295654,0.446327096,0.433372415,0.44463079
0.689607434,0.723327512,0.659429496,0.702490083,0.58062068,0.619377222,0.632880865,0.683927798,0.63802687,0.662882486,0.584369808
0.447363923,0.390146885,0.440903402,0.487879048,0.42523282,0.42361493,0.44921867,0.440952256,0.468434738,0.343255941,0.392941686
0.70154791,0.606999361,0.744652627,0.763874538,0.728418885,0.728334735,0.740198463,0.731709017,0.752351932,0.666127292,0.688470875
0.513643,0.543401246,0.400152576,0.432048786,0.481918923,0.380682741,0.371836782,0.401076315,0.444048241,0.45140067,0.438250535
0.632495756,0.651670488,0.60505577,0.580046336,0.630842636,0.612027585,0.606438935,0.520345598,0.496300164,0.666520275,0.684934316
0.107859929,0.135886673,0.122665115,0.073554878,0.042322231,0.168226473,0.031681851,0.135175159,-0.024027904,0.054849379,0.112447429
0.671834581,0.717052925,0.717517726,0.624330046,0.672941617,0.623202466,0.654215744,0.653535823,0.669517937,0.727515806,0.680038452
0.325513898,0.317902633,0.374101687,0.319849033,0.373024929,0.362323908,0.398909303,0.351428586,0.448087428,0.329786469,0.318253061
0.490191968,0.596150402,0.561034554,0.515829259,0.630244149,0.612931369,0.521124602,0.513898238,0.54401134,0.52092731,0.539598839
0.437264208,0.246685559,0.048412095,0.054050069,0.044939373,0.009290246,0.057955795,0.08055338,0.079859866,0.046018583,0.012473723
0.436894258,0.601471701,0.902595946,0.823739185,0.913378398,0.984725328,0.947980531,1.032991326,0.981862519,0.98991799,1.070079238
0.566944358,0.217517191,0.015782941,0.18117201,-0.043401903,-0.005974589,-0.017041578,0.02593493,-0.035521574,-0.072634332,0.005688551
0.701316053,0.228322349,0.130092066,0.150127053,0.016296971,0.055098758,0.114470292,0.069549219,-0.041689773,0.025974773,0.046238276
0.419989604,0.627485185,0.667727821,0.700619364,0.698297962,0.7542775,0.737804827,0.669078373,0.733912359,0.732093025,0.804433967
0.282736502,0.069535327,0.100525419,0.081868931,0.049743729,0.162854231,0.059538063,0.127695829,0.081107929,0.079146904,0.07557651
0.448541997,0.798720065,0.838425603,0.87923971,0.897571084,0.989790655,0.93914601,0.993022813,1.018872435,0.891469261,0.849569941
0.701830045,0.358544772,0.21547982,0.03518348,0.045117856,-0.011198997,0.044318518,0.082435733,0.070380424,-0.019398513,0.161970725
0.372728644,0.467159121,0.248412661,0.132685731,0.090179678,0.042845888,0.061894785,0.083205905,-0.017228499,0.082468529,0.039176533
0.472585773,0.160639225,0.088588807,0.0156183,-0.047527256,0.013669542,0.00107086,0.09582247,0.011964771,0.04153851,0.073144039
0.377524931,0.199389092,0.135166427,0.055277875,0.091912557,0.123345778,-0.049458104,-0.014487492,-0.050926583,0.052799219,0.041214914
0.502177642,0.856788349,0.847406582,0.860864347,0.876727552,1.010229162,0.933320597,0.892319705,0.781731207,0.866884299,0.985749241
0.801699036,0.373603947,0.091108233,0.092008872,-0.0450314,-0.027764028,0.002950823,0.007869819,0.011630563,-0.010531986,-0.008222478
0.398566304,0.712510983,0.851544373,0.844641703,1.0031573,0.953927052,0.984468248,0.968263177,0.932319163,0.919944905,1.001632053
0.269856603,0.266582841,0.302103387,0.294909254,0.240434829,0.252945513,0.388996296,0.244351461,0.221443084,0.25720655,0.290700741
0.524606386,0.749952721,0.839018798,0.938026522,0.857497071,0.866792004,0.932073192,0.873588493,0.933101904,0.917605132,0.88951111
0.406408996,0.36860711,0.366276725,0.370101916,0.421155097,0.308823906,0.249799539,0.345346598,0.329409262,0.363783398,0.257024344
0.41405239,0.288132984,0.210713513,0.244225083,0.166214222,0.167010837,0.189747588,0.236451126,0.153012328,0.24755868,0.212951047
0.42443543,0.205530914,0.142457666,0.054362842,0.024834242,0.026591508,0.065980842,-0.015345836,-0.003798805,-0.033911883,0.109805308
0.459356154,0.293308648,0.264267044,0.14088014,0.266315393,0.216977612,0.221886896,0.291724675,0.31457327,0.251585737,0.136746656
0.426102448,0.233846851,0.153161905,0.050687722,0.07031596,0.008707733,0.000126488,-0.023284984,-0.101669223,-0.04246456,0.025100264
0.488366925,0.152058844,0.072193584,0.07904766,-0.01896286,0.050380185,0.030319932,-0.013764394,0.010901234,-0.037239277,-0.032570535
0.665441082,0.25193609,0.133741146,0.163570044,0.043348623,-0.17412445,0.041907667,-0.041758231,-0.026070321,0.053913054,0.017632792
0.370640331,0.176994772,-0.004491141,0.045259435,0.004393317,-0.034455044,0.026967026,0.07755443,0.015813676,0.045251603,0.026898377
0.066210209,0.058144308,0.035107668,-0.064033941,-0.017092954,-0.04449997,0.071756601,-0.076061846,0.097554732,0.070272007,-0.072894255
0.264608828,0.544869432,0.878640628,0.88406848,0.971285529,0.941262669,0.943498327,1.023597576,0.883869301,1.01589424,0.937321667
0.655462188,0.894964054,0.91231268,1.017866253,0.966321622,0.873765905,1.004318389,0.959470034,0.990882469,1.023538407,1.038979601
0.522388212,0.369973099,0.139590997,0.144123907,0.015788413,-0.056549257,0.026110584,0.00820567,-0.029866898,0.067490555,-0.052347607
0.534148617,0.845340932,0.929682584,0.992673225,0.875831367,0.926692878,0.9049024,0.90270598,0.898366421,1.030322671,0.893627882
0.406144141,0.155279077,0.018199467,-0.014012265,-0.075791696,0.023595403,0.038152077,-0.052348964,-0.021453709,0.100138131,0.020966981
0.61478434,0.408670267,0.22233115,0.180846489,0.1924836,0.310582448,0.238414913,0.304731056,0.299912508,0.242153015,0.086843096
0.742053261,0.874020537,0.963816054,1.01698249,1.032931134,0.997133215,1.008189448,0.995259343,1.014908802,1.065046183,0.972882776
0.577031838,0.232317228,0.031898472,-0.014390853,0.015895642,-0.054114108,-0.030402419,0.12055877,0.010944678,-0.031663117,0.031628585
0.229537812,0.183177214,0.064184895,-0.021114211,-0.014312016,-0.101763064,-0.011907292,0.053076776,-0.123209199,0.046167865,-0.003232543
0.227913804,0.624824615,0.749886706,0.78991924,0.920838934,0.770699185,0.856233136,0.794128132,0.840203837,0.787463423,0.885193099
0.973610478,0.955212405,0.926268655,0.871958902,0.924394426,0.917560187,0.886812444,0.988416829,0.979360744,0.976258572,0.928041087
0.643907635,0.819455775,0.7716568,0.912834788,0.896801081,0.896720664,0.906488897,0.817825623,0.885795551,0.894112197,0.835013668
0.780362998,0.640451301,0.668941094,0.579819827,0.59086802,0.644590139,0.598095761,0.622397026,0.6096443,0.622035579,0.697362881
0.718227151,0.598202832,0.661941585,0.661552124,0.529988429,0.667913436,0.592226135,0.604058943,0.667878093,0.629194215,0.649117206
0.611874904,0.798172859,1.03469006,0.950785367,1.003936975,0.950816025,0.994370347,0.971276142,0.997116999,0.93012082,1.039327226
0.094957756,0.532471926,0.682987399,0.660268201,0.643983366,0.692454705,0.677238467,0.745497452,0.670419414,0.772118432,0.670253388
0.706859603,0.212246234,0.114607489,0.101275511,-0.0282447,0.101349938,0.025291854,-0.061893073,-0.024520878,0.080907726,-0.072668229
0.416670471,0.260532652,0.093201107,0.077456479,0.196400753,0.087529423,0.113447361,0.138156899,0.138957551,0.05813751,0.153237194
0.154135186,0.741306251,0.853119008,0.992067203,0.968814749,1.026685449,1.050593787,0.996611979,1.051099669,0.958901501,1.017628407
0.399634162,0.743722737,0.885757837,1.034095474,1.070116635,0.896896548,0.944969395,0.995365612,1.124858424,1.021742699,1.021459009
0.424441412,0.762701503,0.912064829,0.925913239,1.002631612,0.973684073,1.035461143,1.003023635,0.990501366,0.957177213,0.969821776
0.135572735,0.788944668,0.820597462,0.907516699,0.945769238,1.07744245,0.99870152,0.960003378,0.952008609,1.014168278,1.009581623
0.556431629,0.543168624,0.675751499,0.771196907,0.921759115,0.856674088,0.949970273,0.930168868,1.006956485,0.979497703,1.009815279
0.250149655,0.79092567,0.952613872,0.986605129,0.879913221,1.001063995,0.983723698,1.038966138,0.928035448,1.061374807,1.021705299
0.344019261,0.500907794,0.803797756,0.892207073,1.006083599,1.042225074,0.901430067,1.018714707,0.968732372,0.99930872,1.018261519
0.763105144,0.908458687,0.976054252,0.926402842,0.953604826,0.926569253,1.013440733,0.97875591,1.071313284,1.053924765,0.922951307
0.570867428,0.823663181,0.93895649,0.949724606,0.951783098,1.04466639,1.010159236,0.924250722,0.994894219,1.003248208,1.000643123
0.210221359,0.411038026,0.597973335,0.785547874,0.845638592,0.98407356,0.950402771,0.984486031,1.047792865,0.972194482,1.049321238
0.228331014,0.560615421,0.697953649,0.85243635,1.02523144,0.976998661,0.948272825,1.07643815,0.928964281,0.986764075,0.996713125
0.57251697,0.602326739,0.714046058,0.730357644,0.922636576,1.025233413,0.933844848,0.994987153,1.010494347,0.995444745,1.020423573
0.419140472,0.337043529,0.106224774,0.11625725,0.050063895,-0.012603917,0.088718751,-0.020671657,-0.051694815,0.010497877,-0.028065916
0.617182543,0.307852823,0.158548113,0.054126564,0.00070328,0.067514128,0.041693369,-0.014482498,0.00556023,0.016941083,-0.028634928
0.376077431,0.122770522,0.111677996,-0.063424741,0.042494032,0.022144206,-0.089637242,-0.121190149,0.04173539,0.019897942,0.019652823
0.180092316,0.282656574,0.163896141,0.109865993,0.135325824,0.078949651,0.054161178,0.020951328,0.089597433,0.003708969,-0.00500807
0.82446845,0.310777624,0.051529247,0.090901039,0.015733607,0.08892464,-0.038527286,0.07658217,-0.06624286,-0.097683291,0.022792385
0.647307537,0.263939548,0.062610956,0.03859724,-0.07936038,-0.018639254,2.20E-05,0.035013851,-0.09497346,0.066783421,-0.025912934
0.365779107,0.366393842,0.272147173,0.121553273,0.057572819,0.119882831,0.032573003,-0.015285341,-0.059151729,-0.07381265,0.009032053
0.4114477,0.414428515,0.104971335,0.111487466,0.063800728,0.114039329,-0.056637343,0.004777352,0.069858758,0.112590232,0.089969041
0.68115443,0.273011071,0.104343688,0.01150959,0.004562039,0.009348193,-0.107624642,-0.01493672,0.044646584,-0.013254704,-0.021405379
0.269098498,0.027072594,0.029831396,0.063732603,0.08994413,-0.009257738,-0.081290324,0.011633973,-0.062494228,-0.002246699,-0.008235767
0.688907695,0.463560897,0.24861959,0.163339452,0.123373426,0.034329904,0.022210616,0.027264452,0.095511615,-0.052292495,0.02711347
0.799825219,0.610616654,0.33771699,0.261194059,0.152928515,0.086721047,-0.097503324,-0.039683939,0.005370401,0.005236069,0.086207722
0.558129063,0.200913664,0.112825444,-0.017116891,0.045611109,-0.00829658,-0.040770447,-0.043544491,0.008212906,0.041098144,-0.014992169
0.203716318,0.406325803,0.203591882,0.17974325,0.14076067,0.038656927,0.088789968,0.000774251,0.013428193,0.039554565,0.0247831
0.365554116,0.423205599,0.139634847,0.01222684,0.076052843,0.027750545,0.109123273,0.110974789,0.068997764,-0.022363618,0.034472757
0.797208283,0.860234096,0.861070272,0.999265958,0.896397585,0.893960625,0.770195222,0.829381406,0.931355961,0.945694817,0.972029591
0.700847828,0.801611704,0.803976242,0.858849237,0.828183367,0.902885474,0.844600928,0.810291644,0.84263797,0.747611749,0.781919972
0.768826212,0.650623158,0.77259983,0.775813281,0.754965281,0.772279217,0.709142517,0.812123039,0.764567491,0.739119914,0.734402809
0.236463407,0.482060178,0.62820137,0.613134237,0.680615723,0.627533439,0.775326719,0.725902369,0.719816824,0.634380026,0.729336582
0.680797328,0.744186435,0.59430579,0.768965924,0.7043941,0.675098828,0.712387401,0.793281705,0.722378072,0.701069146,0.684817713
0.821750202,0.73627493,0.584606123,0.569300151,0.534503063,0.530388944,0.597073419,0.542425333,0.549877461,0.527092192,0.553514938
0.789145314,0.658899772,0.574670122,0.691923815,0.647100009,0.592489742,0.607977765,0.635417366,0.732366055,0.644551434,0.635813768
0.619669493,0.655902415,0.646867388,0.664239518,0.707207966,0.684624492,0.724229767,0.66035431,0.747991372,0.709778373,0.63746826
0.621107826,0.525343677,0.581049647,0.581215882,0.554004153,0.527785435,0.604356774,0.524072668,0.694580457,0.615751076,0.681743748
0.49731891,0.575034964,0.651188651,0.630124219,0.675209076,0.600866023,0.683257706,0.645512189,0.655947896,0.564569492,0.686253947
0.133246653,0.368424601,0.492315754,0.431766048,0.613263674,0.582455104,0.554319387,0.562135563,0.521017349,0.545389098,0.509050996
0.539841226,0.572353071,0.610848207,0.515955699,0.511998696,0.716152516,0.555508481,0.638456511,0.575389649,0.635629681,0.558355367
0.862853385,0.905836077,0.828367468,0.968757739,0.94442883,0.953151346,1.015175855,0.940678306,0.907496915,1.054513891,1.003292515
0.647969341,0.588598324,0.573019962,0.549226302,0.521002696,0.615941565,0.500869194,0.470559837,0.630266491,0.537583394,0.559615574
0.413278196,0.506268333,0.53719334,0.627599064,0.549161174,0.703109465,0.613969873,0.66311976,0.606188814,0.599482105,0.622427938
0.725262008,0.651387881,0.666495813,0.689532096,0.683797268,0.67554299,0.81886515,0.666679073,0.724914443,0.735275858,0.549143565
0.487698743,0.568281629,0.60617032,0.536981207,0.548171403,0.605965613,0.580087053,0.604237959,0.583807183,0.643260394,0.577874353
0.649691762,0.548661544,0.525776487,0.629083961,0.621647151,0.507504509,0.592048191,0.553215834,0.652206817,0.56878129,0.625248224
0.802016693,0.70710948,0.782101897,0.691336003,0.807501856,0.687188146,0.703546581,0.758518305,0.657840954,0.698466161,0.760630747
0.33058852,0.544208631,0.651760161,0.682581084,0.806014439,0.794945778,0.746629474,0.752045214,0.816766325,0.744602114,0.681779869
0.328753427,0.546189922,0.662307762,0.654320246,0.714241289,0.768815361,0.790484756,0.693831506,0.769981439,0.642952997,0.703898662
0.635261713,0.550369524,0.438274953,0.326588456,0.393659801,0.462539146,0.436784386,0.543427978,0.371067283,0.38599008,0.43717419
0.22420964,0.146505427,0.011382459,0.121420968,-0.013761486,0.070053263,0.133943932,-0.041941488,0.037774257,-0.011935665,0.070664641
0.856231503,0.328684268,0.233018614,0.120196381,0.044923774,0.056508168,-0.032219152,0.011560991,-0.019591145,-0.04899704,0.058711819
0.35230912,0.222328079,0.109063548,0.162916133,0.060716515,-0.07435023,-0.062825691,0.065150657,0.113093079,0.104901985,0.055483536
0.75044191,0.741598265,0.840135573,0.912854539,0.979443231,0.971748677,0.936148749,0.901385389,1.028169458,0.841389083,0.89993394
0.198465753,0.626024961,0.843557656,0.906041127,0.965037097,1.042648607,0.962049848,0.959593515,0.903646095,1.058269475,1.012484196
0.175415031,0.619119993,0.766362385,0.86625591,0.908293823,0.857273926,0.905712296,1.059440755,0.983044809,1.022622284,0.889498267
0.772646902,0.417835364,0.282502393,0.073993562,0.063749022,0.056866359,-0.061907882,0.03116608,-0.003226205,0.020216855,0.012397515
1.005218659,0.331891892,0.186572383,0.085546778,0.150639583,0.067944127,0.092430136,0.002312116,0.050394987,0.069925944,-0.018148041
0.642045308,0.591113352,0.532035433,0.497971414,0.389977678,0.478687043,0.439721162,0.549414283,0.558190827,0.441065128,0.510745369
0.66720505,0.630854051,0.637324203,0.59435215,0.610965224,0.481570213,0.58665948,0.557586363,0.521170444,0.592976253,0.665373445
0.137342505,0.360817689,0.196181913,0.128073113,0.074082609,0.046864379,-0.027988382,0.02471154,0.065205598,0.052632864,0.062028723
0.792741848,0.502512783,0.469070706,0.384008168,0.478656762,0.453506798,0.503395633,0.493917125,0.462554479,0.374660926,0.459677413
0.048468926,0.281972654,0.301551655,0.243877605,0.196859384,0.391307585,0.233084127,0.304972472,0.335326695,0.406443231,0.22232702
0.174933644,0.27225115,0.168677324,0.094525046,0.069732149,-0.092539165,0.025230635,0.076716476,0.050618108,0.039593253,0.027064747
0.703643194,0.733018769,0.852298336,0.786694916,0.737131502,0.811479054,0.796574808,0.796869266,0.781520283,0.774735008,0.85215574
0.149614121,0.143881938,0.133469296,0.134576066,-0.001204355,0.042666486,0.136728453,-0.03160033,-0.00621763,-0.027496426,0.049050848
0.727848822,0.38846124,0.188333118,0.095550534,0.019990992,0.058861751,0.074501758,0.122370193,-0.052492898,0.067655146,0.030947583
0.641896892,0.783419498,0.84291068,0.966241972,0.890513793,0.959554539,0.974292243,0.973104152,0.973674105,0.859786384,0.876745827
0.861268427,0.938788982,0.96985078,0.919893437,0.92962102,0.960342614,1.010879975,1.051829271,0.908108662,1.080109837,0.918603022
0.527064394,0.801069817,0.889924898,0.980763157,0.945534768,0.910641959,0.966774972,0.877350537,0.99610349,0.919275909,0.986776792
0.180382264,0.748018504,0.83965298,0.846552543,0.972894795,0.947980491,1.017781523,1.01145318,1.052957414,0.918496727,0.906615189
0.800662618,0.889642754,0.891492546,0.899857457,0.951031246,1.024311536,0.9676748,0.902359499,0.940382024,0.933699778,0.955517019
0.889241148,0.956062095,0.986965685,0.972965629,0.963806074,0.859623319,1.030238201,0.974189982,0.911423953,0.918140611,0.95839365
0.220962671,0.132989382,0.076667067,-0.004962515,0.107418685,0.136194886,0.009968858,0.093119396,0.050474669,-0.011463336,0.10938539
0.988554325,0.915015117,0.943330385,0.932658136,1.01182775,0.946355614,0.98502654,0.870811273,1.073897264,0.986842154,1.080998121
0.309780232,0.683889842,0.871409991,0.993862668,1.014283253,0.869229772,0.992728773,0.995148721,0.950970139,0.838648418,0.975281445
0.866038935,0.951016321,0.979663799,0.91948314,0.894157366,0.95426049,0.909999385,0.954175864,0.978975424,0.944674179,0.946745302
0.70994496,0.637821591,0.676186099,0.708663412,0.765328064,0.658687524,0.712598168,0.666758162,0.567327812,0.519107733,0.674809919
0.611813005,0.505167653,0.479613377,0.580587474,0.531640965,0.440787546,0.569474727,0.416162411,0.430431002,0.567251155,0.500362915
0.806009326,0.61680678,0.468337879,0.505167046,0.412560093,0.470173545,0.412214682,0.492985527,0.52186307,0.382521443,0.462210553
0,1,2,3,4,5,6,7,8,9,10
0.228300745,0.21516682,0.176702938,0.279720192,0.249084673,0.312924117,0.316363522,0.253962987,0.173216507,0.190496245,0.28034417
0.551326946,0.523073728,0.602047807,0.477496824,0.490730596,0.52029141,0.457135882,0.555956664,0.469905022,0.571873397,0.519225168
0.368089916,0.293937992,0.336419701,0.28807398,0.393095955,0.274621504,0.248316979,0.2842463,0.413100216,0.279766414,0.319799142
0.357769133,0.423677327,0.542937307,0.504882629,0.548640587,0.492224257,0.498324505,0.509400998,0.39757882,0.490058896,0.515145638
0.420190469,0.35932315,0.295782055,0.407908269,0.348816146,0.386809562,0.408168383,0.326978985,0.287007779,0.383518025,0.445091412
0.414748119,0.441030019,0.330940742,0.484729324,0.405208562,0.361505255,0.446159811,0.431563827,0.428045885,0.418028006,0.378708772
0.115289873,0.044648246,0.08891837,-0.011756978,0.206686416,0.107801414,0.148076828,0.049012713,0.071167283,0.054717919,0.132390213
0.373845665,0.407857944,0.303406512,0.421357958,0.421238663,0.341104581,0.382261694,0.494086063,0.382469497,0.37590984,0.350264126
0.730776484,0.72911079,0.821504953,0.80146382,0.681844156,0.758538981,0.759393442,0.84035134,0.796844236,0.727389668,0.934315756
0.567944672,0.520658003,0.48679349,0.542992319,0.544541148,0.587438471,0.572953205,0.532060023,0.489303623,0.60174633,0.556031881
0.363445211,0.410379795,0.371503036,0.409401087,0.41919397,0.350487576,0.4931221,0.379245585,0.379720639,0.422980656,0.456380235
0.700309108,0.647636934,0.707820605,0.716575766,0.533187017,0.583632396,0.616471967,0.656435861,0.612047601,0.636532701,0.605393773
0.03548869,0.074995298,0.028742032,0.030005236,0.105247365,0.13492263,0.108014971,0.100660646,0.110653694,0.126358434,0.020503956
0.555095514,0.55875831,0.562767426,0.590689928,0.548382698,0.626240822,0.635437958,0.581962301,0.570105481,0.465499649,0.637516844
0.40550936,0.417121583,0.475540214,0.430557465,0.42521431,0.507526747,0.454988586,0.380099585,0.424145703,0.468744557,0.473632759
0.402678483,0.427170366,0.424634817,0.46329971,0.461474905,0.453722268,0.427713974,0.421196122,0.454759038,0.510887202,0.4686916
0.152573459,0.138450866,0.192389068,0.182235648,0.096063722,0.038725101,0.007962876,0.073790475,0.111836041,0.062938083,0.090333403
0.579663127,0.41280087,0.462166267,0.36037034,0.410570482,0.355874719,0.402548956,0.432407156,0.432742591,0.373653068,0.36864119
0.494306569,0.331956826,0.481526282,0.428610598,0.406346344,0.450375721,0.430283553,0.466565179,0.472994995,0.512754638,0.509660107
0.672392716,0.817915667,0.705504204,0.7398944,0.729463955,0.690804192,0.675012695,0.670563614,0.639855378,0.729010688,0.67049612
0.400385115,0.499834288,0.430983906,0.385092262,0.362227108,0.377410794,0.346078846,0.399793231,0.468924976,0.525181598,0.360059687
0.587314247,0.583692915,0.529422992,0.500828302,0.494335085,0.618716996,0.580958626,0.583786137,0.553440961,0.566734572,0.632173762
0.484175479,0.494023324,0.407456706,0.5168375,0.49652629,0.472025713,0.542029368,0.446990359,0.401776159,0.448555275,0.465957906
0.575174305,0.578805427,0.4599756,0.593455744,0.492754907,0.490889297,0.545220896,0.620299404,0.553793521,0.614957376,0.623128424
0.56394521,0.658584897,0.573472587,0.540109462,0.699324001,0.626274788,0.628553331,0.651641744,0.615602416,0.506543474,0.588056458
0.485599533,0.472574152,0.48971509,0.423146767,0.475260033,0.431000796,0.435714794,0.389542783,0.434067154,0.523002683,0.363683809
0.275242779,0.347876948,0.268367804,0.383108994,0.33529484,0.31090411,0.27381759,0.215319963,0.338972583,0.279808428,0.282512243
0.608582983,0.711008202,0.61102271,0.629218485,0.738154567,0.618480904,0.648578667,0.70797648,0.65998535,0.570472996,0.800825265
0.782890991,0.645051408,0.436402415,0.265569678,0.296670907,0.27270521,0.316659926,0.261956108,0.271961938,0.30315331,0.282719645
0.732692057,0.804571136,0.929927262,0.866730425,0.949448787,0.966018395,0.947814026,0.966688455,0.922807388,1.014843661,0.937042848
0.892719336,0.51517831,0.376946995,0.324871425,0.365758563,0.308946094,0.376981768,0.328680938,0.374316768,0.326704158,0.27060456
0.385575389,0.506706257,0.538988616,0.50813958,0.551391989,0.570909905,0.568652709,0.507348137,0.533781368,0.536658849,0.544680839
0.520617461,0.582739076,0.696039783,0.684804983,0.724075693,0.717981513,0.650018048,0.693635436,0.713969602,0.759392624,0.711272254
0.075572107,0.337461999,0.532495918,0.433986886,0.44125897,0.513586187,0.552190861,0.544604345,0.476722087,0.509062019,0.484874872
0.416595883,0.482594405,0.531850289,0.444151355,0.406356997,0.459337395,0.493249105,0.509036224,0.385972041,0.50766596,0.452991539
0.571752241,0.493889972,0.561410972,0.520340936,0.407426573,0.540026571,0.546097735,0.545800035,0.548733073,0.430995247,0.477161655
0.16355051,0.328651126,0.508100906,0.416143399,0.435387473,0.606777647,0.407721332,0.464839983,0.491198081,0.478619942,0.58946876
0.484911196,0.504717245,0.367632064,0.385102757,0.447034156,0.454054973,0.426902642,0.459672864,0.259822438,0.437517935,0.402397783
0.644654911,0.396386731,0.330236438,0.182560636,0.323119623,0.264618305,0.191583736,0.243507582,0.222513274,0.26492212,0.264210349
0.953455031,0.517490807,0.504532294,0.428053449,0.535627722,0.481162173,0.425778651,0.34658752,0.508198193,0.434619779,0.546701856
0.507768528,0.160463999,0.104950306,0.046242684,0.068421266,0.068423244,0.041520903,0.010912465,-0.003733936,0.089767893,0.049676837
0.497231509,0.497560359,0.510944097,0.44719937,0.442973311,0.530420768,0.446741637,0.510538193,0.525631448,0.484949153,0.475190998
0.28226087,0.254202604,0.264387975,0.215036088,0.211616713,0.256154058,0.326492798,0.166332122,0.181355403,0.259151441,0.234557732
0.645433478,0.526869118,0.503235061,0.378226982,0.553775683,0.42442757,0.465002071,0.473765883,0.405326158,0.501736272,0.454381831
0.736250804,0.491197965,0.28939775,0.450674621,0.335842712,0.30622376,0.286355521,0.233707648,0.224491313,0.321969367,0.365590538
0.399782523,0.381809319,0.147770401,0.170290839,0.088681499,0.21705502,0.192632546,0.156983387,0.108955681,0.127217498,0.210771996
0.537230693,0.265127938,0.163376067,0.121939711,0.095268755,0.097539491,0.043435096,0.01469412,0.127210437,0.000664698,-0.065253569
0.338935795,0.274046002,0.18028387,0.234550749,0.310366381,0.166616689,0.152887304,0.149073198,0.220447745,0.168784505,0.242162816
0.287692164,0.223786304,0.26731173,0.121067224,0.142907243,0.184075023,0.150512187,0.217973467,0.229615892,0.114950425,0.204429599
0.860170411,0.377792516,0.16054688,0.089671692,0.096769374,0.035087791,0.096511796,0.128661106,0.131702962,0.092520337,-0.019258312
0.879294268,0.532127266,0.279573348,0.251388991,0.181793111,0.182857896,0.184827839,0.140169745,0.207362774,0.376264043,0.224867383
0.663491828,0.271804167,0.093500103,0.01442885,0.000473103,0.103898336,-0.050508125,-0.03468101,-0.023983699,-0.074554366,-0.005854851
0.64531708,0.256284579,0.076355063,0.045697194,0.042421974,0.013999952,0.052588368,-0.078740165,-0.015409733,-0.026015734,0.027499872
0.473739648,0.501537019,0.561407375,0.518742321,0.616060488,0.555077432,0.540540726,0.602703494,0.578546387,0.618779056,0.570632664
0.345276272,0.443886748,0.509609842,0.500918825,0.498912246,0.496771904,0.534773106,0.566619295,0.565640954,0.493726388,0.5727414
0.560595103,0.278994002,0.185047939,0.150245342,0.240457417,0.164026463,0.237216491,0.15181525,0.28957256,0.22437589,0.142180494
0.636385625,0.566860895,0.593917102,0.546294886,0.585998473,0.550556312,0.673036202,0.607495748,0.613741696,0.538527756,0.647531958
0.39116333,0.147507312,0.026599032,0.094868231,0.105513351,-0.028765561,0.045964688,-0.013722579,0.010599646,-0.063175009,0.077003737
0.837182299,0.347197783,0.306641529,0.274284684,0.15722662,0.187740682,0.170249653,0.201073954,0.115988663,0.115175381,0.263465988
0.346644866,0.748644683,0.797200976,0.865643855,0.91194683,0.968723113,1.015807309,0.939510849,0.912203977,0.921117898,0.93768965
0.615428664,0.153149103,0.083756094,0.12534035,0.072259254,0.050916964,0.015698996,0.076983266,0.016865454,-0.055474435,0.059466922
0.549000324,0.3187903,0.089899372,0.039225622,0.014814757,-0.005707762,0.081736738,0.019415914,-0.01512165,-0.005734687,0.029339961
0.470692871,0.757931217,0.816530361,0.895142794,0.840197151,0.813453905,0.93878201,0.894494269,0.984815875,0.912660151,0.888364728
0.272618005,0.415681196,0.378978518,0.460459025,0.451622062,0.404249441,0.357065252,0.3716704,0.361132678,0.365762623,0.384191877
0.455493931,0.736820049,0.782241527,0.74782417,0.852429842,0.86059364,0.730501876,0.88922687,0.820844164,0.918900223,0.754448292
0.135303827,0.413808219,0.500778769,0.572765415,0.603152008,0.613061282,0.562529983,0.564862777,0.684786154,0.619176384,0.625784987
0.388431526,0.571105566,0.660044214,0.6616754,0.587697469,0.624540791,0.695973718,0.640374464,0.649589704,0.634589647,0.702189606
0.749985728,0.859233646,0.935307509,0.990461672,0.97741969,1.014941193,0.934058477,0.96782882,1.074670183,0.953832099,0.972164458
0.510535091,0.609959329,0.678339182,0.707021502,0.66045136,0.661695787,0.709724288,0.668614718,0.714203635,0.737208453,0.7749748
0.581510231,0.313434102,0.133891534,0.079773528,0.068542633,0.131062003,0.084287754,0.061491943,0.047663685,0.069681649,-0.001663165
0.258921944,0.141309768,0.162948303,0.135017611,0.067265389,0.129692207,0.083077621,0.154047025,0.073695919,0.147112663,0.19838773
0.478571542,0.765862045,0.884439125,0.930711758,0.97156666,0.890891223,1.00306528,1.025001284,1.02418441,1.040648683,1.036213363
0.960335965,0.88656493,1.097953723,1.04115413,0.981104292,0.969252252,1.051046365,1.012183642,0.928789901,0.971487198,1.022286382
0.257642872,0.646100406,0.848525513,0.960142858,0.85312747,0.885353975,0.966895029,0.96818938,0.97270803,0.990441995,1.029336777
0.52025473,0.71893784,0.888866538,0.988500755,0.927936734,0.977460773,0.859366815,0.970902012,0.946491622,0.95305079,1.066758325
0.780605154,0.753447664,0.905876232,0.845905008,0.972193487,0.904758311,0.951680568,0.903110721,1.002520756,0.899424901,0.900755282
0.009329795,0.604128313,0.724746901,0.87090202,0.867848576,1.059889178,0.988407465,1.040890794,1.027119859,1.091416376,0.959278817
0.521746117,0.7053763,0.870613279,0.900735213,0.93733396,0.90749675,0.930078762,0.883920301,0.915702651,1.043596823,0.916346953
0.557939699,0.712739596,0.594054554,0.672072056,0.680555906,0.581896382,0.684830849,0.646536159,0.668474851,0.717884598,0.569070421
0.795228787,0.830498064,0.967094351,0.987441001,0.910089108,0.931052706,1.042783044,0.947907057,0.967806388,0.966272502,0.952654497
0.479991695,0.630355482,0.777281598,0.880604588,0.817472115,0.957843082,0.934022652,0.953208197,1.007589319,0.957201158,0.930557484
0.387936191,0.609466178,0.836389809,0.908807765,1.020613081,1.002870262,0.964015744,0.96982196,0.999094284,0.948283822,0.968137171
0.4127192,0.720638441,0.829760322,0.843420109,1.018105363,0.935253799,0.993040228,1.033906365,1.00320152,0.920635973,0.986707741
0.821955496,0.436796035,0.435545134,0.275437602,0.101066978,0.23061652,0.173293462,0.206449243,0.061640903,0.167480001,0.150006594
0.768973053,0.45592191,0.416484101,0.374112711,0.284569761,0.31272871,0.258744155,0.267843802,0.335654691,0.270815826,0.239798635
0.474302522,0.338053441,0.153357777,0.140409196,0.113571713,0.139161817,0.215469692,0.136682331,0.19651054,0.165025122,0.221657169
0.479212157,0.370682735,0.453519366,0.417299297,0.469480574,0.499390913,0.454490452,0.483822139,0.497417444,0.560062234,0.44439149
0.888958962,0.436461907,0.405190804,0.23282315,0.314629248,0.333808057,0.323711655,0.364814229,0.365704115,0.364290729,0.207634151
0.706960737,0.457142447,0.355558243,0.315922583,0.330084707,0.371941026,0.251662087,0.254966423,0.30737612,0.360856338,0.34743843
0.496845905,0.498177915,0.552067543,0.577979878,0.606500249,0.495360881,0.577736626,0.620238985,0.509491868,0.586941295,0.658738152
0.311750601,0.248723286,0.289467831,0.397223731,0.410984521,0.465136945,0.360627528,0.450703215,0.361153015,0.412512823,0.405715788
0.771575314,0.411790931,0.243567139,0.152249549,0.111771161,0.108495021,0.169062304,0.21698937,0.177093257,0.195224428,0.08542336
0.598664872,0.391711267,0.197825092,0.211578988,0.231882183,0.173602774,0.220184655,0.193906445,0.269137932,0.243256276,0.231257805
0.680944043,0.428803276,0.421526685,0.45865645,0.497609924,0.485639318,0.534665205,0.569227294,0.441853068,0.495169027,0.488269625
0.254363367,0.436064447,0.524226922,0.61233554,0.591636513,0.519598663,0.569144121,0.712512236,0.633990324,0.568238564,0.723192899
0.607614256,0.378610793,0.267288234,0.248707699,0.165879788,0.1900132,0.274988172,0.247931301,0.144988426,0.202008763,0.161778089
0.253419769,0.401864378,0.500169156,0.58358577,0.690939508,0.650512925,0.578135085,0.63829916,0.679875569,0.608526086,0.683591382
0.62768722,0.40757265,0.340391623,0.384488614,0.458879139,0.473955761,0.449663315,0.438515086,0.45092936,0.42478476,0.474337479
0.59900296,0.552067699,0.588936822,0.64579574,0.711555826,0.67950517,0.639900741,0.709482287,0.730933738,0.666432225,0.559271708
0.548068164,0.72703384,0.771846926,0.852477415,0.80626679,0.72653498,0.808812968,0.801289249,0.832142881,0.840340519,0.866214869
0.536502232,0.564464797,0.71081858,0.69566558,0.747880519,0.780407844,0.741424081,0.676927762,0.839845152,0.847468015,0.826735546
0.657038688,0.553246682,0.704266456,0.669684945,0.701727513,0.721781745,0.735350751,0.721731562,0.769211081,0.70172016,0.734038897
0.757679213,0.738884855,0.780869535,0.617716208,0.716581282,0.718845824,0.73894532,0.735283012,0.682106528,0.849663124,0.762655778
0.191528815,0.35227625,0.446384466,0.518670497,0.628156583,0.471040719,0.593193061,0.501083881,0.57900849,0.677863774,0.559764013
0.460593019,0.481840463,0.525481342,0.643633761,0.683957787,0.561115563,0.60590898,0.634952291,0.608020387,0.61508193,0.513469083
0.346939866,0.493910564,0.621872173,0.650266079,0.635771764,0.66333686,0.666368841,0.638937898,0.656102922,0.732306942,0.632193282
0.841329952,0.658449379,0.552464418,0.629824389,0.701286686,0.630802028,0.650936462,0.605821008,0.655445371,0.601679801,0.604995046
0.999330222,0.832994668,0.75322792,0.648911223,0.755923792,0.754869002,0.718478467,0.66883878,0.700915643,0.669354675,0.745523347
0.702536912,0.648696772,0.58510287,0.598341799,0.528076353,0.523453235,0.614839521,0.575002488,0.525723752,0.598139794,0.469155014
0.663447005,0.582666702,0.655128068,0.646813073,0.621378513,0.616437399,0.523633035,0.6455365,0.787295616,0.653172486,0.620374686
0.950519847,0.799673485,0.86203881,0.827702294,0.867525443,0.838580204,0.875941109,0.916707954,0.798545092,0.973054067,0.808436805
0.507403106,0.547522565,0.601411523,0.484520803,0.520091127,0.480712306,0.657957683,0.608529154,0.531623877,0.56876918,0.615266003
0.72139453,0.743213598,0.629412756,0.58746831,0.590013375,0.660956628,0.642709773,0.621437408,0.603707658,0.614512723,0.618066909
0.924654446,0.844664627,0.742990304,0.732763036,0.633787351,0.754425567,0.662678613,0.735823871,0.671492403,0.721244141,0.66767654
0.482803616,0.589104903,0.541055086,0.564694919,0.624959157,0.619290863,0.529738678,0.646558612,0.60196788,0.601489126,0.559877396
0.323247585,0.514728211,0.61613509,0.611108162,0.544864212,0.610259938,0.643032725,0.556594436,0.593220964,0.628494832,0.574866374
0.373498866,0.612824383,0.69148551,0.650796755,0.70267616,0.66174367,0.71560533,0.705776074,0.689102313,0.75346679,0.730372062
0.393684504,0.629562666,0.77582186,0.733764614,0.731968866,0.809851243,0.773237983,0.764654361,0.815807906,0.742931633,0.743820607
0.573747459,0.656413996,0.760999042,0.715865625,0.710036385,0.804264865,0.598427038,0.727991634,0.709610365,0.705991598,0.732847526
0.136753416,0.181418425,0.323298337,0.37297494,0.397205929,0.413565592,0.293708252,0.382267817,0.350197113,0.343698581,0.355019534
0.220985314,0.112362065,0.178523047,0.082868628,0.126416464,0.110106172,0.205869567,0.080895383,0.138922538,0.131326225,0.18861882
0.156106082,0.075071771,0.127868689,0.237533163,0.317984718,0.251129175,0.240866029,0.258863648,0.142650866,0.178579012,0.116861728
0.170921029,0.249557984,0.360480565,0.450856104,0.399239816,0.472064019,0.421256066,0.521268737,0.452024133,0.533994611,0.508008359
0.464844348,0.636350488,0.519619705,0.601254072,0.598867159,0.508718615,0.53362829,0.40548748,0.481247215,0.424470932,0.476746386
0.555562076,0.719157387,0.73975624,0.668130073,0.557505605,0.544081475,0.49723618,0.584970922,0.517968696,0.513797671,0.520566175
0.8402442,0.737453066,0.521979793,0.516260099,0.44663746,0.425873326,0.431526011,0.322173105,0.433374942,0.4225287,0.41292426
0.276739927,0.313129329,0.369417605,0.531488703,0.595035259,0.616331736,0.524218264,0.639166509,0.610922609,0.534580209,0.666739928
0.987779075,0.465030653,0.204521373,0.225517394,0.293735209,0.136951164,0.184301495,0.077076337,0.161365478,0.140991121,0.048008088
0.246766544,0.240643647,0.279095097,0.374578638,0.335650576,0.241798785,0.350285106,0.334055852,0.303753239,0.306934651,0.306179969
0.470118347,0.523661955,0.695147451,0.65790906,0.582027547,0.613973137,0.572008622,0.67144036,0.648079429,0.633447962,0.646143702
0.120138817,0.204322488,0.253447887,0.276856951,0.324969581,0.330453169,0.282031093,0.259525852,0.325305895,0.245843626,0.26004085
0.098811823,0.307583283,0.320208628,0.410431596,0.38805284,0.368612544,0.424921709,0.399163301,0.34523398,0.438757276,0.418276739
0.818780611,0.551115561,0.390312322,0.35744456,0.211429146,0.323246479,0.344285451,0.228420027,0.387524476,0.309706815,0.328335419
0.480842694,0.477443433,0.522657956,0.548503198,0.460085278,0.365610758,0.490384485,0.425679857,0.468501512,0.493937412,0.481879343
0.521576391,0.556376133,0.566286204,0.56941171,0.616958618,0.583247333,0.493869546,0.575794139,0.533699943,0.517715613,0.56738706
0.249260747,0.387376106,0.375360112,0.358132021,0.454547357,0.411723361,0.416278136,0.40932403,0.324444408,0.418170934,0.359714065
0.511987304,0.340300321,0.345840247,0.290008625,0.34429486,0.318773763,0.384362322,0.240865984,0.231897295,0.283351879,0.334399652
0.467705584,0.426133114,0.43519198,0.478809524,0.448854701,0.446549781,0.444529514,0.330176123,0.473145773,0.415695452,0.403220367
0.288645546,0.413272914,0.295022117,0.396035663,0.412186859,0.364732717,0.329531246,0.363208236,0.441351858,0.443530267,0.359946394
0.498209725,0.541367891,0.511180172,0.438153332,0.490873051,0.603369963,0.482761778,0.453858672,0.489280935,0.4670766,0.511889082
0.129413832,0.441667045,0.551000863,0.499898915,0.518896927,0.461308595,0.581339903,0.384658333,0.452156907,0.438022728,0.411938565
0.247237175,0.315873485,0.360048729,0.390480085,0.338662561,0.355347856,0.3944973,0.319026374,0.455949854,0.342669766,0.36254428
0.750148718,0.555668059,0.552136246,0.467423637,0.475269169,0.508082088,0.429772409,0.480932641,0.524460678,0.491681545,0.511316581
0.937064415,0.748717104,0.617433811,0.615772549,0.581046289,0.605862948,0.655104727,0.475637223,0.54493712,0.500710536,0.589043181
0.175115242,0.247790001,0.281905439,0.40948044,0.375445143,0.421003267,0.544611482,0.428428183,0.493379386,0.38616031,0.440709661
0.365098221,0.415444376,0.285277113,0.318004767,0.397012154,0.488609695,0.353146722,0.368023092,0.438384564,0.426184754,0.314017428
0.73715113,0.621172592,0.453573451,0.467140893,0.558434814,0.494819531,0.388726118,0.469521411,0.467814654,0.421731205,0.44286726
0.177354729,0.334926683,0.368555698,0.390559571,0.349333452,0.384131763,0.418959977,0.365967487,0.376889554,0.340977608,0.456279935
0.536161415,0.432888938,0.40916412,0.405140989,0.351952179,0.323523375,0.361903558,0.306922974,0.32544884,0.27279974,0.46052447
0.254476205,0.267537654,0.376687018,0.295015125,0.325309938,0.220592806,0.332115909,0.317585575,0.313043718,0.243025126,0.268424924
0,1,2,3,4,5,6,7,8,9,10
0.101855879,0.175160378,0.191664641,0.178565576,0.15187738,0.113236148,0.194709821,0.146841848,0.145529565,0.199474146,0.081085919
0.516248396,0.481480338,0.497454719,0.51908393,0.445521668,0.563974729,0.471094872,0.481567515,0.492953667,0.553139198,0.483006319
0.38460032,0.379221597,0.299527263,0.41955392,0.379337956,0.323795713,0.353797355,0.432985896,0.418005811,0.332572949,0.355774524
0.069189741,0.059234479,-0.01985453,0.137962695,0.040649036,0.056076467,0.038122672,0.003157739,0.041621633,0.040146548,0.011506415
0.268169024,0.295272981,0.284834879,0.211989764,0.25243535,0.244827616,0.304764991,0.271145665,0.226171419,0.18697701,0.269861717
0.325283812,0.282795822,0.363510742,0.235986467,0.303995544,0.318674913,0.342724764,0.299829401,0.233217627,0.28943624,0.264066698
0.186856681,0.219398151,0.219965653,0.196057873,0.215257468,0.207945914,0.23514116,0.141361977,0.245610289,0.230576913,0.166750211
0.450356435,0.385940656,0.471808483,0.506093655,0.413479883,0.428579824,0.30852018,0.372570845,0.445451175,0.367561857,0.38639439
0.79879699,0.752999195,0.669528161,0.708443955,0.785880902,0.734026228,0.82114391,0.736845149,0.726527287,0.82427554,0.791271196
0.604502686,0.572123436,0.597357958,0.550100319,0.52087357,0.56343987,0.542986415,0.535955666,0.563237207,0.547961639,0.622216833
0.417951441,0.461730197,0.436176777,0.334359153,0.409727788,0.339980124,0.412599727,0.331437041,0.385652318,0.437682213,0.353121185
0.61579706,0.663779142,0.706338433,0.691056955,0.749858795,0.663812667,0.662496184,0.746844586,0.712509587,0.671775406,0.604551981
0.049405924,0.070122301,0.009097988,0.161118791,0.013789578,0.066534541,0.124537727,0.132362522,0.079783058,0.072592678,0.06699508
0.502743786,0.537108357,0.421663934,0.479341678,0.529835026,0.529988921,0.502259985,0.416086521,0.479953684,0.411160688,0.433986417
0.546628856,0.55177891,0.542588381,0.571682406,0.516581267,0.579670146,0.63830556,0.540298677,0.586065553,0.472809918,0.596882121
0.316777283,0.242408521,0.292417534,0.390239569,0.365818872,0.345703767,0.380862629,0.324689364,0.446826028,0.313282903,0.396412545
0.817124391,0.817989758,0.846750911,0.806511212,0.608027669,0.79811585,0.798072857,0.749531059,0.773640645,0.731804719,0.875342518
0.433011322,0.379492858,0.387784691,0.402285778,0.30986587,0.4321859,0.290312184,0.290892168,0.352657425,0.382719678,0.310115987
0.623973147,0.569680775,0.564362431,0.594319771,0.607829547,0.571519273,0.5892415,0.554457021,0.583511934,0.437957026,0.511106445
0.55655596,0.533423539,0.569833865,0.604233192,0.60267726,0.609021772,0.622073371,0.483750961,0.626520096,0.568153915,0.581326522
0.351155576,0.355043762,0.354159546,0.433697314,0.400898298,0.446824268,0.455128154,0.44206942,0.4281853,0.424067225,0.46557664
0.656094535,0.725236047,0.566224432,0.661980561,0.696345247,0.519513024,0.622827996,0.616911305,0.663443425,0.662961821,0.686438749
0.46462235,0.569353576,0.490168727,0.437636922,0.484249846,0.433290211,0.402936707,0.54620381,0.406082426,0.563223501,0.448902978
0.395965546,0.301501123,0.312991403,0.362406016,0.324300705,0.386167038,0.350890554,0.350348348,0.293963934,0.379604249,0.308984434
0.094161102,0.091150771,0.139971296,0.050890655,0.052884448,0.047103018,0.097665175,0.001534113,0.108796836,0.034477302,0.057372407
0.497831153,0.39671471,0.417695828,0.343463603,0.517972763,0.446854901,0.480331013,0.463353667,0.466249784,0.481975144,0.451552777
0.385520988,0.424900848,0.339766159,0.426061048,0.372730822,0.331445643,0.341455437,0.373776714,0.353689977,0.435150185,0.358261823
0.514145707,0.477099659,0.654735015,0.549134253,0.574759429,0.516574819,0.577631882,0.495843153,0.51799717,0.585286855,0.568602646
0.244025528,0.322333369,0.257635022,0.317324022,0.349262862,0.493496848,0.416422411,0.366561193,0.451729701,0.34083699,0.413379848
0.248634083,0.691391052,0.746939028,0.908354495,0.937828918,1.070240988,1.049312847,0.972532937,1.044791348,0.97151304,1.087642109
0.723952113,0.252422064,0.057696744,0.046263376,0.021242797,-0.08406841,-0.055316087,-0.002427148,-0.120418283,-0.039434818,-0.131970096
0.180129138,0.11261566,0.082813826,0.118992469,0.087159448,0.119181252,-0.001385246,0.018937791,-0.003468169,0.011056308,0.140195639
0.471489938,0.629340752,0.755295007,0.750678862,0.782092095,0.787773458,0.798089165,0.77849198,0.656806646,0.690856553,0.762581385
0.724639865,0.670953992,0.687675668,0.621752151,0.565069941,0.478443058,0.619376544,0.658428372,0.580014965,0.493870513,0.60447641
0.354154069,0.758724958,0.896127936,0.931806296,1.024122758,0.955629316,1.028852459,1.006239836,0.993614314,0.935330072,0.966962952
0.751046662,0.785576737,0.636218828,0.720960649,0.707663934,0.684311558,0.619676526,0.607747479,0.66283987,0.600215755,0.590889564
0.80855011,0.750169699,0.673287661,0.62239354,0.719877378,0.627998468,0.658520535,0.601359736,0.522292107,0.579679623,0.647689524
0.243980831,0.371322758,0.441897788,0.422136541,0.463861991,0.519069063,0.395987902,0.48716048,0.511564692,0.506760639,0.4074858
0.603676768,0.287484496,0.158093723,-0.031872759,0.031410886,0.036460711,0.030068457,-0.038607773,-0.005674624,-0.018546542,0.035134681
0.808562238,0.830448695,0.893673486,0.901060963,1.037461922,0.982710078,0.952978561,0.941353586,0.949863273,0.884489185,1.023969773
0.242269785,0.08195424,0.06324749,0.096479333,0.125261638,0.035425929,0.090631663,-0.012902005,0.003108709,0.051750828,0.015757
0.309753722,0.678608412,0.923566979,0.910065006,0.961801117,1.01973291,0.984376677,0.936513707,1.017796941,0.948795591,0.958116109
0.472866881,0.325629169,0.138166763,0.130697667,0.220820578,0.095719641,0.13037538,0.170194325,0.167032266,0.124799743,0.175546315
0.209578592,0.74334706,0.802506948,0.89729051,0.908793647,0.9255288,0.996766608,0.924511297,0.912269844,0.925360193,0.986649326
0.34848666,0.292030311,0.140758348,0.272683177,0.241649193,0.227320738,0.204684991,0.200467504,0.174502564,0.269131142,0.210028772
0.324513294,0.162336709,0.048818095,0.057922384,0.157651377,0.050956208,0.104558235,0.195546893,0.135505214,0.169885904,0.037578996
0.059764424,0.07891504,0.061465698,0.021042541,0.063556067,-6.12E-06,0.07299703,0.055959908,0.054541428,0.086722413,0.062674966
0.803714378,0.291464459,0.178382996,0.124539029,0.211857111,0.089112411,0.117672041,0.083683553,0.073573684,0.054439197,0.226412245
0.192835526,0.234968368,0.360343387,0.109498485,0.18135988,0.12132826,0.332654574,0.378784956,0.342444094,0.241992635,0.198934673
0.666237817,0.361712452,0.109130101,-0.0113437,0.064855666,0.1085555,-0.002303217,0.111631604,0.166463704,0.071401457,0.017914831
0.865196435,0.407157323,0.233871699,0.241105045,0.227706965,0.246737946,0.211937584,0.226575811,0.169401012,0.254153807,0.176137906
0.781940431,0.329578745,0.089016637,0.123721783,-0.004039202,0.057061232,0.017351692,0.034945641,-0.096813127,-0.025159065,0.01037566
0.681568229,0.297715603,0.106491217,0.096266907,-0.053269232,0.022017082,-0.018698585,-0.06643031,0.002164663,0.036311111,-0.017164468
0.40462764,0.738363104,0.971077363,0.944480557,0.93767971,1.072937565,0.972239723,0.961570475,0.920025177,0.936447528,0.95920719
0.813430643,0.93074343,0.9202154,0.981192305,0.958232946,1.002873776,0.961864719,0.934614247,0.940645349,1.013325997,0.926863015
0.503651224,0.184920194,0.071423302,0.009560989,0.022744273,0.038603839,-0.094999133,0.022433652,0.061287904,-0.115159876,-0.077035307
0.400233225,0.777254005,0.940032758,0.917243832,0.959303306,0.9723768,0.99709128,1.005466661,1.036704914,1.053071605,0.954967447
0.511425173,0.278140072,0.062239134,0.125298094,0.08764164,0.055267003,0.034709905,-0.018068607,-0.00474446,-0.003317074,0.042155035
0.536232292,0.250688207,0.201314706,0.055306104,0.166111673,0.069036148,0.025776724,-0.09393291,0.023406718,-0.024564758,0.086088611
0.090673813,0.643454562,0.799152875,0.896162903,0.977882399,1.027723864,1.053932199,0.966934209,1.114796296,1.060080873,1.097264256
0.597088789,0.340107997,0.143357344,0.100918595,0.078705133,0.104000845,0.061380511,0.155024999,0.064677439,0.131562376,0.073787634
0.486727614,0.229526607,0.081848557,0.015612423,0.046753209,0.092032461,-0.034509467,0.029023976,0.10036549,-0.076093198,0.049123056
0.423801764,0.611198497,0.778342684,0.793387486,0.76768616,0.846729824,0.822226888,0.785822711,0.823403842,0.86060908,0.779394122
0.396668596,0.746866672,0.936152701,0.886522209,0.950562715,0.941110908,0.96710015,0.954678479,0.997649125,0.975903725,0.981468705
0.520889721,0.639420887,0.826313357,0.855713774,0.843000804,0.816170458,0.865407405,0.780705787,0.880697258,0.798015296,0.827916869
0.327810748,0.500335243,0.585761062,0.610606737,0.539528132,0.669544968,0.555510223,0.57930266,0.51072248,0.589626795,0.525581791
0.490034437,0.537166007,0.580336259,0.593431162,0.616619917,0.633063003,0.623965103,0.523298347,0.616576967,0.62390616,0.612836795
0.351091604,0.768932423,0.906858627,0.880346904,1.001788628,0.904198074,0.925007927,1.031128855,1.026221474,0.923530118,1.004977538
0.216653272,0.594207636,0.528244496,0.662486343,0.580325104,0.667280528,0.678482001,0.643861304,0.604173603,0.664220534,0.679778539
0.541714283,0.270516961,0.181638226,0.041343723,0.01359701,0.004507011,0.072889418,-0.006179843,0.054724307,0.003605271,0.049977675
0.332760242,0.149257049,0.122571961,0.139710115,0.161093461,0.164978727,0.190382871,0.06757979,0.147834743,0.195544484,0.206545606
0.719937213,0.781449431,0.92993023,1.049761891,1.03586751,0.990199734,0.978929843,0.916208364,0.99454032,1.052037096,1.026890295
0.76959012,0.935071006,0.900466911,0.86866487,0.940181374,0.984378325,1.011971785,1.071225795,1.077705456,1.054097175,1.08018411
0.531253565,0.927386745,0.931196362,1.077062141,0.998403569,0.965488469,1.006049501,1.021855138,0.998266368,0.971196236,1.080991964
0.938790973,0.990022479,1.040636754,1.031234044,1.044651765,0.990523292,1.022083762,1.082052796,0.917239416,0.985902034,0.901330541
0.155379311,0.284974583,0.582464483,0.781214352,0.841204932,0.879739824,0.983863617,1.006291872,1.106133186,0.980634575,1.047116387
0.171498135,0.689392408,0.760616716,0.907923835,1.001952919,0.980070021,1.000348655,0.961505929,1.004267887,0.972727159,0.966687586
0.519979931,0.592726287,0.740929435,0.940868004,0.912527555,0.943893608,0.970299423,1.038329972,0.919401427,1.003810859,1.060992872
0.687434493,0.900243057,1.030637317,0.996623483,1.006663037,0.943864971,0.978375511,1.063441568,0.94563135,1.026407697,1.019660852
0.692269337,0.846507698,0.844494545,1.015527693,0.99853653,0.963803853,0.970052625,1.005992951,1.009801016,0.949546016,1.021540012
0.553244292,0.414673255,0.651635636,0.854333911,0.872429417,0.914833331,0.866019593,0.941788035,0.96830014,1.020206476,1.063468814
0.185392588,0.43356527,0.722280204,0.806784986,0.896858637,0.886829463,0.983269312,0.974444964,1.089012342,1.048844304,0.978973542
0.31735462,0.386757586,0.664093089,0.754228891,0.906356798,0.97104206,1.055683669,1.023627687,1.028743482,0.985379336,0.978774472
0.589390345,0.283102597,0.14238805,0.03563743,0.047751488,-0.011552279,0.030787208,-0.003527786,0.003434841,-0.024960838,0.017521204
0.209529581,0.232782189,0.248489535,0.077518373,0.031278168,0.054855863,0.148184546,0.049954145,0.039125076,0.015849547,0.055337191
0.32150915,0.320006126,0.167243922,0.10505936,0.022021002,-0.070340536,0.077428632,0.036289939,-0.029355563,-0.033660308,0.020259732
0.849596384,0.332138647,0.080923731,0.126615414,-0.018924225,0.036462768,0.093647955,0.026418731,-0.004706694,-0.009658478,0.113271746
0.692902235,0.242362485,0.049935948,-0.105772736,-0.038801339,-0.027245452,0.034267383,-0.045657841,0.069029911,0.03758621,0.02977286
0.432117757,0.120730138,0.02374872,0.092392518,-0.006750443,-0.006039984,-0.036266339,-0.009432658,-0.037304701,-0.000150156,-0.016252944
0.047180118,0.098742156,0.038909083,0.107513954,0.044782334,0.017308738,-0.088863944,0.038889652,-0.002496781,-0.046531281,0.030591421
0.574879539,0.310400283,0.041514231,0.161555437,0.070341279,-0.054294591,0.009235449,0.0100944,-0.002344168,-0.014191862,0.055985139
0.465751201,0.111835415,0.068440164,-0.027529891,0.058456975,0.050238178,-0.049885314,0.037801252,-0.02741142,-0.004977698,0.044436844
0.819790379,0.445079704,0.101529723,-0.002585788,-0.117186941,-0.032861057,-0.033221722,-0.009938939,-0.004841432,-0.022143945,0.029640858
0.04022467,0.110654611,0.095999969,0.021020311,0.130292132,0.054770262,-0.041903595,0.06314943,0.044188633,-0.019382695,0.097348456
-0.018301667,0.164313504,0.09506937,0.003087526,0.053666394,-0.013442797,-0.03046842,0.005031022,-0.022562507,-0.038912969,0.055764122
0.582663885,0.186075629,0.074722524,0.06314374,-0.006340349,-0.030195784,-0.012406518,0.041905681,-0.092870607,-0.134579756,0.045884269
0.60117091,0.308796568,0.076435174,0.089320718,0.038178953,0.031592772,0.060353344,-0.086377862,-0.028719125,0.000788019,0.085189225
0.153466342,0.091050111,0.022524473,0.12598993,0.133507817,-0.02602159,0.10597025,0.00124249,0.021382412,0.073062992,-0.049634244
0.460736928,0.854685641,0.869246519,0.967547476,0.926937954,0.986487319,0.956983864,0.927230937,0.918526132,0.968790928,0.935072898
0.772325155,0.75723411,0.857654418,0.805815709,0.878101367,0.850986325,0.793711626,0.818601103,0.859812856,0.731073717,0.879239047
0.906998327,0.822181052,0.763469402,0.730849594,0.816084669,0.744948774,0.829650768,0.799262327,0.808493272,0.819153696,0.806896249
0.075833103,0.512210567,0.663383548,0.756790417,0.650263964,0.736368746,0.740068173,0.856552189,0.717144676,0.704955758,0.816532519
0.328088913,0.608453068,0.779261198,0.777683164,0.76617507,0.916305317,0.726222047,0.7368743,0.803917003,0.730611694,0.819668459
0.850100005,0.608271069,0.570496106,0.664094663,0.633715627,0.585503086,0.490941206,0.553620188,0.578305328,0.598966294,0.664340486
0.335204205,0.586445898,0.600654145,0.584340994,0.665425034,0.696274319,0.7337581,0.682395369,0.625587802,0.786349753,0.677852736
0.331791444,0.644470437,0.675029537,0.623183031,0.682886012,0.743248597,0.760025054,0.749336601,0.699352746,0.745344182,0.702343298
0.487716194,0.659372711,0.570264041,0.719281178,0.667724801,0.662871539,0.660963135,0.618579007,0.758918659,0.700572215,0.61076287
0.829356988,0.760704053,0.718569922,0.747393656,0.622286323,0.7297354,0.753415872,0.769336825,0.746988205,0.730407341,0.582386881
0.079403884,0.469651371,0.549752243,0.672799379,0.626835929,0.631295233,0.565170773,0.726505424,0.52085578,0.631622748,0.547658855
0.659938053,0.622914873,0.659308165,0.726298764,0.7315377,0.635803727,0.650231198,0.67416197,0.760118181,0.681669989,0.605157018
0.089638204,0.724781428,0.82205757,0.958220089,0.984070044,1.059762642,1.018378463,0.941723232,0.91128852,0.97936614,0.910072122
0.59586687,0.605979417,0.620135271,0.685779781,0.659842282,0.663706255,0.70414419,0.667481073,0.648301569,0.626259248,0.632486128
0.40504001,0.552671104,0.602255513,0.72541493,0.663576168,0.742223447,0.73934388,0.618259762,0.729867351,0.612701611,0.607887653
0.374014394,0.625020895,0.803772229,0.794465615,0.748432053,0.76069004,0.731733005,0.788365307,0.626362119,0.738899612,0.79951972
0.335604333,0.565715517,0.579742521,0.549794801,0.646681504,0.619423366,0.620514082,0.650101463,0.705896874,0.664775411,0.623518096
0.70221453,0.674900268,0.618325565,0.640962191,0.657095466,0.65186344,0.663902115,0.619336013,0.643552203,0.63528711,0.630873551
0.669827585,0.698850375,0.708857022,0.676096653,0.723767163,0.742011998,0.706063405,0.753827272,0.848439145,0.695073013,0.758345924
0.332806261,0.62246207,0.730798178,0.799981216,0.766272889,0.792821118,0.757162186,0.842206878,0.785732281,0.704511247,0.842892202
0.366318698,0.536425157,0.761796456,0.685305345,0.681259035,0.661091703,0.761907871,0.774572159,0.78771594,0.670571436,0.678465545
0.298406014,0.352862655,0.460090334,0.398000799,0.507192106,0.452609988,0.477553229,0.499378963,0.509632125,0.468280786,0.470243155
0.449708655,0.243751668,0.163130729,0.094016223,0.169147027,0.078368071,0.102781492,0.143920875,0.101488649,0.108764426,0.135691437
0.608347629,0.337056769,0.396740291,0.295518785,0.268242017,0.301948174,0.321747272,0.234688527,0.240713752,0.327811117,0.254102522
0.194967619,0.374784868,0.564055421,0.60574286,0.596501294,0.526345946,0.588606368,0.645347735,0.685236156,0.57804503,0.604916962
0.296587885,0.348106353,0.347655845,0.360245885,0.396921074,0.356304726,0.372186666,0.337993678,0.371391297,0.378850156,0.305650113
0.479205325,0.417655993,0.35699476,0.419959518,0.498050583,0.411068552,0.427131918,0.281272015,0.467246439,0.458299081,0.363599215
0.762036313,0.343338351,0.25795024,0.240428795,0.324825449,0.215483966,0.344829181,0.394653135,0.249048969,0.235599536,0.193576003
0.936415029,0.822178399,0.764530677,0.733463321,0.731464222,0.866989161,0.735488265,0.804642184,0.6979087,0.820861271,0.735329868
0.895694774,0.507514369,0.245425316,0.200412306,0.104286508,0.189183906,0.169017455,0.260259223,0.16024696,0.21329048,0.143516633
0.580555865,0.61432792,0.493909358,0.53853019,0.528315611,0.47875914,0.527737529,0.452649564,0.39097156,0.497274138,0.493845911
0.70787544,0.652344051,0.578823857,0.577461375,0.630715051,0.569506495,0.588202095,0.647132352,0.637823623,0.522440461,0.579628669
0.660176463,0.756869677,0.760505235,0.66116044,0.625637113,0.634195007,0.691506403,0.675257334,0.645149909,0.691004381,0.734567401
0.349499725,0.397697169,0.432019037,0.401530835,0.364519158,0.382135383,0.417875869,0.32043667,0.447510318,0.411838175,0.380182745
0.590816414,0.465461585,0.350512988,0.378441842,0.338140575,0.383549928,0.253414306,0.368921816,0.33466535,0.344454203,0.321850234
0.648314674,0.613060358,0.523749667,0.486220624,0.513020399,0.543412641,0.65839415,0.648139451,0.634776828,0.490268415,0.585620018
0.804118581,0.611333659,0.538408008,0.500914336,0.513052264,0.579590702,0.513003435,0.601242464,0.541271992,0.555657304,0.524321945
0.799818143,0.564471911,0.480587659,0.55264379,0.521556407,0.489261524,0.601835374,0.40938259,0.547801558,0.533274458,0.541863267
0.159895933,0.277270515,0.229837419,0.354571622,0.368587087,0.393530634,0.368647918,0.324115814,0.419319444,0.359702925,0.424868806
0.649352059,0.90183966,0.96384329,0.984573201,0.955517392,0.973029083,1.036866078,0.996752399,0.968369227,1.011469004,1.003924399
0.394016634,0.782100326,0.848369893,0.906922331,0.94489811,1.00181851,0.95508656,0.906294792,0.988684918,0.935201888,0.892174198
0.604560691,0.862282705,0.964455179,1.007603154,0.980847863,1.022714968,0.965132699,1.090179026,0.942132283,0.898854962,0.972696059
0.623453209,0.728684537,0.9224983,0.943835821,0.916382353,0.957073524,1.078915001,1.002509663,1.008777333,0.983800768,1.052594643
0.678643497,0.846563521,0.954116723,0.968010515,0.905509273,0.82585499,0.941000454,0.960607177,0.923795392,1.042157678,0.922384908
0.295306813,0.819170553,0.881687038,0.939981967,0.92685861,0.919919321,1.05461371,0.945493094,0.978292769,0.933293556,0.952171434
0.153874452,0.077313077,-0.001444353,-0.031251564,0.041251734,0.073084377,-0.085860412,0.039029693,0.025750868,0.024638978,0.061825289
0.242695418,0.652632479,0.904527283,0.973883989,0.976430249,0.948436056,1.031877173,0.975322264,1.014786278,1.006695438,0.961110409
0.314769019,0.839240947,0.828510106,0.982520769,1.007599914,1.026626731,0.940418147,0.933888791,0.912957926,1.09807228,1.026076175
0.521855017,0.802887608,0.892160587,0.933176174,0.922206677,0.950049643,0.971543182,0.986447645,1.053082588,0.973425707,1.039621318
0.25488413,0.337101251,0.334613137,0.310934781,0.370523925,0.399345202,0.350002766,0.353450392,0.30094329,0.283559177,0.379173017
0.458471649,0.412436687,0.526671855,0.549312316,0.503433125,0.542047309,0.549774377,0.632845048,0.508550272,0.478854023,0.588162401
0.23678901,0.384955845,0.429400606,0.435349952,0.476383527,0.465793284,0.48314496,0.447192143,0.470488782,0.37995975,0.435075885
0,1,2,3,4,5,6,7,8,9,10
0.355825437,0.321961317,0.155286296,0.227450492,0.346824181,0.3304505,0.242276432,0.319754777,0.242788273,0.214855163,0.343030927
0.417354622,0.439044392,0.490402907,0.389847586,0.505869477,0.541735191,0.543711857,0.415124797,0.440891182,0.519153531,0.47998963
0.326721638,0.390151616,0.272869718,0.333953664,0.318914151,0.444481321,0.304643499,0.36011844,0.2803438,0.358237431,0.356338882
0.306584125,0.36470664,0.326861059,0.239371274,0.312930049,0.269620514,0.242380825,0.318981767,0.350348876,0.361813629,0.322892119
0.277399795,0.439189975,0.434472104,0.333474032,0.276939081,0.44589992,0.438226254,0.371152907,0.44249926,0.380984604,0.39793886
0.543679781,0.57217022,0.563978304,0.470788267,0.572453832,0.546595222,0.597022755,0.55835905,0.538214571,0.507625908,0.549478423
0.12418688,0.319916932,0.207608078,0.341005283,0.222817579,0.3628501,0.321639842,0.228698246,0.170104527,0.268836447,0.297077661
0.146434133,0.109334647,0.132490985,0.086208672,0.149048691,0.147532104,0.138492569,0.131840955,0.092921556,0.05649699,0.053580491
0.632740985,0.683548896,0.646783439,0.637177292,0.673190699,0.675210404,0.670026073,0.645920641,0.695211628,0.627613657,0.683221847
0.476702206,0.542517854,0.360855393,0.501573288,0.495969538,0.54920039,0.490879685,0.453702071,0.470651801,0.43929281,0.435729224
0.403208042,0.411065847,0.472409281,0.376614127,0.340243025,0.334684823,0.413874366,0.421939946,0.472358971,0.434642289,0.423979276
0.699196271,0.611796986,0.63103971,0.635726439,0.559860166,0.627431975,0.607704703,0.588132088,0.621062309,0.642822439,0.55376402
0.043128438,0.168573971,0.09860012,0.062501206,0.129133229,0.049106351,0.107969285,0.079347623,0.048688792,0.06740681,0.079448851
0.422211878,0.439427276,0.477510196,0.340843148,0.501589385,0.436872718,0.42752408,0.380281773,0.384422296,0.385147726,0.436701095
0.504463223,0.422442424,0.42893386,0.38136348,0.476830927,0.445206891,0.469891775,0.497603291,0.510286459,0.416869241,0.415886512
0.492935931,0.454724423,0.396336378,0.359769061,0.491538592,0.381958546,0.344695506,0.4505725,0.354390049,0.436292491,0.517719236
0.685902237,0.401399219,0.585336184,0.582157803,0.526019014,0.569629909,0.590909936,0.493338582,0.515033343,0.517936446,0.603741416
0.334901241,0.358860043,0.461767396,0.384415336,0.383280028,0.387440785,0.388209696,0.296075611,0.437106354,0.297362868,0.43535167
0.461774634,0.446992455,0.469295043,0.530835251,0.574900757,0.457217426,0.50731282,0.497592362,0.420811147,0.441120615,0.441256259
0.598822385,0.581388738,0.609814796,0.631798137,0.645295689,0.600722361,0.551421044,0.604886369,0.635003478,0.735435077,0.614415844
0.570616792,0.60139288,0.567704836,0.50274645,0.646222929,0.593301651,0.522248915,0.529697645,0.534553081,0.533357539,0.576480711
0.587921077,0.671457527,0.591366891,0.661025811,0.654342237,0.579519125,0.6139666,0.536634873,0.526032233,0.612346172,0.639666387
0.524400821,0.506744167,0.529778635,0.486569848,0.53475825,0.485038815,0.522250679,0.531385972,0.512721286,0.446423614,0.409871593
0.389084447,0.38910006,0.464780621,0.454270998,0.465936981,0.323250476,0.452855573,0.427970397,0.448103115,0.423429314,0.503779355
0.504876907,0.503248574,0.534146747,0.539816782,0.528531493,0.524687537,0.579776252,0.538578586,0.536876401,0.575345813,0.580749086
0.463942772,0.554816136,0.48078721,0.413230603,0.493773366,0.473282545,0.453946309,0.510874991,0.460750038,0.434925789,0.500742532
0.439805037,0.446749435,0.374155176,0.450817007,0.388462388,0.409641684,0.402553102,0.390773472,0.414188213,0.445659659,0.363718202
0.522644997,0.587624378,0.606253266,0.563678002,0.629146305,0.593248612,0.551752922,0.600714263,0.621602368,0.550125185,0.617556895
0.782960275,0.369608414,0.363402888,0.315535039,0.210239204,0.314677388,0.263949057,0.255694721,0.403418529,0.259853343,0.270300627
0.407532655,0.75672308,0.851584017,0.898093775,0.960712111,0.990046474,0.961534008,0.987252173,0.906867283,0.994817666,0.981134527
0.577241096,0.305065297,0.287780127,0.336077688,0.299227649,0.340204104,0.280064432,0.26473123,0.239044556,0.352277372,0.284955431
0.696313675,0.586364051,0.503505931,0.49946137,0.484671454,0.534003422,0.537981308,0.423107169,0.513143423,0.436140487,0.606511897
0.597499626,0.751699381,0.665496696,0.637314868,0.672283039,0.711248159,0.826102154,0.655013913,0.701879095,0.693289671,0.75087066
0.480794568,0.454315799,0.557523397,0.51319197,0.475656326,0.540279159,0.454816022,0.520240278,0.483255386,0.598153796,0.604579366
0.588173599,0.540937521,0.485930467,0.626927599,0.460054464,0.509297682,0.476152123,0.470938936,0.545933483,0.510651996,0.524211649
0.1490164,0.34028072,0.475417364,0.578803168,0.542848461,0.414441106,0.582752385,0.523639637,0.494127524,0.562000325,0.593463365
0.357649457,0.293125746,0.345477039,0.452267965,0.519391531,0.49752322,0.612348268,0.469641596,0.482259075,0.571820241,0.638902519
0.23336737,0.343389773,0.378344273,0.393730311,0.407890245,0.389726806,0.336016354,0.399475193,0.450831355,0.398099515,0.34908813
0.24980418,0.271000716,0.250282164,0.225588918,0.1209971,0.097576753,0.1848117,0.301810372,0.26499665,0.169318307,0.237425059
0.86524101,0.499263828,0.568315552,0.583125533,0.558428472,0.47822622,0.529607266,0.482363188,0.495518014,0.483062659,0.434874495
0.522202524,0.221428998,0.058413039,0.039102254,0.079272891,0.066108394,0.014821597,-0.013097199,-0.008326664,0.019606651,0.034517205
0.530072534,0.661374654,0.588544627,0.562763401,0.467284035,0.506750694,0.553189203,0.581681478,0.526452668,0.502367668,0.537492287
0.99306532,0.491610237,0.371299087,0.307373468,0.259232842,0.310996127,0.323152745,0.222710752,0.290853811,0.233133756,0.403635273
0.559459604,0.583772179,0.508300693,0.506123704,0.519731932,0.606882459,0.445521152,0.515445013,0.555480769,0.539074931,0.536986813
0.305947339,0.332767202,0.352612098,0.360668515,0.343111112,0.306174892,0.419129132,0.279035555,0.30323043,0.311294376,0.370166203
0.334570116,0.240113926,0.236155129,0.14453168,0.087935979,0.233858518,0.273542142,0.178555529,0.26435543,0.162222439,0.139005158
0.459761254,0.140382934,0.121182779,0.094429226,0.055863723,0.092623335,0.022993778,0.013610721,0.076050587,0.094133088,0.111019721
0.863680072,0.468053833,0.337137891,0.272299361,0.16271431,0.271101729,0.217054948,0.24220791,0.160728158,0.255716282,0.099750567
0.619271296,0.252058661,0.289521836,0.140093189,0.249222654,0.284150046,0.197760067,0.236809744,0.187977096,0.154230963,0.221242621
0.463708289,0.230858956,0.140971334,0.054154018,0.091189843,0.128882982,0.0801066,0.084851733,0.113190107,0.055216007,0.128351471
0.647600425,0.368514807,0.193544241,0.202176253,0.144891627,0.084495234,0.156914311,0.166094178,0.139352386,0.223514614,0.152263573
0.453916243,0.071671183,-0.023914615,-0.046992772,0.0083104,-0.061511007,-0.102489789,-0.038539721,-0.038761294,-0.067540452,-0.009301871
0.253387308,0.084475293,-0.084235595,-0.007672614,-0.037604595,-0.006652955,-0.066442673,-0.029926718,0.029860376,0.002643991,0.016955684
0.392342716,0.566681624,0.519868074,0.591526943,0.701368381,0.59152803,0.670196166,0.725897815,0.616321262,0.665448614,0.616935818
0.903081164,0.693523431,0.586357899,0.632902159,0.582959435,0.65366442,0.606240639,0.639907187,0.468752511,0.614897136,0.487430305
0.346487527,0.283164535,0.328196339,0.256742713,0.250595556,0.151409356,0.254658729,0.170778753,0.261930926,0.174207505,0.154417943
0.534595942,0.700048892,0.644379449,0.682584174,0.570269466,0.733078523,0.605135776,0.643542682,0.666714075,0.554222122,0.664265769
0.768161864,0.294386709,0.130605113,0.101704603,-0.03308246,-0.069768988,0.095090513,0.046128858,0.072138614,-0.014372208,0.015395283
0.393512395,0.261328316,0.121596929,0.099540331,0.135952036,0.118310632,0.155781945,0.129727527,0.253111538,0.139875259,0.084055735
0.610676245,0.760800539,0.892554174,0.83098958,0.839444991,0.862181868,0.891870468,0.901366205,0.9313615,0.958350567,0.863834526
0.510171951,0.281842624,0.126796741,0.164824624,0.030539776,0.027832338,0.086325715,0.055530799,0.121959893,0.031733522,0.015765414
0.586904354,0.108021248,-0.090887632,0.078110215,0.085166816,0.021911888,-0.02351419,0.012170018,0.067482022,0.028462669,0.049850714
0.391171785,0.723008326,0.845351193,0.778145471,0.813710846,0.796895495,0.880877487,0.849444986,0.800809883,0.787936486,0.760243122
0.24629584,0.390677862,0.329925087,0.480679092,0.493970354,0.4351105,0.461474366,0.364129118,0.418814821,0.458239508,0.520408799
0.466341094,0.755115202,0.802176583,0.794695857,0.756131793,0.846090642,0.800897007,0.990495947,0.858533993,0.799548291,0.843174476
0.19862741,0.775075499,0.910403975,1.014367441,0.98427215,1.014080506,0.920754959,0.924136358,0.905379008,0.994648904,0.980407274
0.398224169,0.663880712,0.885871105,0.871233292,0.828245983,0.970183904,0.93352497,1.006659461,0.937986733,0.906209825,1.041006638
1.033347273,0.991035314,0.944804215,0.983586305,1.014706834,0.985038334,0.984702247,0.976936382,1.016746972,1.108376186,0.993768961
0.464860697,0.744650406,0.918181307,1.036376985,0.972955151,0.972250814,0.908424704,0.846799157,0.89598896,1.002790371,0.94622774
0.634576402,0.280869726,0.250015218,0.195389764,0.063176421,-0.002807971,0.094878727,0.033660911,0.160103063,0.132624841,0.081101445
0.328425479,0.16518534,0.111557323,0.112845419,0.179494605,0.160143065,0.126828112,0.138534801,0.169444855,0.134742073,0.11325002
0.289389923,0.580737734,0.784584339,0.904330259,0.996945028,0.952681798,1.010158704,1.025349141,1.035499222,1.028928276,0.910855685
0.56121477,0.761044929,0.815787427,0.955190149,0.97290918,0.958851195,0.99299883,0.979095778,1.054345395,1.004291147,1.034133349
0.195790221,0.626935784,0.778131759,0.934828251,0.953665481,1.006944305,0.955824209,1.044472205,0.968316536,0.901766087,1.028938341
0.197195038,0.580570996,0.797469607,0.867338192,0.996479674,0.968034406,1.048082237,0.972910929,0.9312635,0.993555239,1.039649205
0.772227936,0.71544641,0.736385841,0.901316524,0.923313393,0.937671877,1.022712052,1.056943824,0.967877128,1.045239043,1.038498752
0.397307179,0.669912725,0.814299174,0.965230986,0.949829307,1.005487015,0.98830125,0.975453221,0.944073628,0.954833077,1.095446059
0.353839693,0.58108209,0.766915577,0.804927228,0.849310389,0.97262612,0.944433619,0.951094216,1.005279867,0.948108204,1.018938777
0.413184765,0.435062336,0.570368712,0.60401559,0.681444565,0.624101123,0.648420145,0.724786356,0.680473052,0.667313787,0.661271252
0.351326794,0.55252488,0.905014708,1.066488242,1.045562852,0.987163886,0.988871445,1.14854332,0.957107845,0.970314069,1.034504937
0.796578365,0.657583028,0.676430226,0.791502323,0.960937404,0.980085827,1.027798162,0.939010682,0.886517928,0.972363976,0.917573104
0.694086472,0.655327567,0.808872504,0.852475639,0.914107322,0.952143506,1.009382717,1.034202738,0.931377651,0.915369574,0.940035211
0.718211389,0.690387662,0.770524217,0.825804894,0.90984132,0.951238078,0.901765426,0.997642943,0.983607117,0.912314063,0.941953084
0.04582288,0.15198742,0.266896305,0.056323907,0.101015345,0.146636311,0.188748664,0.13417197,0.065946461,0.13664989,0.126362557
0.385191693,0.49722616,0.33837638,0.294850611,0.21796623,0.257225129,0.29470821,0.230626331,0.283899331,0.253279556,0.148634134
0.224866702,0.283318245,0.211948799,0.20425872,0.169588201,0.133722487,0.196013844,0.129675935,0.11390047,0.243210206,0.193826925
0.701970848,0.674248891,0.521134399,0.477901576,0.509881577,0.39371328,0.495299615,0.405657529,0.429856905,0.435426055,0.406112604
0.240595818,0.366415165,0.365055603,0.365154236,0.252066523,0.253341685,0.293808192,0.236345037,0.280144709,0.288635074,0.224911691
0.782555114,0.46337919,0.333230472,0.239994249,0.278552968,0.207245294,0.320378602,0.133852109,0.307369967,0.292602871,0.308574706
0.645990967,0.658229954,0.556485252,0.439980497,0.565353272,0.478121559,0.590808757,0.50693149,0.496257014,0.580112892,0.53143267
0.707074955,0.599556627,0.481773556,0.41659465,0.389959046,0.407613045,0.445070973,0.401797323,0.365700283,0.412845716,0.468363047
0.871154469,0.449222634,0.293041768,0.137063623,0.196387063,0.188270613,0.172030016,0.212577063,0.170769091,0.152138203,0.234007368
0.359949734,0.423345768,0.199217424,0.279312778,0.236811135,0.171838901,0.265609805,0.179564607,0.337201742,0.177249365,0.251107398
0.418276334,0.455571251,0.461276683,0.443857392,0.457963565,0.433993546,0.452098232,0.395520544,0.417583993,0.46651324,0.339763885
0.520366636,0.624874846,0.632572038,0.676772679,0.545286236,0.599457509,0.553837926,0.597958604,0.563636924,0.616296819,0.640476575
0.476346028,0.22142469,0.290996967,0.220629171,0.180062256,0.154785626,0.173725832,0.237360004,0.140508805,0.229789844,0.205009898
0.940403108,0.775511615,0.63978311,0.701629211,0.644247119,0.600200543,0.659999325,0.602355636,0.525722568,0.62837569,0.632108532
0.275776346,0.5310621,0.359718768,0.416530547,0.392810849,0.390263278,0.457643214,0.481268505,0.49084185,0.355704727,0.447797175
0.919216321,0.869660698,0.769676073,0.656344261,0.705880019,0.638307581,0.691550936,0.765547604,0.623134766,0.779323026,0.713482379
0.290453547,0.501858009,0.745408018,0.65657974,0.704122237,0.82755436,0.810770084,0.867194878,0.746764106,0.811747139,0.748055632
0.277979373,0.556805112,0.707107215,0.644904653,0.78356488,0.750988537,0.791768933,0.735460002,0.721578399,0.75696406,0.765603454
0.283460654,0.58525982,0.61038467,0.659331036,0.724280246,0.665427933,0.67026401,0.760066339,0.740664328,0.715939913,0.681702309
0.375639476,0.576238451,0.664336756,0.767489736,0.697271522,0.701070106,0.725939894,0.737492383,0.748029367,0.66757735,0.670865542
0.485290345,0.470628812,0.581258217,0.46610117,0.510965162,0.525273046,0.51122118,0.548950106,0.53651585,0.565126493,0.530086217
0.594614144,0.616660979,0.61220324,0.6029956,0.69038666,0.537225662,0.603525371,0.541592764,0.613634169,0.595599865,0.579153737
0.094964168,0.389685544,0.584172048,0.523100397,0.67467305,0.68178848,0.627851112,0.601902737,0.64732775,0.493728254,0.652546913
0.16422894,0.414017459,0.556391075,0.638557806,0.543843022,0.589432614,0.621080035,0.523355289,0.561988278,0.656106711,0.646092601
0.382450603,0.539583958,0.557666676,0.645640953,0.666047571,0.724651874,0.682763578,0.695576715,0.63149774,0.71012239,0.695213811
0.838214467,0.667242589,0.523317208,0.553443785,0.615697583,0.563101227,0.537382777,0.573989478,0.548139902,0.534592959,0.595239778
0.226939727,0.473493284,0.56135435,0.545199319,0.513682873,0.632927741,0.583680853,0.589409891,0.67538662,0.58710465,0.592881143
0.267282208,0.657162342,0.770571537,0.868914286,0.809682513,0.788318333,0.891143053,0.875608265,0.914346346,0.834535374,0.917248972
0.331413393,0.424677972,0.523238519,0.504630601,0.446808257,0.482927619,0.620317377,0.514437585,0.671054427,0.485479396,0.473087498
0.801776899,0.652273792,0.654944021,0.645082227,0.482736517,0.643658404,0.551822753,0.563600939,0.628474211,0.575444542,0.591826446
0.285295073,0.493708923,0.531750323,0.614613586,0.660204152,0.732075251,0.650792445,0.762615909,0.663403451,0.730927986,0.683237823
0.458735734,0.555204531,0.595343842,0.625164285,0.541837556,0.56471391,0.526770593,0.54326056,0.555156851,0.492750868,0.648248094
0.768147434,0.688412399,0.507169431,0.522550295,0.639637405,0.608777662,0.532483117,0.625249939,0.457556284,0.56963658,0.591894014
0.34925097,0.64896307,0.709672362,0.6829409,0.65126424,0.641089324,0.679956483,0.753474763,0.656072414,0.709219705,0.657148195
0.609876728,0.758632276,0.728984024,0.7031865,0.718474746,0.708991094,0.749762562,0.676054235,0.701261612,0.626743507,0.749274825
0.490272393,0.582990864,0.515763982,0.691801058,0.586168283,0.722458271,0.633916377,0.721914331,0.607370259,0.754713282,0.732251891
0.405558073,0.451012941,0.417772685,0.458703243,0.45868409,0.472256939,0.331233976,0.495103135,0.434627657,0.518420658,0.365811405
0.694159311,0.305631915,0.230699789,0.138421636,0.119751216,0.178820603,0.165569046,0.11988397,0.08696664,0.147603727,0.119152532
0.211531977,0.151148901,0.326726018,0.208691165,0.267051939,0.222806076,0.200460087,0.209292014,0.160883176,0.236848408,0.247197903
0.762790408,0.591210019,0.578441851,0.505251995,0.541149614,0.442866658,0.506962191,0.475392915,0.545052673,0.518701734,0.423263763
0.738296621,0.619993468,0.494439159,0.452337093,0.499004726,0.524541158,0.489037161,0.452386878,0.51866301,0.491153054,0.525038918
0.265788392,0.406999652,0.487231897,0.532044038,0.580982011,0.512154841,0.508908342,0.500584537,0.575463851,0.577514865,0.550580639
0.204075373,0.295887419,0.323796494,0.456695497,0.414489215,0.418435615,0.331573251,0.306595203,0.454054625,0.404978629,0.449363888
0.926589667,0.697546249,0.582886029,0.598523337,0.60596283,0.555967431,0.642094496,0.52750324,0.553692791,0.641859598,0.564320426
0.89035734,0.419791978,0.321158316,0.190914511,0.122443128,0.183449434,0.132641466,0.061063247,0.135797921,0.11107876,0.238487651
0.134514873,0.294392263,0.382927476,0.418919338,0.345679357,0.365546445,0.443401372,0.470345194,0.324141283,0.411950562,0.485075582
0.335643685,0.523344302,0.769133938,0.646476417,0.618556377,0.744577129,0.566702632,0.606242818,0.770735667,0.624734101,0.609545958
0.129084217,0.218463435,0.227709729,0.157145981,0.292159209,0.30893079,0.268600141,0.341902971,0.345588112,0.334530441,0.386913082
0.44500014,0.570155174,0.512638198,0.537240333,0.550872694,0.540428583,0.544878437,0.514577173,0.594743701,0.60158101,0.431445121
0.414166598,0.348256999,0.40887764,0.433292961,0.387697556,0.541749293,0.446488032,0.362630004,0.434605717,0.48003517,0.466469228
0.501611103,0.413991221,0.365953699,0.357283688,0.448227335,0.468819952,0.454203618,0.442914951,0.430433917,0.422755169,0.427151447
0.84532917,0.721688347,0.601899563,0.598447671,0.617965384,0.591834375,0.648299791,0.631890787,0.612297383,0.481378395,0.559535226
0.656856754,0.324311038,0.374500554,0.358380079,0.332604904,0.356105241,0.399182552,0.440096492,0.438922311,0.478609418,0.473954634
0.321722718,0.264484174,0.383534969,0.265875553,0.375602913,0.258361944,0.344690944,0.348642658,0.339336721,0.338005064,0.148437551
0.411716193,0.46579269,0.469069689,0.47187698,0.512339997,0.468742655,0.411694897,0.466741587,0.377857084,0.424121699,0.515880716
0.171613353,0.289635316,0.453192353,0.480527943,0.399508552,0.450430472,0.432135581,0.450879402,0.450882398,0.516153179,0.462569945
0.372116272,0.505621255,0.519554619,0.514284524,0.624294119,0.445747149,0.604523906,0.620551477,0.609013619,0.567782634,0.550096813
0.794725319,0.607941238,0.602593595,0.602146101,0.573399753,0.466652933,0.553158383,0.528509695,0.447283118,0.613952192,0.486578378
0.844781568,0.545847185,0.502194605,0.406383607,0.393030687,0.40136789,0.372443314,0.475520599,0.434746578,0.379755663,0.449896005
0.606378835,0.555854964,0.576162035,0.51123083,0.4097827,0.446756987,0.456502393,0.469350951,0.516123859,0.510555759,0.549391475
0.25217236,0.514078534,0.440450647,0.551014768,0.602809331,0.624544543,0.583123778,0.580824489,0.607323092,0.528064052,0.539281031
0.762738255,0.619091771,0.530175178,0.430253001,0.505503249,0.454271828,0.392540442,0.330087988,0.494887117,0.482076394,0.488439718
0.617450718,0.443617678,0.507342476,0.416196408,0.539033247,0.493237286,0.394021549,0.433649038,0.294922541,0.453017237,0.423446984
0.222814387,0.378444685,0.496363965,0.540405515,0.446048904,0.503372139,0.50726462,0.51854318,0.471197866,0.495660877,0.552745715
0.528275768,0.40400959,0.379071536,0.399506693,0.346759675,0.354391108,0.437580344,0.342057104,0.340696072,0.350323768,0.392964311
0.56142916,0.508871227,0.420767983,0.444481471,0.382631249,0.339944574,0.457968434,0.511713504,0.444217306,0.371782848,0.493070065
0.415686908,0.419755054,0.405432815,0.413760027,0.391690362,0.371825274,0.466947834,0.450517036,0.406084988,0.480472444,0.443478432
0,1,2,3,4,5,6,7,8,9,10
