"node","sample_1_tau_1","sample_2_tau_1","sample_3_tau_1","sample_1_tau_0.333333333333333","sample_2_tau_0.333333333333333","sample_3_tau_0.333333333333333","sample_1_tau_0.2","sample_2_tau_0.2","sample_3_tau_0.2","sample_1_tau_0.142857142857143","sample_2_tau_0.142857142857143","sample_3_tau_0.142857142857143","sample_1_tau_0.111111111111111","sample_2_tau_0.111111111111111","sample_3_tau_0.111111111111111","eqn"
"ABF1",-0.0244997313231696,0.252950068948294,0.297506853970339,0.021210956155132,0.223232920897252,0.275499481931326,0.021210956155132,0.223232920897252,0.275499481931326,0.0521958919482378,0.215600286597108,0.433077556248645,0.0521958919482378,0.215600286597108,0.433077556248645,"input gene"
"ACC1",0.319014973237289,0.210412421369044,0.00212648597419033,0.197874851325674,0.0581286752050874,-0.051941771426332,0.197874851325674,0.0581286752050874,-0.051941771426332,0.21900318781186,0.168135871576016,0.00310426663314221,0.21900318781186,0.168135871576016,0.00310426663314221,"(((1 * fAct(INO2, 0.559048517001793, 1.23964335189434) * 1 * fAct(INO4, 0.444647015957162, 1.48908331262181))) * 1 - 1 * ACC1) / 0.111111111111111"
"ACE2",0.62101325490182,0.573997345690599,0.510288410422732,0.549944924221076,0.594980668399396,0.340434552633503,0.549944924221076,0.594980668399396,0.340434552633503,0.612981193409274,0.535714452908789,0.542572154410042,0.612981193409274,0.535714452908789,0.542572154410042,"input gene"
"ACS1",0.312840970529394,0.410129138177995,1.00951278310167,0.199698220399812,0.435102887465751,0.849351272354075,0.199698220399812,0.435102887465751,0.849351272354075,0.257501093295786,0.413879572340203,0.852298519506976,0.257501093295786,0.413879572340203,0.852298519506976,"((((1 - 1 * fAct(UME6, 0.470874050119892, 1.03661424341844)) + (1 * fAct(ABF1, 0.400937356194481, 1.3146644753241) * 1 * fAct(ADR1, 0.503039895324036, 1.03479707546299)) - (1 - 1 * fAct(UME6, 0.470874050119892, 1.03661424341844)) * (1 * fAct(ABF1, 0.400937356194481, 1.3146644753241) * 1 * fAct(ADR1, 0.503039895324036, 1.03479707546299)))) * 1 - 1 * ACS1) / 0.111111111111111"
"ADH1",-0.0317202824656327,-0.0241568231493272,0.0670105014682116,-0.0218274241917425,0.0232763662322392,0.0608737685917931,-0.0218274241917425,0.0232763662322392,0.0608737685917931,0.0724866418962902,0.0693278648219253,0.0224314784051575,0.0724866418962902,0.0693278648219253,0.0224314784051575,"((((1 * fAct(RAP1, 0.461343709146604, 1.42885982804) * ((1 * fAct(ABF1, 0.462243856862187, 1.29998967829626) * 1 * fAct(ADR1, 0.401520505920053, 1.67515824689763)) * 1 * fAct(SNF6, 0.406484708935022, 1.22931431350531))) * ((((1 - 1 * fAct(CAF16, 0.420533755701035, 1.05866496125469)) + (1 - 1 * fAct(CAF4, 0.484103786107153, 1.60636735119857)) - (1 - 1 * fAct(CAF16, 0.420533755701035, 1.05866496125469)) * (1 - 1 * fAct(CAF4, 0.484103786107153, 1.60636735119857))) + (1 - 1 * fAct(CCR4, 0.556700410041958, 1.33880157851381)) - ((1 - 1 * fAct(CAF16, 0.420533755701035, 1.05866496125469)) + (1 - 1 * fAct(CAF4, 0.484103786107153, 1.60636735119857)) - (1 - 1 * fAct(CAF16, 0.420533755701035, 1.05866496125469)) * (1 - 1 * fAct(CAF4, 0.484103786107153, 1.60636735119857))) * (1 - 1 * fAct(CCR4, 0.556700410041958, 1.33880157851381))) + (1 - 1 * fAct(POP2, 0.447057667933404, 1.60623747003963)) - (((1 - 1 * fAct(CAF16, 0.420533755701035, 1.05866496125469)) + (1 - 1 * fAct(CAF4, 0.484103786107153, 1.60636735119857)) - (1 - 1 * fAct(CAF16, 0.420533755701035, 1.05866496125469)) * (1 - 1 * fAct(CAF4, 0.484103786107153, 1.60636735119857))) + (1 - 1 * fAct(CCR4, 0.556700410041958, 1.33880157851381)) - ((1 - 1 * fAct(CAF16, 0.420533755701035, 1.05866496125469)) + (1 - 1 * fAct(CAF4, 0.484103786107153, 1.60636735119857)) - (1 - 1 * fAct(CAF16, 0.420533755701035, 1.05866496125469)) * (1 - 1 * fAct(CAF4, 0.484103786107153, 1.60636735119857))) * (1 - 1 * fAct(CCR4, 0.556700410041958, 1.33880157851381))) * (1 - 1 * fAct(POP2, 0.447057667933404, 1.60623747003963))))) * 1 - 1 * ADH1) / 0.111111111111111"
"ADH2",0.0805736057143952,-0.0609467225650544,0.0261990258776437,-0.0378254016789423,-0.0413664336021508,-0.0179466238588066,-0.0378254016789423,-0.0413664336021508,-0.0179466238588066,0.05911296331921,-0.0249409304750329,-0.0205856968898357,0.05911296331921,-0.0249409304750329,-0.0205856968898357,"(((1 * fAct(SIN3, 0.45663738087751, 1.44733801403316) * ((((1 * fAct(ADR1, 0.592549746111035, 1.41580738550285) * 1 * fAct(CCR4, 0.542408696375787, 1.36959526263643)) * 1 * fAct(SNF6, 0.475537301879376, 1.13684608062031)) * 1 * fAct(SPT21, 0.552405549678952, 1.38900646955706)) * 1 * fAct(TAF90, 0.424472844321281, 1.10887145449175)))) * 1 - 1 * ADH2) / 0.111111111111111"
"ADK1",0.344916752028229,0.265645052554875,-0.0645637522128011,0.402633929971339,0.26925299527349,-0.0081290125072139,0.402633929971339,0.26925299527349,-0.00812901250721392,0.422139360102515,0.315495323034005,0.0781753430619952,0.422139360102515,0.315495323034005,0.0781753430619952,"((1 * fAct(INO2, 0.547941219061613, 1.13853069816483)) * 1 - 1 * ADK1) / 0.111111111111111"
"ADR1",0.409647308566155,0.294493681455343,0.344078081606346,0.397641647882733,0.284581245578704,0.356324720779503,0.397641647882733,0.284581245578704,0.356324720779503,0.273086162698961,0.269316263213709,0.409863113056041,0.273086162698961,0.269316263213709,0.409863113056041,"input gene"
"ASH1",0.111831297839787,0.0510570424158591,0.238482189395286,0.122297476619636,0.0662553161408846,0.289085684371787,0.122297476619636,0.0662553161408846,0.289085684371787,0.0976556812628286,0.0763266625441112,0.402048913319374,0.0976556812628286,0.0763266625441112,0.402048913319374,"((1 * fAct(SWI5, 0.572704822523519, 1.44232678653439)) * 1 - 1 * ASH1) / 0.111111111111111"
"BAR1",0.227920933382023,0.0862110979350913,0.546939296450363,0.102140277122494,0.0401806848646773,0.60529921622169,0.102140277122494,0.0401806848646773,0.60529921622169,0.241459235109166,0.0283487819016675,0.525649725960991,0.241459235109166,0.0283487819016675,0.525649725960991,"(((1 * fAct(SIN3, 0.485206053312868, 1.24911005513277) * (1 - 1 * fAct(UME6, 0.599847618257627, 1.55110106919426)))) * 1 - 1 * BAR1) / 0.111111111111111"
"CAF16",0.297038839199523,-0.0352150109617475,0.115994003319886,0.312941100407371,0.0981979786627609,0.0866531936344369,0.312941100407371,0.0981979786627609,0.0866531936344369,0.31744603283998,0.00294365530773599,0.0255018857403161,0.31744603283998,0.00294365530773599,0.0255018857403161,"input gene"
"CAF4",0.400842838247,0.645686650252167,0.369691545221198,0.408140356124808,0.675442768684471,0.42839188463334,0.408140356124808,0.675442768684471,0.42839188463334,0.359390061420675,0.575989865742731,0.335354387796402,0.359390061420675,0.575989865742731,0.335354387796402,"input gene"
"CAR1",0.506826040907228,0.438714918811431,1.04378174593066,0.569582640745019,0.480054486962016,0.855607194766185,0.569582640745019,0.480054486962016,0.855607194766185,0.539430285462698,0.358068084893054,0.878510331650453,0.539430285462698,0.358068084893054,0.878510331650453,"((((1 - 1 * fAct(UME6, 0.511804112652317, 1.08819670352386)) + 1 * fAct(RAP1, 0.584550441335887, 1.26295575180789) - (1 - 1 * fAct(UME6, 0.511804112652317, 1.08819670352386)) * 1 * fAct(RAP1, 0.584550441335887, 1.26295575180789))) * 1 - 1 * CAR1) / 0.111111111111111"
"CAT2",0.835042010717014,0.836216822325485,0.750607358901379,0.70502490500063,0.623418685888973,0.65235123743659,0.70502490500063,0.623418685888973,0.65235123743659,0.775773106401265,0.661395147135082,0.774128487976071,0.775773106401265,0.661395147135082,0.774128487976071,"((1 * fAct(OAF1_PIP2, 0.444731346797198, 1.52524754813407)) * 1 - 1 * CAT2) / 0.111111111111111"
"CCR4",0.317212222966786,0.025910612419085,0.162902243698427,0.351647616659648,0.043726745183902,0.100607236590045,0.351647616659648,0.043726745183902,0.100607236590045,0.371321877160394,0.142836603545529,0.111037766145163,0.371321877160394,0.142836603545529,0.111037766145163,"input gene"
"CDC19",0.337389148082796,0.428336916632933,1.02074661353689,0.355605670776551,0.525786494837719,1.04183543483229,0.355605670776551,0.525786494837719,1.04183543483229,0.278081463741371,0.492214849133266,1.00485323613911,0.278081463741371,0.492214849133266,1.00485323613911,"((((1 - 1 * fAct(UME6, 0.564824832044542, 1.40201385177905)) + (((1 * fAct(ABF1, 0.472333625750616, 1.53881921649212) * 1 * fAct(RAP1, 0.508684223145247, 1.63632380736526)) * 1 * fAct(REB1, 0.405044518271461, 1.29584181621671)) * 1 * fAct(GCR1_GCR2, 0.502262623980641, 1.47834018946858)) - (1 - 1 * fAct(UME6, 0.564824832044542, 1.40201385177905)) * (((1 * fAct(ABF1, 0.472333625750616, 1.53881921649212) * 1 * fAct(RAP1, 0.508684223145247, 1.63632380736526)) * 1 * fAct(REB1, 0.405044518271461, 1.29584181621671)) * 1 * fAct(GCR1_GCR2, 0.502262623980641, 1.47834018946858)))) * 1 - 1 * CDC19) / 0.111111111111111"
"CDC6",0.168698791739148,0.000579614204633091,0.195085254433473,0.100194148781238,0.0293061216136417,0.181951420781727,0.100194148781238,0.0293061216136417,0.181951420781727,0.101410944440708,-0.00443352869372797,0.238035751692906,0.101410944440708,-0.00443352869372798,0.238035751692906,"(((1 * fAct(SWI5, 0.496582501241937, 1.24737527701771) * (1 - 1 * fAct(ACE2, 0.50307617825456, 1.52077820272651)))) * 1 - 1 * CDC6) / 0.111111111111111"
"CDS1",0.628620659463136,0.487901099185022,-0.041110609756492,0.648292695702924,0.463048611870568,0.0537289566887202,0.648292695702924,0.463048611870568,0.0537289566887202,0.549711958879558,0.510851322122793,-0.0175834563118428,0.549711958879558,0.510851322122793,-0.0175834563118428,"((1 * fAct(INO2_INO4, 0.571116270218045, 1.15206345183309)) * 1 - 1 * CDS1) / 0.111111111111111"
"CHO1",0.637520536514632,0.481024815836661,0.0136294259252401,0.558188078019052,0.449836298753698,0.0792016376968158,0.558188078019052,0.449836298753698,0.0792016376968158,0.63313875230556,0.403988323343499,-0.0643932523568918,0.63313875230556,0.403988323343499,-0.0643932523568918,"(((1 * fAct(UME6, 0.402226750319824, 1.10321096000262) * 1 * fAct(INO2_INO4, 0.516964045306668, 1.5799530645553))) * 1 - 1 * CHO1) / 0.111111111111111"
"CHO2",0.487811726372042,0.407200920161335,0.034448257456068,0.642985276408053,0.368601403670471,0.0188836862434171,0.642985276408053,0.368601403670471,0.0188836862434171,0.479179654622495,0.291948836925481,0.00407611322123548,0.479179654622495,0.291948836925481,0.00407611322123548,"(((1 * fAct(UME6, 0.582788437837735, 1.41009255121229) * 1 * fAct(INO2_INO4, 0.448610259639099, 1.55033239466604))) * 1 - 1 * CHO2) / 0.111111111111111"
"CKI1",0.749819273304542,0.712020204697156,-0.103506850134071,0.761798171812402,0.708864233469029,-0.0438486985377703,0.761798171812402,0.708864233469029,-0.0438486985377703,0.795156376387642,0.695865459000022,-0.051248799167008,0.795156376387642,0.695865459000022,-0.051248799167008,"((1 * fAct(INO2_INO4, 0.488915236620232, 1.31565631988226)) * 1 - 1 * CKI1) / 0.111111111111111"
"CRC1",0.829171441741209,0.73424830177249,0.818000280623406,0.802098528225448,0.75249881569963,0.819593238133112,0.802098528225448,0.75249881569963,0.819593238133112,0.789379668930736,0.880411622909779,0.771915170126744,0.789379668930736,0.880411622909779,0.771915170126744,"((1 * fAct(OAF1_PIP2, 0.441438825940713, 1.60791883275146)) * 1 - 1 * CRC1) / 0.111111111111111"
"CTA1",0.413550943466528,0.562705191728114,0.973345496634477,0.515466079711049,0.696091203771191,0.874691240801127,0.515466079711049,0.696091203771191,0.874691240801127,0.425371114588722,0.623156555346812,0.919720814071932,0.425371114588722,0.623156555346812,0.919720814071932,"((((1 - 1 * fAct(UME6, 0.5918233204633, 1.0627691566851)) + (1 * fAct(ADR1, 0.581218587094918, 1.51711813371629) * 1 * fAct(OAF1_PIP2, 0.432493921369314, 1.14704786115559)) - (1 - 1 * fAct(UME6, 0.5918233204633, 1.0627691566851)) * (1 * fAct(ADR1, 0.581218587094918, 1.51711813371629) * 1 * fAct(OAF1_PIP2, 0.432493921369314, 1.14704786115559)))) * 1 - 1 * CTA1) / 0.111111111111111"
"CTS1",0.0248573295895996,-0.0960194048454054,0.048299845880903,-0.041415742274717,-0.050380415853613,0.125389175509595,-0.041415742274717,-0.050380415853613,0.125389175509595,0.123373019358258,-0.0076538854873339,0.0411995112785468,0.123373019358258,-0.0076538854873339,0.0411995112785468,"(((1 * fAct(SWI5, 0.542371094226837, 1.35692068432691) * (1 * fAct(ACE2, 0.499520070571452, 1.31848888029112) * 1 * fAct(SNF2, 0.437063802266493, 1.17017533692997)))) * 1 - 1 * CTS1) / 0.111111111111111"
"DCI1",0.442947382507594,0.664507112380112,0.587730248972416,0.630448236512833,0.518719093084302,0.551622064130199,0.630448236512833,0.518719093084302,0.551622064130199,0.55286919196309,0.569675856620755,0.680499034873921,0.55286919196309,0.569675856620755,0.680499034873921,"((1 * fAct(OAF1_PIP2, 0.598030219972134, 1.10206648965599)) * 1 - 1 * DCI1) / 0.111111111111111"
"DED1",0.0239348962449786,0.287995860234731,0.389447612502734,-0.0348806894889124,0.182460891175981,0.208725813011023,-0.0348806894889124,0.182460891175981,0.208725813011023,0.0525305246548897,0.212476590010298,0.308990561398145,0.0525305246548897,0.212476590010298,0.308990561398145,"((1 * fAct(ABF1, 0.466984594007954, 1.30964154151268)) * 1 - 1 * DED1) / 0.111111111111111"
"DIT1",0.119202542428445,0.172654127143989,0.0544776227767666,0.172609427487896,0.153744322960257,0.0548824746171312,0.172609427487896,0.153744322960257,0.0548824746171309,0.101445301631585,0.174808670377313,0.144815231757972,0.101445301631585,0.174808670377313,0.144815231757972,"((((1 * fAct(IME1, 0.427664371626452, 1.06480465660105) * 1 * fAct(RIM101, 0.488768701115623, 1.07519889558665)) * (1 - 1 * fAct(SSN6_TUP1, 0.447988485731184, 1.20322362326086)))) * 1 - 1 * DIT1) / 0.111111111111111"
"DIT2",0.761968005946589,0.631633316951915,0.63556274850866,0.618302780995135,0.750452051986969,0.646128559569602,0.618302780995135,0.750452051986969,0.646128559569602,0.745521740570276,0.757427725167063,0.66440048825653,0.745521740570276,0.757427725167063,0.66440048825653,"((((1 - 1 * fAct(SSN6_TUP1, 0.444200399424881, 1.42012641418958)) + 1 * fAct(RIM101, 0.442817702516913, 1.13238483598689) - (1 - 1 * fAct(SSN6_TUP1, 0.444200399424881, 1.42012641418958)) * 1 * fAct(RIM101, 0.442817702516913, 1.13238483598689))) * 1 - 1 * DIT2) / 0.111111111111111"
"DMC1",0.238994461436911,0.400886070444984,0.873071149392448,0.305001684034893,0.416937593849484,0.968953119924684,0.305001684034893,0.416937593849484,0.968953119924684,0.335830615030273,0.37916321362904,0.986433259790715,0.335830615030273,0.37916321362904,0.986433259790715,"(((1 - 1 * fAct(UME6, 0.517626125970855, 1.53656374482904))) * 1 - 1 * DMC1) / 0.111111111111111"
"ECI1",0.622495728002128,0.624941647794473,0.627308753779315,0.655420981955015,0.646871364091068,0.673332543327719,0.655420981955015,0.646871364091068,0.673332543327719,0.660831164683866,0.719755914281814,0.651320318978108,0.660831164683866,0.719755914281814,0.651320318978108,"((1 * fAct(OAF1_PIP2, 0.542915152851492, 1.40259723861003)) * 1 - 1 * ECI1) / 0.111111111111111"
"EGT2",0.228213902071099,-0.0297342482267609,0.227028392577842,0.214033194802602,0.00038326401934766,0.099760400362561,0.214033194802602,0.000383264019347662,0.099760400362561,0.0923020627973232,0.0925475634280511,0.208604983867201,0.0923020627973232,0.0925475634280511,0.208604983867201,"(((1 * fAct(SWI5, 0.433636852540076, 1.34803539301036) * 1 * fAct(ACE2, 0.542417780915275, 1.20205768242478))) * 1 - 1 * EGT2) / 0.111111111111111"
"ENO1",0.309843106042241,0.0332779118229167,0.180501268063073,0.307715999655622,-0.00646764276973975,0.214879532519854,0.307715999655622,-0.00646764276973975,0.214879532519854,0.250737461843241,0.0517364345481578,0.210457089580754,0.250737461843241,0.0517364345481578,0.210457089580754,"((((1 * fAct(RAP1, 0.456851050117984, 1.06135586703895) * 1 * fAct(GCR1_GCR2, 0.488799579115584, 1.55480947809294)) * (1 - 1 * fAct(REB1, 0.504592067701742, 1.07832775485469)))) * 1 - 1 * ENO1) / 0.111111111111111"
"ENO2",0.435443501180944,0.0423367662587083,0.231534147767627,0.261288233492244,0.0181674239133567,0.235816824440916,0.261288233492244,0.0181674239133567,0.235816824440916,0.40761137276606,0.0876552150278877,0.297606704448674,0.40761137276606,0.0876552150278877,0.297606704448674,"(((1 * fAct(RAP1, 0.560851436667144, 1.06772369177779) * 1 * fAct(GCR1_GCR2, 0.447611589776352, 1.20459340369795))) * 1 - 1 * ENO2) / 0.111111111111111"
"EPT1",0.638996607996602,0.632553655769076,0.0171265460400096,0.755635897360367,0.556258550507717,0.0165166731724401,0.755635897360367,0.556258550507717,0.0165166731724401,0.683910201923175,0.550768737993694,-0.047450901168163,0.683910201923175,0.550768737993694,-0.047450901168163,"((1 * fAct(INO2_INO4, 0.592911105742678, 1.11800297374139)) * 1 - 1 * EPT1) / 0.111111111111111"
"ERG10",0.78811401962118,0.427828129042764,0.534368010747913,0.654228957422605,0.491688897757196,0.60084981521674,0.654228957422605,0.491688897757196,0.60084981521674,0.725237320399607,0.491005981796454,0.530843464804688,0.725237320399607,0.491005981796454,0.530843464804688,"(((1 - 1 * fAct(HDA1, 0.479635901656002, 1.53970427458407))) * 1 - 1 * ERG10) / 0.111111111111111"
"FAA2",0.723674038188157,0.66281452444996,0.65449089506618,0.690024260450675,0.608857194485766,0.719421764619727,0.690024260450675,0.608857194485766,0.719421764619727,0.689762238684089,0.679354706062247,0.689355700354306,0.689762238684089,0.679354706062247,0.689355700354306,"((1 * fAct(OAF1_PIP2, 0.499812671495602, 1.24400354923448)) * 1 - 1 * FAA2) / 0.111111111111111"
"FAS1",0.182066059638225,0.0370029750770387,0.0088507693536401,0.174620591903811,-0.0337300191590133,0.058215503851809,0.174620591903811,-0.0337300191590133,0.058215503851809,0.270948451851644,-0.00337165275626357,-0.030743011547488,0.270948451851644,-0.00337165275626357,-0.030743011547488,"(((1 * fAct(INO2_INO4, 0.532606690423563, 1.47973176716361) * 1 * fAct(REB1, 0.575972801353782, 1.3847863387852))) * 1 - 1 * FAS1) / 0.111111111111111"
"FAS2",0.281171104079696,0.0526569630242331,0.0271919279000585,0.286155075101903,-0.0500875114761335,-0.0181026048634263,0.286155075101903,-0.0500875114761335,-0.0181026048634263,0.237330649624171,0.0127195140407047,0.000110005811719639,0.237330649624171,0.0127195140407047,0.000110005811719639,"(((1 * fAct(INO2_INO4, 0.537736611627042, 1.51160080318805) * 1 * fAct(REB1, 0.52248697783798, 1.12725115512731))) * 1 - 1 * FAS2) / 0.111111111111111"
"FKS1",0.126215574269251,-0.0848412515298578,0.0744900878862595,0.224151133386457,0.0967972520946936,0.0515921091502162,0.224151133386457,0.0967972520946936,0.0515921091502162,0.118522005966659,0.0813998159167552,0.019632274253529,0.118522005966659,0.0813998159167552,0.019632274253529,"(((1 * fAct(CAF4, 0.479445758089423, 1.6427624666458) * 1 * fAct(CAF16, 0.427955100871623, 1.11102258177707))) * 1 - 1 * FKS1) / 0.111111111111111"
"FLO1",0.560127733298305,0.393449764493901,0.473415276624357,0.576784047094696,0.394177148138357,0.482979434371587,0.576784047094696,0.394177148138357,0.482979434371587,0.622545795480001,0.512357196233673,0.490588486991688,0.622545795480001,0.512357196233673,0.490588486991688,"(((1 - 1 * fAct(SSN6_TUP1, 0.513940617116168, 1.14029882562347))) * 1 - 1 * FLO1) / 0.111111111111111"
"FLO5",0.548711995947932,0.540297893186205,0.473984084431802,0.597987798285193,0.556900580597813,0.575059443217524,0.597987798285193,0.556900580597813,0.575059443217524,0.523421119117259,0.468137363968401,0.573851414239728,0.523421119117259,0.468137363968401,0.573851414239728,"(((1 - 1 * fAct(SSN6_TUP1, 0.539458560897037, 1.50935840290738))) * 1 - 1 * FLO5) / 0.111111111111111"
"FLO8",0.347602183782774,0.283480475478865,0.355429076500627,0.33863692470787,0.310084129415481,0.419204724047307,0.33863692470787,0.310084129415481,0.419204724047307,0.241454595884646,0.328179446237916,0.301607270505485,0.241454595884646,0.328179446237916,0.301607270505485,"input gene"
"FOX2",0.452831436088591,0.515094105068748,1.00961160933097,0.392571783831675,0.474674439213828,0.892460243341034,0.392571783831675,0.474674439213828,0.892460243341034,0.39213217711686,0.447686462414771,1.0110360548361,0.39213217711686,0.447686462414771,1.0110360548361,"((((1 - 1 * fAct(UME6, 0.549323018919676, 1.41130917168921)) + (1 * fAct(ADR1, 0.593772606691346, 1.23823039640672) * 1 * fAct(OAF1_PIP2, 0.586248023016378, 1.4569109115703)) - (1 - 1 * fAct(UME6, 0.549323018919676, 1.41130917168921)) * (1 * fAct(ADR1, 0.593772606691346, 1.23823039640672) * 1 * fAct(OAF1_PIP2, 0.586248023016378, 1.4569109115703)))) * 1 - 1 * FOX2) / 0.111111111111111"
"GAL1",0.889853011729177,0.785280821263054,0.968512697455984,0.683818125314829,0.767041417614665,0.965241818999792,0.683818125314829,0.767041417614665,0.965241818999792,0.789756442468343,0.833609956007844,1.03444391385476,0.789756442468343,0.833609956007844,1.03444391385476,"(((((1 - 1 * fAct(UME6, 0.445904272282496, 1.50980827701511)) + ((1 * fAct(REB1, 0.570872035296634, 1.13785073646344) * 1 * fAct(SNF2, 0.406915050419048, 1.55896196039626)) * 1 * fAct(SNF6, 0.561029517324641, 1.36929347490193)) - (1 - 1 * fAct(UME6, 0.445904272282496, 1.50980827701511)) * ((1 * fAct(REB1, 0.570872035296634, 1.13785073646344) * 1 * fAct(SNF2, 0.406915050419048, 1.55896196039626)) * 1 * fAct(SNF6, 0.561029517324641, 1.36929347490193))) + ((1 - 1 * fAct(CAF4, 0.442791291605681, 1.3222298868373)) + (1 - 1 * fAct(HDA1_TUP1, 0.435851594666019, 1.13713842837606)) - (1 - 1 * fAct(CAF4, 0.442791291605681, 1.3222298868373)) * (1 - 1 * fAct(HDA1_TUP1, 0.435851594666019, 1.13713842837606))) - ((1 - 1 * fAct(UME6, 0.445904272282496, 1.50980827701511)) + ((1 * fAct(REB1, 0.570872035296634, 1.13785073646344) * 1 * fAct(SNF2, 0.406915050419048, 1.55896196039626)) * 1 * fAct(SNF6, 0.561029517324641, 1.36929347490193)) - (1 - 1 * fAct(UME6, 0.445904272282496, 1.50980827701511)) * ((1 * fAct(REB1, 0.570872035296634, 1.13785073646344) * 1 * fAct(SNF2, 0.406915050419048, 1.55896196039626)) * 1 * fAct(SNF6, 0.561029517324641, 1.36929347490193))) * ((1 - 1 * fAct(CAF4, 0.442791291605681, 1.3222298868373)) + (1 - 1 * fAct(HDA1_TUP1, 0.435851594666019, 1.13713842837606)) - (1 - 1 * fAct(CAF4, 0.442791291605681, 1.3222298868373)) * (1 - 1 * fAct(HDA1_TUP1, 0.435851594666019, 1.13713842837606))))) * 1 - 1 * GAL1) / 0.111111111111111"
"GAL10",0.746544113285223,0.807174807154132,0.797806746313555,0.839773487274587,0.899766497353121,0.943615021045434,0.839773487274587,0.899766497353121,0.943615021045434,0.766890216815928,0.989448013869335,0.959975232637928,0.766890216815928,0.989448013869335,0.959975232637928,"(((1 * fAct(SNF6, 0.554436223162338, 1.09892630851828) + (1 - 1 * fAct(HDA1_TUP1, 0.491999547742307, 1.6826235792134)) - 1 * fAct(SNF6, 0.554436223162338, 1.09892630851828) * (1 - 1 * fAct(HDA1_TUP1, 0.491999547742307, 1.6826235792134)))) * 1 - 1 * GAL10) / 0.111111111111111"
"GCR1_GCR2",0.823386279594854,0.447350044920928,0.621196470226419,0.83931110762258,0.397835764988066,0.572113756455565,0.83931110762258,0.397835764988066,0.572113756455565,0.712492325338797,0.358797495554639,0.58929286129458,0.712492325338797,0.358797495554639,0.58929286129458,"input gene"
"GPD1",0.359956478180302,0.145476249604694,0.456663029127649,0.368977419394928,0.100973525377325,0.437588180168912,0.368977419394928,0.100973525377325,0.437588180168912,0.302536588368193,0.099215052226059,0.485837661089224,0.302536588368193,0.099215052226059,0.485837661089224,"((1 * fAct(RAP1, 0.52398604019545, 1.05931797740748)) * 1 - 1 * GPD1) / 0.111111111111111"
"GUT1",0.409841136994121,0.128962792343024,-0.0548248609949539,0.344451514133951,0.126337709065737,0.0746443506926145,0.344451514133951,0.126337709065737,0.0746443506926145,0.386643763548597,0.190137087472566,0.0285431556029256,0.386643763548597,0.190137087472566,0.0285431556029256,"(((1 * fAct(INO2_INO4, 0.531811536243185, 1.32328238888178) * 1 * fAct(ADR1, 0.418277091579512, 1.65425246080384))) * 1 - 1 * GUT1) / 0.111111111111111"
"HDA1",0.241578991926226,0.414950945043508,0.33626556255556,0.170735151614863,0.476251679606411,0.431215916394319,0.170735151614863,0.476251679606411,0.431215916394319,0.328720732508206,0.425577115516372,0.407676244531458,0.328720732508206,0.425577115516372,0.407676244531458,"input gene"
"HDA1_TUP1",0.385567362188122,0.468389990025627,0.423095385520084,0.550248972827304,0.494326296097791,0.469042458797856,0.550248972827304,0.494326296097791,0.469042458797856,0.432598670743615,0.419431172768739,0.343221174120562,0.432598670743615,0.419431172768739,0.343221174120562,"input gene"
"HHF1",0.509503391362026,0.290704218533935,0.551460587171647,0.485546429128991,0.27095541033193,0.625652176086414,0.485546429128991,0.27095541033193,0.625652176086414,0.571111105088967,0.353643307395197,0.549228194005352,0.571111105088967,0.353643307395197,0.549228194005352,"((1 * fAct(SPT21, 0.505755413649604, 1.27146395838587)) * 1 - 1 * HHF1) / 0.111111111111111"
"HHF2",0.364537268390415,0.24484273131382,0.427650125262433,0.533000492306683,0.227743096364772,0.520602011997859,0.533000492306683,0.227743096364772,0.520602011997859,0.438948089547103,0.26428704699586,0.477404679463557,0.438948089547103,0.26428704699586,0.477404679463557,"((1 * fAct(SPT21, 0.599464393313974, 1.04905488054734)) * 1 - 1 * HHF2) / 0.111111111111111"
"HNM1",0.752663542049179,0.52138263103355,0.0639292310622349,0.612608537257872,0.516953391918348,0.0270140368866311,0.612608537257872,0.516953391918348,0.0270140368866311,0.837379101154753,0.521594508461777,0.110352309822516,0.837379101154753,0.521594508461777,0.110352309822516,"((1 * fAct(INO2_INO4, 0.548343513859436, 1.07813133903546)) * 1 - 1 * HNM1) / 0.111111111111111"
"HO",0.0351791780719969,-0.00707499424252373,-0.0333311289525572,-0.0915406405044453,-0.012167884701386,0.0809323079015729,-0.0915406405044453,-0.012167884701386,0.0809323079015729,-0.052611683496504,0.000118754182384195,0.0710234552934565,-0.052611683496504,0.000118754182384194,0.0710234552934565,"(((((((((1 * fAct(ACE2, 0.435942793218419, 1.33955221089069) * 1 * fAct(CAF16, 0.429951411066577, 1.1947888096259)) * 1 * fAct(CAF4, 0.4907838803716, 1.53525829665828)) * 1 * fAct(SIN3, 0.59609102983959, 1.2338542858907)) * 1 * fAct(SNF5, 0.431618924252689, 1.40481120135635)) * 1 * fAct(SNF6, 0.596545470273122, 1.60859970133984)) * 1 * fAct(SWI3, 0.564895603340119, 1.05685931357555)) * 1 * fAct(SWI5, 0.585965506592765, 1.19513787260046))) * 1 - 1 * HO) / 0.111111111111111"
"HOP1",0.915981980927595,1.02688450084469,1.06241035912404,0.938526413098046,0.915562003980924,0.948288517498067,0.938526413098046,0.915562003980924,0.948288517498067,0.980045400208811,0.996187247463442,0.910695082213139,0.980045400208811,0.996187247463442,0.910695082213139,"((((1 - 1 * fAct(UME6, 0.586448424309492, 1.56492765553528)) + 1 * fAct(IME1, 0.578214064473286, 1.5503957263846) - (1 - 1 * fAct(UME6, 0.586448424309492, 1.56492765553528)) * 1 * fAct(IME1, 0.578214064473286, 1.5503957263846))) * 1 - 1 * HOP1) / 0.111111111111111"
"HUG1",0.507316087250318,0.326486712492087,0.470549026357763,0.47574862715094,0.333367960253962,0.485749002210569,0.47574862715094,0.333367960253962,0.485749002210569,0.448290026043979,0.48767030444076,0.504945760514578,0.448290026043979,0.48767030444076,0.504945760514578,"(((1 - 1 * fAct(SSN6_TUP1, 0.497594659449533, 1.0960123509448))) * 1 - 1 * HUG1) / 0.111111111111111"
"IDP3",0.60255025558788,0.550471944594457,0.743786743824589,0.602636272846995,0.644020580243842,0.804034138602771,0.602636272846995,0.644020580243842,0.804034138602771,0.64622331818786,0.655203293033964,0.687414169301425,0.64622331818786,0.655203293033964,0.687414169301425,"((1 * fAct(OAF1_PIP2, 0.540349856065586, 1.13547307169763)) * 1 - 1 * IDP3) / 0.111111111111111"
"ILV2",0.3343718041206,0.437978527199444,0.939014756937227,0.292825518889842,0.390997499742535,0.9333275133845,0.292825518889842,0.390997499742535,0.9333275133845,0.252342525353522,0.4549678695353,0.889126202892398,0.252342525353522,0.4549678695353,0.889126202892398,"(((1 - 1 * fAct(UME6, 0.503479300020263, 1.21118989344686))) * 1 - 1 * ILV2) / 0.111111111111111"
"IME1",0.972951906431413,0.9956016591036,1.05091489837607,1.01804915871718,1.08550941820829,1.04810216625422,1.01804915871718,1.08550941820829,1.04810216625422,0.990925393602372,0.913514341054559,0.965796673723169,0.990925393602372,0.913514341054559,0.965796673723169,"((((1 * fAct(IME4, 0.455282931821421, 1.41848174529849) * 1 * fAct(RIM101, 0.430619716644287, 1.08755058774492)) + ((1 - 1 * fAct(RME1, 0.569673691689968, 1.33608580185566)) + (1 - 1 * fAct(IME1_UME6, 0.51497751371935, 1.68872947554803)) - (1 - 1 * fAct(RME1, 0.569673691689968, 1.33608580185566)) * (1 - 1 * fAct(IME1_UME6, 0.51497751371935, 1.68872947554803))) - (1 * fAct(IME4, 0.455282931821421, 1.41848174529849) * 1 * fAct(RIM101, 0.430619716644287, 1.08755058774492)) * ((1 - 1 * fAct(RME1, 0.569673691689968, 1.33608580185566)) + (1 - 1 * fAct(IME1_UME6, 0.51497751371935, 1.68872947554803)) - (1 - 1 * fAct(RME1, 0.569673691689968, 1.33608580185566)) * (1 - 1 * fAct(IME1_UME6, 0.51497751371935, 1.68872947554803))))) * 1 - 1 * IME1) / 0.111111111111111"
"IME1_UME6",0.215121407226523,0.207731204293896,-0.0569693722062645,0.2345972215082,0.181158071700437,0.0935819248687422,0.2345972215082,0.181158071700437,0.0935819248687423,0.228263381865708,0.214209448926383,-0.0167325722031228,0.228263381865708,0.214209448926383,-0.0167325722031228,"((((1 * fAct(RIM101, 0.425050213793293, 1.21041602211073) * 1 * fAct(IME4, 0.424831861490384, 1.34369416832458)) * (1 - 1 * fAct(RME1, 0.550557131832466, 1.35449654292781)))) * 1 - 1 * IME1_UME6) / 0.111111111111111"
"IME2",0.999100675495263,0.866378064013878,0.940328746258496,0.937772089134276,0.979357960148695,0.97498381534816,0.937772089134276,0.979357960148695,0.97498381534816,1.00762358791358,0.996850440602062,1.00430350669584,1.00762358791358,0.996850440602062,1.00430350669584,"(((((1 - 1 * fAct(UME6, 0.48381043379195, 1.25027500827331)) + 1 * fAct(IME1, 0.563441710127518, 1.19552577315131) - (1 - 1 * fAct(UME6, 0.48381043379195, 1.25027500827331)) * 1 * fAct(IME1, 0.563441710127518, 1.19552577315131)) + (1 - 1 * fAct(SDS3, 0.55779563463293, 1.12676094904775)) - ((1 - 1 * fAct(UME6, 0.48381043379195, 1.25027500827331)) + 1 * fAct(IME1, 0.563441710127518, 1.19552577315131) - (1 - 1 * fAct(UME6, 0.48381043379195, 1.25027500827331)) * 1 * fAct(IME1, 0.563441710127518, 1.19552577315131)) * (1 - 1 * fAct(SDS3, 0.55779563463293, 1.12676094904775)))) * 1 - 1 * IME2) / 0.111111111111111"
"IME4",0.719005471367374,0.61753937842498,0.78251448070639,0.630384696149042,0.669825703227684,0.7029342843207,0.630384696149042,0.669825703227684,0.7029342843207,0.646172436213348,0.575581513748897,0.737262889007328,0.646172436213348,0.575581513748897,0.737262889007328,"input gene"
"INH1",0.695963124290341,0.507413161448418,0.729153539583237,0.735976802623528,0.387234860472335,0.691653313666381,0.735976802623528,0.387234860472335,0.691653313666381,0.744071979003432,0.454110820343798,0.607175182743508,0.744071979003432,0.454110820343798,0.607175182743508,"(((1 - 1 * fAct(HDA1, 0.49582917955704, 1.1306592183141))) * 1 - 1 * INH1) / 0.111111111111111"
"INO1",0.815087724828381,0.819176847131735,0.993982663467854,0.970179208664547,0.892674059859411,0.966150112982148,0.970179208664547,0.892674059859411,0.966150112982148,0.876820646760909,0.770108769445039,0.952311778739037,0.876820646760909,0.770108769445039,0.952311778739037,"(((((1 - 1 * fAct(UME6, 0.563163102744147, 1.09521868714131)) + ((1 * fAct(INO2_INO4, 0.442682830942795, 1.16468134464463) * 1 * fAct(SNF2, 0.47797801559791, 1.06013865664369)) * 1 * fAct(SNF6, 0.501644258154556, 1.11563631757163)) - (1 - 1 * fAct(UME6, 0.563163102744147, 1.09521868714131)) * ((1 * fAct(INO2_INO4, 0.442682830942795, 1.16468134464463) * 1 * fAct(SNF2, 0.47797801559791, 1.06013865664369)) * 1 * fAct(SNF6, 0.501644258154556, 1.11563631757163))) + ((1 - 1 * fAct(HDA1, 0.530992630356923, 1.33643064222299)) + (1 - 1 * fAct(SDS3, 0.412197856185958, 1.37385670488235)) - (1 - 1 * fAct(HDA1, 0.530992630356923, 1.33643064222299)) * (1 - 1 * fAct(SDS3, 0.412197856185958, 1.37385670488235))) - ((1 - 1 * fAct(UME6, 0.563163102744147, 1.09521868714131)) + ((1 * fAct(INO2_INO4, 0.442682830942795, 1.16468134464463) * 1 * fAct(SNF2, 0.47797801559791, 1.06013865664369)) * 1 * fAct(SNF6, 0.501644258154556, 1.11563631757163)) - (1 - 1 * fAct(UME6, 0.563163102744147, 1.09521868714131)) * ((1 * fAct(INO2_INO4, 0.442682830942795, 1.16468134464463) * 1 * fAct(SNF2, 0.47797801559791, 1.06013865664369)) * 1 * fAct(SNF6, 0.501644258154556, 1.11563631757163))) * ((1 - 1 * fAct(HDA1, 0.530992630356923, 1.33643064222299)) + (1 - 1 * fAct(SDS3, 0.412197856185958, 1.37385670488235)) - (1 - 1 * fAct(HDA1, 0.530992630356923, 1.33643064222299)) * (1 - 1 * fAct(SDS3, 0.412197856185958, 1.37385670488235))))) * 1 - 1 * INO1) / 0.111111111111111"
"INO2",0.522599543520597,0.33282357595759,-0.00960993999414556,0.473172311193859,0.424022490927412,-0.0300920401075618,0.473172311193859,0.424022490927412,-0.0300920401075618,0.521486457683781,0.400364700272743,0.0222677637045751,0.521486457683781,0.400364700272743,0.0222677637045751,"(((1 * fAct(UME6, 0.444857061840594, 1.69784512178507) * 1 * fAct(INO2_INO4, 0.561033436655998, 1.67286777437665))) * 1 - 1 * INO2) / 0.111111111111111"
"INO2_INO4",0.732170218900667,0.68786223964917,-0.0656653490548166,0.699670594807287,0.552879458016385,0.093229323094078,0.699670594807287,0.552879458016385,0.093229323094078,0.70878665313995,0.551732699968749,0.11337726078364,0.70878665313995,0.551732699968749,0.11337726078364,"((1 * fAct(UME6, 0.551776944799349, 1.45951411728514)) * 1 - 1 * INO2_INO4) / 0.111111111111111"
"INO4",0.473615726307586,0.550877847041214,0.426221677448375,0.465113661525179,0.647901017752712,0.440386429075166,0.465113661525179,0.647901017752712,0.440386429075166,0.504000777929285,0.564915150278276,0.432026484739279,0.504000777929285,0.564915150278276,0.432026484739279,"input gene"
"ITR1",0.82588979295242,0.677575192962608,-0.00110204073404364,0.731141261162847,0.757230275631813,-0.00103620252879583,0.731141261162847,0.757230275631813,-0.00103620252879583,0.764290214728415,0.805947680592279,0.0326363899078258,0.764290214728415,0.805947680592279,0.0326363899078258,"((1 * fAct(INO2_INO4, 0.411017273459584, 1.55811909656739)) * 1 - 1 * ITR1) / 0.111111111111111"
"MAK10",0.527752900649501,0.428352606184121,0.463133550033342,0.423596137687787,0.422262987570082,0.675894754295954,0.423596137687787,0.422262987570082,0.675894754295954,0.517187450117482,0.329499311054381,0.490898653589401,0.517187450117482,0.329499311054381,0.490898653589401,"(((1 - 1 * fAct(SSN6_TUP1, 0.499472541641444, 1.32990386035526))) * 1 - 1 * MAK10) / 0.111111111111111"
"MDH3",0.693846638902995,0.552493477578114,0.79577508373453,0.696034017438944,0.623159840523168,0.860261057191448,0.696034017438944,0.623159840523168,0.860261057191448,0.736964465081613,0.745656859927963,0.734041543711851,0.736964465081613,0.745656859927963,0.734041543711851,"((1 * fAct(OAF1_PIP2, 0.4813782336656, 1.24786267793272)) * 1 - 1 * MDH3) / 0.111111111111111"
"MEI4",0.266592867287507,0.415468035043604,0.944020164906927,0.286161372929014,0.424771334234816,1.00323664283628,0.286161372929014,0.424771334234816,1.00323664283628,0.296865190080109,0.392351250742976,0.967573722316844,0.296865190080109,0.392351250742976,0.967573722316844,"(((1 - 1 * fAct(UME6, 0.517421908164397, 1.49119790770346))) * 1 - 1 * MEI4) / 0.111111111111111"
"MEK1",0.414259713139079,0.475690136872784,0.977708224595904,0.336564470758057,0.532637002375488,0.906267552056921,0.336564470758057,0.532637002375488,0.906267552056921,0.357003455133153,0.506584149703138,1.01062833168104,0.357003455133153,0.506584149703138,1.01062833168104,"(((1 - 1 * fAct(UME6, 0.593422585353255, 1.42304832168389))) * 1 - 1 * MEK1) / 0.111111111111111"
"MER1",0.965554955965695,1.03020257370832,1.05102924755403,0.957912852645394,0.924710760211891,0.987183415403078,0.957912852645394,0.924710760211891,0.987183415403078,1.08954063995356,0.953339689714276,0.95183417145409,1.08954063995356,0.953339689714276,0.95183417145409,"((((1 - 1 * fAct(UME6, 0.594636768568307, 1.36884241549531)) + 1 * fAct(IME1, 0.483421463146806, 1.65144028085284) - (1 - 1 * fAct(UME6, 0.594636768568307, 1.36884241549531)) * 1 * fAct(IME1, 0.483421463146806, 1.65144028085284))) * 1 - 1 * MER1) / 0.111111111111111"
"MSN1",0.376564091337215,0.329419674280848,0.417969844216407,0.497851461847453,0.370207394966399,0.375401297217854,0.497851461847453,0.370207394966399,0.375401297217854,0.413058060442362,0.379708496828796,0.450211699214297,0.413058060442362,0.379708496828796,0.450211699214297,"input gene"
"MUC1",0.0293003476322527,0.058307479189443,0.123229660104305,0.0361303658236911,-0.090451054021754,-0.0152205839698337,0.0361303658236911,-0.090451054021754,-0.0152205839698336,-0.125210738203907,0.045172406529583,0.084037001710599,-0.125210738203907,0.045172406529583,0.084037001710599,"((((1 * fAct(ASH1, 0.480847387388349, 1.67341822377872) * 1 * fAct(FLO8, 0.491261285636574, 1.06091551291524)) * 1 * fAct(MSN1, 0.407998458342627, 1.12209150854265))) * 1 - 1 * MUC1) / 0.111111111111111"
"OAF1",0.706961618755877,0.662958229277274,0.856303786625128,0.609431061019215,0.702128096931384,0.676083616110797,0.609431061019215,0.702128096931384,0.676083616110797,0.615573320431287,0.65224258194126,0.684670364596867,0.615573320431287,0.65224258194126,0.684670364596867,"((1 * fAct(OAF1_PIP2, 0.436625652108341, 1.51230524730403)) * 1 - 1 * OAF1) / 0.111111111111111"
"OAF1_PIP2",0.6588786144853,0.662720835177757,0.772529694906228,0.662909804716633,0.539507748530464,0.750335400960955,0.662909804716633,0.539507748530464,0.750335400960955,0.568382532738595,0.58426462029683,0.695956069813657,0.568382532738595,0.58426462029683,0.695956069813657,"input gene"
"OPI3",0.328490407142734,0.343772633362512,-0.00740145010210889,0.323918046127103,0.213650099865531,0.0564856661279097,0.323918046127103,0.213650099865531,0.0564856661279097,0.429878398250873,0.265382957604923,-0.0723746255442849,0.429878398250873,0.265382957604923,-0.0723746255442849,"(((1 * fAct(UME6, 0.584284936450422, 1.38982665349962) * 1 * fAct(INO2_INO4, 0.578246447257698, 1.33537901670206))) * 1 - 1 * OPI3) / 0.111111111111111"
"PCL2",0.341338237649827,0.0906690714960025,0.417467067309597,0.304947776033205,0.0358697186748924,0.430439984540986,0.304947776033205,0.0358697186748924,0.430439984540986,0.268812672440115,-0.0127688434440323,0.494254973872127,0.268812672440115,-0.0127688434440323,0.494254973872127,"((1 * fAct(SWI5, 0.41922167763114, 1.27623611006886)) * 1 - 1 * PCL2) / 0.111111111111111"
"PCL9",0.24157234111202,0.0183069279967128,0.456870685801305,0.310489942426821,-0.0506767855927267,0.463303989183939,0.310489942426821,-0.0506767855927267,0.463303989183939,0.340635764962566,-0.0473340650938048,0.445961253029393,0.340635764962566,-0.0473340650938048,0.445961253029393,"((1 * fAct(SWI5, 0.451558758877218, 1.50495819570497)) * 1 - 1 * PCL9) / 0.111111111111111"
"PEX1",0.475988497081802,0.638258756778081,0.958528958005941,0.611659348179765,0.652292375904278,0.920094113369118,0.611659348179765,0.652292375904278,0.920094113369118,0.628678697286303,0.618038769990044,0.971066541472884,0.628678697286303,0.618038769990044,0.971066541472884,"((((1 - 1 * fAct(UME6, 0.490809950511903, 1.363076088659)) + 1 * fAct(ADR1, 0.442874150490388, 1.64270305390004) - (1 - 1 * fAct(UME6, 0.490809950511903, 1.363076088659)) * 1 * fAct(ADR1, 0.442874150490388, 1.64270305390004))) * 1 - 1 * PEX1) / 0.111111111111111"
"PEX11",0.523354591498892,0.477313914596739,0.559116023300622,0.560796209030672,0.540260607282422,0.630695484239309,0.560796209030672,0.540260607282422,0.630695484239309,0.582857571419593,0.498401094986861,0.65339073891409,0.582857571419593,0.498401094986861,0.65339073891409,"((1 * fAct(OAF1_PIP2, 0.591948361508548, 1.41724147314439)) * 1 - 1 * PEX11) / 0.111111111111111"
"PEX5",0.733426565819266,0.665793783359764,0.736062321383406,0.750792560341253,0.565798139725565,0.686273507281969,0.750792560341253,0.565798139725565,0.686273507281969,0.674004553332999,0.509855585266909,0.666333223418479,0.674004553332999,0.509855585266909,0.666333223418479,"((1 * fAct(OAF1_PIP2, 0.539596153888851, 1.40197092766874)) * 1 - 1 * PEX5) / 0.111111111111111"
"PGI1",0.745509814083332,0.30642999459397,0.474623831332766,0.745699016788751,0.361673297081753,0.513333486844643,0.745699016788751,0.361673297081753,0.513333486844643,0.726362917602102,0.320978767826033,0.543326513791739,0.726362917602102,0.320978767826033,0.543326513791739,"((1 * fAct(GCR1_GCR2, 0.568674191087484, 1.68438596637454)) * 1 - 1 * PGI1) / 0.111111111111111"
"PGM1",0.926923511571122,0.511534717794371,0.697064169871418,0.825988551303535,0.51965123681075,0.686464153764109,0.825988551303535,0.51965123681075,0.686464153764109,0.943465809302263,0.488756838141316,0.709465393085458,0.943465809302263,0.488756838141316,0.709465393085458,"((1 * fAct(GCR1_GCR2, 0.409053773526102, 1.53037007580977)) * 1 - 1 * PGM1) / 0.111111111111111"
"PGS1",0.862793795025024,0.668732305521454,-0.10645009947998,0.844737558204098,0.772318867428731,0.065986438405729,0.844737558204098,0.772318867428731,0.065986438405729,0.752403096132718,0.708524504189053,-0.026908064094141,0.752403096132718,0.708524504189053,-0.026908064094141,"((1 * fAct(INO2_INO4, 0.402858402533457, 1.28875097826822)) * 1 - 1 * PGS1) / 0.111111111111111"
"PHO23",0.101490536813071,0.540514484890936,0.542606589195349,0.0793685299263374,0.650921553311266,0.440442272376754,0.0793685299263374,0.650921553311266,0.440442272376754,0.0702926629378354,0.658581127309897,0.59391112392719,0.0702926629378354,0.658581127309897,0.59391112392719,"input gene"
"PHO3",0.696760567084027,0.646156548619644,0.566407146340203,0.754250583646124,0.636667886316375,0.714761832012983,0.754250583646124,0.636667886316375,0.714761832012983,0.873467239172732,0.662144717140471,0.71771473011416,0.873467239172732,0.662144717140471,0.71771473011416,"(((1 - 1 * fAct(HDA1, 0.551735329534858, 1.69774222216103))) * 1 - 1 * PHO3) / 0.111111111111111"
"PHO5",0.218142255803228,0.0742012153777305,0.0283151114779208,0.161614650449223,-0.0310128260435869,0.0647833993038249,0.161614650449223,-0.0310128260435869,0.0647833993038249,0.0829516554054171,0.00279513135587673,0.006102034951055,0.0829516554054171,0.00279513135587673,0.006102034951055,"(((((1 * fAct(INO2, 0.420903363404796, 1.69715079833521) * 1 * fAct(SIN3, 0.44633559496142, 1.42838074124651)) * 1 * fAct(SPT21, 0.553373298048973, 1.09651125783799)) * ((1 - 1 * fAct(HDA1, 0.583693846128881, 1.64510166301625)) + (1 - 1 * fAct(PHO23, 0.582004735199735, 1.04974371142685)) - (1 - 1 * fAct(HDA1, 0.583693846128881, 1.64510166301625)) * (1 - 1 * fAct(PHO23, 0.582004735199735, 1.04974371142685))))) * 1 - 1 * PHO5) / 0.111111111111111"
"PMA1",0.169488147683737,-0.0306506904930522,-0.00378557953000966,0.248610192196195,0.100976071025561,0.021937952294614,0.248610192196195,0.100976071025561,0.021937952294614,0.186261244862165,0.0121741378415919,0.00760729555990359,0.186261244862165,0.0121741378415919,0.0076072955599036,"(((1 * fAct(RAP1, 0.53579562860541, 1.56341826157179) * 1 * fAct(INO2, 0.41329901474528, 1.16174585264176))) * 1 - 1 * PMA1) / 0.111111111111111"
"POP2",0.553196912255149,0.347839574815925,0.426212419963175,0.447876428515891,0.417537258104745,0.449795575643527,0.447876428515891,0.417537258104745,0.449795575643527,0.406121563584964,0.376403950628608,0.489904799799618,0.406121563584964,0.376403950628608,0.489904799799618,"input gene"
"POT1",0.341399096582634,0.372465669494963,1.01974342034733,0.305980487750593,0.419634240593442,0.970381009373863,0.305980487750593,0.419634240593442,0.970381009373863,0.29947420709089,0.466889274630081,0.936731806501333,0.29947420709089,0.466889274630081,0.936731806501333,"((((1 - 1 * fAct(UME6, 0.522948080068454, 1.03592363844626)) + ((1 * fAct(ABF1, 0.492779513634741, 1.36565881768474) * 1 * fAct(ADR1, 0.411837198305875, 1.62660089577781)) * 1 * fAct(OAF1_PIP2, 0.459243218461052, 1.52624416666105)) - (1 - 1 * fAct(UME6, 0.522948080068454, 1.03592363844626)) * ((1 * fAct(ABF1, 0.492779513634741, 1.36565881768474) * 1 * fAct(ADR1, 0.411837198305875, 1.62660089577781)) * 1 * fAct(OAF1_PIP2, 0.459243218461052, 1.52624416666105)))) * 1 - 1 * POT1) / 0.111111111111111"
"POX1",0.883497232365631,0.830603274978181,0.997078241475124,0.888462890335083,0.892932749733801,1.00695910223691,0.888462890335083,0.892932749733801,1.00695910223691,0.916485774770734,0.890727977271647,0.984759929916098,0.916485774770734,0.890727977271647,0.984759929916098,"((((1 - 1 * fAct(UME6, 0.590189054096118, 1.3729468732723)) + 1 * fAct(OAF1_PIP2, 0.453747838363051, 1.65742044569924) - (1 - 1 * fAct(UME6, 0.590189054096118, 1.3729468732723)) * 1 * fAct(OAF1_PIP2, 0.453747838363051, 1.65742044569924))) * 1 - 1 * POX1) / 0.111111111111111"
"PRB1",0.825282907638047,0.629401173523135,0.921168433650582,0.833341135484341,0.623329201132213,0.926830678419522,0.833341135484341,0.623329201132213,0.926830678419522,0.919653621035436,0.707369989284298,0.999810775142466,0.919653621035436,0.707369989284298,0.999810775142466,"((((1 - 1 * fAct(SNF2, 0.527552248025313, 1.61913924964843)) + (1 - 1 * fAct(SNF5, 0.48346848138608, 1.63616459897486)) - (1 - 1 * fAct(SNF2, 0.527552248025313, 1.61913924964843)) * (1 - 1 * fAct(SNF5, 0.48346848138608, 1.63616459897486)))) * 1 - 1 * PRB1) / 0.111111111111111"
"PSD1",0.58604896347298,0.461173951872803,-0.020395309406869,0.552426678909669,0.499540022188594,0.17318211440806,0.552426678909669,0.499540022188594,0.17318211440806,0.661961485208317,0.403432111403726,-0.0469776547450607,0.661961485208317,0.403432111403726,-0.0469776547450607,"((1 * fAct(INO2_INO4, 0.589537844015285, 1.27376169740921)) * 1 - 1 * PSD1) / 0.111111111111111"
"PXA1",0.758747992006918,0.618318469675868,0.689679111838818,0.700413558561835,0.567636202073803,0.675992761418431,0.700413558561835,0.567636202073803,0.675992761418431,0.523470034857712,0.578390560468713,0.618458482549186,0.523470034857712,0.578390560468713,0.618458482549186,"((1 * fAct(OAF1_PIP2, 0.595985570596531, 1.58610020938795)) * 1 - 1 * PXA1) / 0.111111111111111"
"PXA2",0.55082151642303,0.59106897387567,0.738684291523176,0.712270170385419,0.590038303724378,0.614218726897243,0.712270170385419,0.590038303724378,0.614218726897243,0.743501520782527,0.558228344119114,0.742579813144447,0.743501520782527,0.558228344119114,0.742579813144447,"((1 * fAct(OAF1_PIP2, 0.529771753121167, 1.18638812867925)) * 1 - 1 * PXA2) / 0.111111111111111"
"QDR1",0.860282315608045,0.595705402043567,0.838686390391305,0.833208260772282,0.687983513810412,0.823970966233346,0.833208260772282,0.687983513810412,0.823970966233346,0.824681985820864,0.619870961209044,0.900493620967594,0.824681985820864,0.619870961209044,0.900493620967594,"((1 * fAct(OAF1, 0.481157129397616, 1.50429117638152)) * 1 - 1 * QDR1) / 0.111111111111111"
"RAP1",0.400923628555523,0.00951242699130186,0.557551506971192,0.396958791174787,0.123000472335684,0.575789251462919,0.396958791174787,0.123000472335684,0.575789251462919,0.398334278419066,-0.00602706921709788,0.567889344713777,0.398334278419066,-0.00602706921709788,0.567889344713777,"((1 * fAct(REB1, 0.462007714761421, 1.13383207421284)) * 1 - 1 * RAP1) / 0.111111111111111"
"REB1",0.38539460000573,0.0181400185040393,0.522301398400901,0.431716304972982,0.0492450421183454,0.549293894927928,0.431716304972982,0.0492450421183454,0.549293894927928,0.361024068027685,0.0625605045620674,0.536163177297454,0.361024068027685,0.0625605045620674,0.536163177297454,"input gene"
"REC102",0.363655091641303,0.420734809675076,0.997494410194521,0.26586048065384,0.505178740765072,0.918987151867038,0.26586048065384,0.505178740765072,0.918987151867038,0.368767645217845,0.490031518157036,0.852412721720191,0.368767645217845,0.490031518157036,0.852412721720191,"(((1 - 1 * fAct(UME6, 0.576057292008773, 1.43000775660621))) * 1 - 1 * REC102) / 0.111111111111111"
"REC114",0.940653853944503,1.04093565980081,1.01692436277681,1.0293199062983,0.995060013466756,0.983968567618422,1.0293199062983,0.995060013466756,0.983968567618422,0.926513626324844,1.01779419708411,0.924332036741067,0.926513626324843,1.01779419708411,0.924332036741067,"((((1 - 1 * fAct(UME6, 0.567417358374223, 1.21981524235336)) + 1 * fAct(IME1, 0.539536498626694, 1.03908203122439) - (1 - 1 * fAct(UME6, 0.567417358374223, 1.21981524235336)) * 1 * fAct(IME1, 0.539536498626694, 1.03908203122439))) * 1 - 1 * REC114) / 0.111111111111111"
"RED1",0.261170152522596,0.364623966765002,0.854332141005875,0.360599202040956,0.335469623522705,0.883285317766131,0.360599202040956,0.335469623522705,0.883285317766131,0.273104968138381,0.357447873582571,0.84937838977219,0.273104968138381,0.357447873582571,0.84937838977219,"(((1 - 1 * fAct(UME6, 0.473266165051609, 1.37453873724211))) * 1 - 1 * RED1) / 0.111111111111111"
"RIM101",0.228272301035693,0.413180308829978,0.338015303892971,0.351432784273137,0.418812223813733,0.365090753125527,0.351432784273137,0.418812223813733,0.365090753125527,0.411539596508248,0.458747943283901,0.368167998708669,0.411539596508248,0.458747943283901,0.368167998708669,"input gene"
"RIM11",1.00888187499194,1.01665223689446,1.00036714930144,1.00991426243821,1.0026963172482,0.977724292487376,1.00991426243821,1.0026963172482,0.977724292487376,1.02716981025837,1.07084367391583,0.95439070813005,1.02716981025837,1.07084367391583,0.95439070813005,"((1 * fAct(IME1, 0.512489916803315, 1.11314905571286)) * 1 - 1 * RIM11) / 0.111111111111111"
"RIM4",1.07946254367221,1.01357628892527,1.00105530004219,1.03023772474145,0.859746329847743,0.990217359053315,1.03023772474145,0.859746329847743,0.990217359053317,0.930855100453904,0.888029094388838,1.07903770940569,0.930855100453904,0.888029094388838,1.07903770940569,"((((1 - 1 * fAct(UME6, 0.44940691771917, 1.18974844382377)) + 1 * fAct(IME1, 0.434439771389589, 1.62622257754439) - (1 - 1 * fAct(UME6, 0.44940691771917, 1.18974844382377)) * 1 * fAct(IME1, 0.434439771389589, 1.62622257754439))) * 1 - 1 * RIM4) / 0.111111111111111"
"RME1",0.426808672437902,0.332215181779465,0.872642098841944,0.383159542021161,0.447851248065011,1.02527035671774,0.383159542021161,0.447851248065011,1.02527035671774,0.430259469818098,0.409890171489994,0.985692575767104,0.430259469818098,0.409890171489994,0.985692575767104,"((((1 - 1 * fAct(UME6, 0.516676961025223, 1.28134849346243)) + ((1 * fAct(ACE2, 0.599102423153818, 1.46452571091242) * 1 * fAct(SIN3, 0.494867445761338, 1.25201795720728)) * 1 * fAct(SWI5, 0.41932783308439, 1.60292833545245)) - (1 - 1 * fAct(UME6, 0.516676961025223, 1.28134849346243)) * ((1 * fAct(ACE2, 0.599102423153818, 1.46452571091242) * 1 * fAct(SIN3, 0.494867445761338, 1.25201795720728)) * 1 * fAct(SWI5, 0.41932783308439, 1.60292833545245)))) * 1 - 1 * RME1) / 0.111111111111111"
"RPL19A",0.558970683567328,0.964034703870586,0.431625775473544,0.558234779532334,0.884922544624841,0.402212517714725,0.558234779532334,0.884922544624841,0.402212517714725,0.660094711328595,1.03694849381852,0.445220055422775,0.660094711328595,1.03694849381852,0.445220055422775,"(((1 - 1 * fAct(RAP1, 0.491984034702182, 1.31878040566342))) * 1 - 1 * RPL19A) / 0.111111111111111"
"RPL19B",0.613701503241599,1.06611399544559,0.564168412133377,0.596073870503829,0.880929698054898,0.542015464075478,0.596073870503829,0.880929698054898,0.542015464075478,0.65796341065087,0.909432047073767,0.482544865409578,0.65796341065087,0.909432047073767,0.482544865409578,"(((1 - 1 * fAct(RAP1, 0.541575855808333, 1.57758529521991))) * 1 - 1 * RPL19B) / 0.111111111111111"
"RPL4A",0.0349167942509198,0.252012777458807,0.287276431346856,0.123537459265143,0.35438719844848,0.289796607518068,0.123537459265143,0.35438719844848,0.289796607518068,0.161033541039093,0.289446119247329,0.42011071798219,0.161033541039093,0.289446119247329,0.42011071798219,"((1 * fAct(ABF1, 0.408379074651748, 1.31748185561737)) * 1 - 1 * RPL4A) / 0.111111111111111"
"RPL4B",0.0737976740013612,0.043060890891516,0.186658187219687,-0.0962083142945369,0.203436680144338,0.283676096537016,-0.0962083142945369,0.203436680144338,0.283676096537016,0.131593372462299,0.123183403479866,0.226460494096267,0.131593372462299,0.123183403479866,0.226460494096267,"((1 * fAct(ABF1, 0.571464423043653, 1.49390506291063)) * 1 - 1 * RPL4B) / 0.111111111111111"
"RPP2B",0.553621743246169,1.02591378033489,0.410635506197668,0.542292006243918,0.950672997421097,0.436517064362889,0.542292006243918,0.950672997421097,0.436517064362889,0.454374158707174,1.01674762919009,0.398435893072142,0.454374158707174,1.01674762919009,0.398435893072142,"(((1 - 1 * fAct(RAP1, 0.420115510514006, 1.5075870588515))) * 1 - 1 * RPP2B) / 0.111111111111111"
"RPS6A",0.391281978227792,0.0557615157138023,0.645555645785552,0.462842173488856,0.0656129882277888,0.64973446167345,0.462842173488856,0.0656129882277888,0.64973446167345,0.391962188510043,0.0754339050151299,0.649903826245247,0.391962188510043,0.0754339050151299,0.649903826245247,"((1 * fAct(RAP1, 0.410892150085419, 1.64315679300111)) * 1 - 1 * RPS6A) / 0.111111111111111"
"SDS3",0.781770454232725,0.674327999301503,0.140953849085522,0.707202751120398,0.689568018231672,0.165170285864383,0.707202751120398,0.689568018231672,0.165170285864383,0.690155708185264,0.693273189734157,0.135065228653939,0.690155708185264,0.693273189734157,0.135065228653939,"input gene"
"SGA1",0.963533002768669,0.910615636532541,0.900602433056382,1.06776046273824,0.969432580507817,0.970061718007059,1.06776046273824,0.969432580507817,0.970061718007058,0.97745931213748,0.938207480792197,1.07047910862587,0.977459312137481,0.938207480792198,1.07047910862587,"((1 * fAct(IME1, 0.41149250655435, 1.03436107487883)) * 1 - 1 * SGA1) / 0.111111111111111"
"SIC1",0.151247159209591,0.0189526467762412,0.300251085404806,0.218940901874756,-0.0390938466124686,0.252193146327819,0.218940901874756,-0.0390938466124686,0.252193146327819,0.272827895252698,0.0732903934516503,0.363604342150913,0.272827895252698,0.0732903934516503,0.363604342150913,"((1 * fAct(SWI5, 0.57644236725755, 1.08002924290719)) * 1 - 1 * SIC1) / 0.111111111111111"
"SIN3",0.465793102615464,-0.0137244078692716,0.595294375646299,0.420294518312326,0.0275490629637137,0.544901418751442,0.420294518312326,0.0275490629637137,0.544901418751442,0.338719713930429,0.0465909590630436,0.499759978454958,0.338719713930429,0.0465909590630436,0.499759978454958,"((1 * fAct(REB1, 0.440145332831889, 1.46410980932182)) * 1 - 1 * SIN3) / 0.111111111111111"
"SKI8",0.384825488178744,0.457614882758987,1.01896057870348,0.318737764666761,0.571219195239488,1.02027184740305,0.318737764666761,0.571219195239488,1.02027184740305,0.396762599658794,0.590551568535831,0.9875791741288,0.396762599658794,0.590551568535831,0.9875791741288,"(((1 - 1 * fAct(UME6, 0.577393775898963, 1.26958551539341))) * 1 - 1 * SKI8) / 0.111111111111111"
"SLZ1",0.713387422267879,0.624974582133609,0.0705736640638651,0.694313643689516,0.720546732005913,0.000505833122171812,0.694313643689516,0.720546732005913,0.000505833122171812,0.65882428833729,0.763353473695493,0.0770320341921221,0.65882428833729,0.763353473695493,0.0770320341921221,"((1 * fAct(UME6, 0.487455301778391, 1.43621415160364)) * 1 - 1 * SLZ1) / 0.111111111111111"
"SNF2",0.335973451795644,0.430914564609703,0.442845299972573,0.250793228896805,0.497858665325394,0.315412733412473,0.250793228896805,0.497858665325394,0.315412733412473,0.339869884223238,0.445355818806089,0.354452749573003,0.339869884223238,0.445355818806089,0.354452749573003,"input gene"
"SNF5",0.390756846008578,0.559150540598696,0.392809723952881,0.338909165591885,0.599885170714887,0.426536622448918,0.338909165591885,0.599885170714887,0.426536622448918,0.45545806566933,0.47895461074948,0.484104882735695,0.45545806566933,0.47895461074948,0.484104882735695,"input gene"
"SNF6",0.68175430621001,0.856770090153784,0.636125630023088,0.661315530602097,0.722413762789309,0.665753137946969,0.661315530602097,0.722413762789309,0.665753137946969,0.679893263564795,0.686918708797103,0.621911032792924,0.679893263564795,0.686918708797103,0.621911032792924,"input gene"
"SPO11",0.508684555359391,0.286499303835768,0.996995843799021,0.53163844138633,0.342488894161944,0.993694889221057,0.53163844138633,0.342488894161944,0.993694889221057,0.536292973474554,0.361704303008964,0.91132712778542,0.536292973474554,0.361704303008964,0.91132712778542,"((((1 - 1 * fAct(UME6, 0.475059145642445, 1.56072418385185)) + (1 * fAct(IME1, 0.499621104123071, 1.41395267499611) * 1 * fAct(SIN3, 0.523718012170866, 1.29827345497673)) - (1 - 1 * fAct(UME6, 0.475059145642445, 1.56072418385185)) * (1 * fAct(IME1, 0.499621104123071, 1.41395267499611) * 1 * fAct(SIN3, 0.523718012170866, 1.29827345497673)))) * 1 - 1 * SPO11) / 0.111111111111111"
"SPO13",1.01445460382882,1.01080436088989,0.909410991650042,1.0072465849766,1.0104881928642,1.05261034846134,1.0072465849766,1.0104881928642,1.05261034846134,0.89811340869496,1.04573539956574,1.00681902657328,0.89811340869496,1.04573539956574,1.00681902657328,"((((1 - 1 * fAct(UME6, 0.580584996566176, 1.37999285107944)) + 1 * fAct(IME1, 0.444767582323402, 1.43037994640414) - (1 - 1 * fAct(UME6, 0.580584996566176, 1.37999285107944)) * 1 * fAct(IME1, 0.444767582323402, 1.43037994640414))) * 1 - 1 * SPO13) / 0.111111111111111"
"SPO16",0.316604748212505,0.334507762804724,0.908936626865656,0.237481593607831,0.306232372612053,0.972546491437344,0.237481593607831,0.306232372612053,0.972546491437344,0.234192434287895,0.340432808770814,0.872521615985712,0.234192434287895,0.340432808770814,0.872521615985712,"(((1 - 1 * fAct(UME6, 0.505847907438874, 1.55388369587483))) * 1 - 1 * SPO16) / 0.111111111111111"
"SPR3",-0.0729401476296524,0.0286248214048091,0.101705252629982,-0.0355627982553738,0.0281795040166819,0.100923635948726,-0.0355627982553738,0.0281795040166819,0.100923635948726,-0.0194608485046331,0.13497106472794,0.0956667718203041,-0.0194608485046331,0.13497106472794,0.0956667718203041,"(((1 * fAct(ABF1, 0.539470197539777, 1.68792818184476) * (1 - 1 * fAct(SUM1, 0.416074534505606, 1.29357944434043)))) * 1 - 1 * SPR3) / 0.111111111111111"
"SPS1",1.02901103050067,1.04197064985895,1.03390802687456,0.971990322879189,1.00026161344248,1.03377597876873,0.971990322879189,1.00026161344248,1.03377597876873,1.01394748462867,0.999117836609723,1.00753992525213,1.01394748462867,0.999117836609723,1.00753992525213,"((1 * fAct(IME1, 0.560618437035009, 1.07575922901276)) * 1 - 1 * SPS1) / 0.111111111111111"
"SPS19",0.755715103118748,0.714135759706554,0.767858113124755,0.723499686606177,0.714649319228392,0.764092219764948,0.723499686606177,0.714649319228392,0.764092219764948,0.692738431759698,0.835522811068489,0.810231717896617,0.692738431759698,0.835522811068489,0.810231717896617,"((1 * fAct(OAF1_PIP2, 0.451255506183952, 1.09171450485708)) * 1 - 1 * SPS19) / 0.111111111111111"
"SPS2",0.951719166198395,0.968054445202248,1.00088348750575,0.952575051735101,0.960516258680112,0.91436913275488,0.952575051735101,0.960516258680112,0.914369132754876,0.897228989387991,1.04738870895747,1.0051334844377,0.897228989387991,1.04738870895747,1.0051334844377,"((1 * fAct(IME1, 0.400848086830229, 1.13747110794298)) * 1 - 1 * SPS2) / 0.111111111111111"
"SPS4",1.03294629952911,0.975412783259497,0.9638993591351,1.02196008447406,0.955623506122999,1.07598363462571,1.02196008447406,0.955623506122999,1.07598363462571,0.953574694038613,0.972507928830773,1.025765929641,0.953574694038613,0.972507928830773,1.025765929641,"((1 * fAct(IME1, 0.501702609984204, 1.12954463395057)) * 1 - 1 * SPS4) / 0.111111111111111"
"SPT21",0.644896410052719,0.201949275905984,0.539719979927294,0.500204658949614,0.374339251568352,0.513433694410174,0.500204658949614,0.374339251568352,0.513433694410174,0.555566684679831,0.290946970405741,0.57035944308828,0.555566684679831,0.290946970405741,0.57035944308828,"input gene"
"SSN6_TUP1",0.491806975649948,0.604219882738124,0.500643887313049,0.436382818553548,0.548525423229214,0.495220720634958,0.436382818553548,0.548525423229214,0.495220720634958,0.533464847444083,0.59359359719477,0.611265162391409,0.533464847444083,0.59359359719477,0.611265162391409,"input gene"
"STA1",0.104871391189443,-0.00861700227480593,0.0969372717445151,0.103940540996,0.0583838553787552,0.0760827388165172,0.103940540996,0.0583838553787552,0.0760827388165172,0.0366695064446542,-0.0236144846074221,0.0727758860416562,0.0366695064446542,-0.0236144846074221,0.0727758860416562,"(((1 * fAct(FLO8, 0.559513270715252, 1.47559957808349) * 1 * fAct(SIN3, 0.587565200589597, 1.12793310732115))) * 1 - 1 * STA1) / 0.111111111111111"
"STA2",0.0663648795243,0.00573352171465862,0.0273535901285552,0.0616366539935903,0.0174948799571354,0.0420340143176844,0.0616366539935903,0.0174948799571354,0.0420340143176844,0.038539274710877,0.0375215074710868,0.0177052034467773,0.038539274710877,0.0375215074710868,0.0177052034467773,"((((((1 * fAct(FLO8, 0.525188832636923, 1.60277445303509) * 1 * fAct(MSN1, 0.573685206798837, 1.5687876593112)) * 1 * fAct(SIN3, 0.575411485368386, 1.39956296645105)) * 1 * fAct(SNF5, 0.564043015101925, 1.3602684256318)) * 1 * fAct(SNF6, 0.581191139202565, 1.27086256121285))) * 1 - 1 * STA2) / 0.111111111111111"
"SUC2",0.741047774558129,0.848091904989755,0.779440619060093,0.742469187162743,0.893161217406517,0.871971838853602,0.742469187162743,0.893161217406517,0.871971838853602,0.761806181991847,0.868603405039374,0.810232805757369,0.761806181991847,0.868603405039374,0.810232805757369,"((((1 * fAct(SNF2, 0.532455227850005, 1.16034649194451) * 1 * fAct(SNF6, 0.409257979691029, 1.1309953173832)) + ((1 - 1 * fAct(HDA1_TUP1, 0.474066244252026, 1.36292702615727)) + (1 - 1 * fAct(SSN6_TUP1, 0.463482137583196, 1.53813963184366)) - (1 - 1 * fAct(HDA1_TUP1, 0.474066244252026, 1.36292702615727)) * (1 - 1 * fAct(SSN6_TUP1, 0.463482137583196, 1.53813963184366))) - (1 * fAct(SNF2, 0.532455227850005, 1.16034649194451) * 1 * fAct(SNF6, 0.409257979691029, 1.1309953173832)) * ((1 - 1 * fAct(HDA1_TUP1, 0.474066244252026, 1.36292702615727)) + (1 - 1 * fAct(SSN6_TUP1, 0.463482137583196, 1.53813963184366)) - (1 - 1 * fAct(HDA1_TUP1, 0.474066244252026, 1.36292702615727)) * (1 - 1 * fAct(SSN6_TUP1, 0.463482137583196, 1.53813963184366))))) * 1 - 1 * SUC2) / 0.111111111111111"
"SUM1",0.651895550763782,0.538810866545951,0.687759875619712,0.507919595544544,0.571426190657767,0.591374963630463,0.507919595544544,0.571426190657767,0.591374963630463,0.659594484702,0.627253582163218,0.684051153263834,0.659594484702,0.627253582163218,0.684051153263834,"input gene"
"SWI1",0.448334489056452,0.0809118427611561,0.601631777717352,0.335052315977324,0.0342600032482842,0.626770904386151,0.335052315977324,0.0342600032482842,0.626770904386151,0.418537637330007,-0.0221529334758692,0.598005005594518,0.418537637330007,-0.0221529334758692,0.598005005594518,"((1 * fAct(SIN3, 0.512191063305363, 1.1606260883389)) * 1 - 1 * SWI1) / 0.111111111111111"
"SWI3",0.367591239832202,0.466870982617561,0.429306627077299,0.434121193458785,0.527021330601526,0.402658749054487,0.434121193458785,0.527021330601526,0.402658749054487,0.372669358476983,0.627330713151767,0.330124254896042,0.372669358476983,0.627330713151767,0.330124254896042,"input gene"
"SWI5",0.293874462652542,0.112267860692232,0.374838661814445,0.22280426430096,0.0890518489828445,0.439400893156239,0.22280426430096,0.0890518489828445,0.439400893156239,0.280164966776098,0.0447013419931105,0.438335785917338,0.280164966776098,0.0447013419931105,0.438335785917338,"((1 * fAct(REB1, 0.579509989311919, 1.32871436792891)) * 1 - 1 * SWI5) / 0.111111111111111"
"TAF90",0.454299654156148,0.597566723018925,0.472935916263889,0.518876217610523,0.370358219862618,0.394368317278609,0.518876217610523,0.370358219862618,0.394368317278609,0.377852936561035,0.50706683524561,0.450206642069372,0.377852936561035,0.50706683524561,0.450206642069372,"input gene"
"TES1",0.647764878112742,0.559251491598932,0.606648826551993,0.573387936733133,0.645246225982466,0.700094037308262,0.573387936733133,0.645246225982466,0.700094037308262,0.728272225305011,0.620684463816203,0.640350360122834,0.728272225305011,0.620684463816203,0.640350360122834,"((1 * fAct(OAF1_PIP2, 0.560011605825275, 1.22443700807402)) * 1 - 1 * TES1) / 0.111111111111111"
"TOP1",0.360637061054736,0.429403730741815,0.93297142289704,0.284587161212551,0.375942343105209,0.917993642423899,0.284587161212551,0.375942343105209,0.917993642423899,0.280205965255505,0.340601568943663,0.942414279730569,0.280205965255505,0.340601568943663,0.942414279730569,"(((1 - 1 * fAct(UME6, 0.469477129960433, 1.56093502407428))) * 1 - 1 * TOP1) / 0.111111111111111"
"TPI1",0.220727759493809,-0.0467148738833652,0.236733921220373,0.187741823064279,0.0708708005191765,0.201028404218492,0.187741823064279,0.0708708005191765,0.201028404218492,0.202020754963906,0.00218565611230346,0.183088283481799,0.202020754963906,0.00218565611230346,0.183088283481799,"(((1 * fAct(REB1, 0.580081515619531, 1.01588221639162) * 1 * fAct(GCR1_GCR2, 0.572434341022745, 1.42614996855846))) * 1 - 1 * TPI1) / 0.111111111111111"
"TUB2",0.082846471720021,0.198796470604357,0.252526751257713,0.0121991718686889,0.154585888342817,0.275734781232782,0.0121991718686889,0.154585888342817,0.275734781232782,0.0742099629196721,0.137157381975087,0.194594823932827,0.0742099629196721,0.137157381975087,0.194594823932827,"((1 * fAct(ABF1, 0.525248184939846, 1.52396994950715)) * 1 - 1 * TUB2) / 0.111111111111111"
"UME6",0.664507704929413,0.607633993581619,-0.00350489787385798,0.757936080466992,0.649230966159229,0.125071191670597,0.757936080466992,0.649230966159229,0.125071191670597,0.718130722717236,0.679779572530488,0.0610951238979314,0.718130722717236,0.679779572530488,0.0610951238979314,"input gene"
"YBR159W",0.5000662400614,0.57279926010716,0.704212783101716,0.544325923886647,0.571142238741354,0.794391914004461,0.544325923886647,0.571142238741354,0.794391914004461,0.62973476774994,0.56174391640525,0.604107997403676,0.62973476774994,0.56174391640525,0.604107997403676,"((1 * fAct(OAF1_PIP2, 0.560222127055749, 1.4632275965577)) * 1 - 1 * YBR159W) / 0.111111111111111"
"YJL218W",0.861916892317002,0.833420803399311,0.678811136586502,0.774424774534434,0.716363827083515,0.784819529739061,0.774424774534434,0.716363827083515,0.784819529739061,0.806237965531425,0.674184117316065,0.805081583923884,0.806237965531425,0.674184117316065,0.805081583923884,"((1 * fAct(OAF1_PIP2, 0.443853642279282, 1.27395831516944)) * 1 - 1 * YJL218W) / 0.111111111111111"
"YOL002C",0.743546258951105,0.723043053260535,0.850814618775255,0.832658539334291,0.663554990605572,0.8541964167267,0.832658539334291,0.663554990605572,0.8541964167267,0.794729326523593,0.750510366773665,0.849880247577792,0.794729326523593,0.750510366773665,0.849880247577792,"((1 * fAct(OAF1_PIP2, 0.428278540028259, 1.64320857777493)) * 1 - 1 * YOL002C) / 0.111111111111111"
"YPL095C",0.65224778629649,0.769805465951648,0.752616126439065,0.644794920830601,0.784709497235075,0.709186480127554,0.644794920830601,0.784709497235075,0.709186480127554,0.649494256485237,0.711431456093387,0.760360985778297,0.649494256485237,0.711431456093387,0.760360985778297,"((1 * fAct(OAF1_PIP2, 0.427030216204002, 1.0927638537623)) * 1 - 1 * YPL095C) / 0.111111111111111"
"ZIP1",0.377003579743869,0.42638716663566,0.970106853550362,0.226796683186145,0.432665961551637,0.959759529655214,0.226796683186145,0.432665961551637,0.959759529655214,0.309460538093334,0.449772002062963,0.967211936568791,0.309460538093334,0.449772002062963,0.967211936568791,"(((1 - 1 * fAct(UME6, 0.540533952694386, 1.49057335591409))) * 1 - 1 * ZIP1) / 0.111111111111111"
