50,5,,,,,,,,,,,,,,,,,,,
0.378849383307386,0.42327927818113,0.320751588485665,0.493744926145199,0.429033262064294,0.435130098114694,0.455819211979137,0.414815110278721,0.386493320435337,0.369711152255329,0.406022769057394,0.430527535946822,0.400291602841244,0.442067466816524,0.446658445344442,0.436581569389751,0.38096362335893,0.382309619175311,0.444883153677499,0.406110192790511,0.516252250878456
0.0523776837763102,0.0701300256904964,0.073588151766857,0.0736514764205853,0.15464783483888,0.127000604353351,0.155901281606428,0.109710919416694,0.148095252190307,-0.00765559610158423,0.0212735828836275,0.085285972203659,0.147485799985284,0.098262662140597,0.0991989551667418,0.144255380249837,0.0488939290734964,0.0589421861041088,0.157423106576374,0.162578113216482,0.142742397864859
0.445370238019336,0.476093569357256,0.449398252156072,0.536526458545052,0.42341093612363,0.470875653364093,0.415435828649356,0.459255817074393,0.465801444111251,0.541213770964525,0.424573167708318,0.463532611182272,0.487471947414431,0.376206328182753,0.491521546008,0.443244159845364,0.538605838952501,0.507779455720731,0.477110843791063,0.371110919744384,0.371102245871519
0.00485370533697584,0.266300486992483,0.261141419193662,0.211476081865658,0.276448875322986,0.177549426178789,0.209652764492696,0.24351318242917,0.194127831099585,0.243968024497322,0.207413645493138,0.197018305507088,0.183383299018316,0.214848185925388,0.311737369422957,0.191715905943793,0.30214736011441,0.212916927624315,0.22148825428138,0.303788675163418,0.157638869684023
0.742637170737369,0.697609028904361,0.53102625422393,0.547344679280892,0.524793969727973,0.512675027497134,0.477250814883865,0.399945952584249,0.406629722426727,0.466339125913956,0.446650632700864,0.457742497106811,0.507669022767507,0.397845166826859,0.437763505199338,0.427681203196402,0.443431485070285,0.428083786492871,0.59741368442399,0.428442729127374,0.427536676638926
0.741430628912186,0.422395727276296,0.274319300205633,0.134726478475659,0.143888676908392,0.129312124849159,0.171238172792923,0.0687324454655593,0.00622663189911966,0.0436522151162407,0.002923301099532,0.0917863926933143,0.0147148180217538,0.0557390881096015,0.0340878696107656,0.0192119867727465,0.0956036558021371,0.069205061049393,0.0536719943676881,0.122304222859357,0.0548287158798973
0.701390015216974,0.669678629889164,0.56101097919418,0.642629114400603,0.475211850537519,0.511660410876412,0.443105143863909,0.525825533817673,0.403601455523059,0.467783276434102,0.598469821570518,0.449654370278758,0.52571438453875,0.540377363165642,0.482766984088271,0.464510465851467,0.435842799119187,0.556885901500822,0.435998257718962,0.571397869929521,0.497524069550349
0.122523752700452,0.311413594213596,0.455339094545374,0.52763754077973,0.610113505318925,0.485944181193726,0.570468513063709,0.513208691557696,0.628999849413038,0.553483978628576,0.53068435169436,0.516089016170588,0.631263290333355,0.674818724518243,0.625549430757987,0.588599350128503,0.557760885683844,0.614038580455462,0.62094793780387,0.531762816301245,0.602060716836347
0.753597990153602,0.710989682451028,0.678272187735774,0.578925046476974,0.599819293060544,0.480788619567305,0.561809692877357,0.412659716236178,0.555777839538923,0.528054040915233,0.578481971641191,0.538523932357362,0.48502941778256,0.520145056044745,0.548418787410476,0.462221046216708,0.569875792878501,0.459402221453657,0.469925908421348,0.6018805787282,0.610432615265709
0.650859125223188,0.450904233647392,0.457015487374181,0.251065119530101,0.233703581873547,0.321548102581561,0.127605158140555,0.239554911730001,0.172149445452594,0.187671988960541,0.143596304919343,0.110624003635904,0.109164219170477,0.214232387751193,0.1259040769447,0.0087082140203017,0.150271769591534,0.029686539217566,0.0288576426516801,0.101484368478318,0.169166379627047
0.714513403424995,0.67820431106337,0.790870816302252,0.643208348581595,0.693937401980232,0.61128423098136,0.687431933919027,0.684474431593326,0.797437317147889,0.683895337146937,0.677878453496678,0.601701295622664,0.75025664166473,0.597971693414522,0.711248883275418,0.701988946621041,0.69578512343698,0.653933481073663,0.68768722452522,0.67276022426995,0.712444787118959
0.802969841530797,0.902166779260865,0.755378324033116,0.899957093389034,0.877875866830336,0.762185686637949,0.694232743472012,0.85475438956614,0.841046599418952,0.769759034299758,0.8382135456757,0.774741340523294,0.790384836582156,0.771770266988507,0.77472204149806,0.789626887043438,0.74967850365178,0.755190189661029,0.797912710647118,0.763201606351812,0.798065600356357
0.774376334955293,0.652516790915762,0.610235106231863,0.474316045019397,0.553005231475516,0.522469437088356,0.449239982451282,0.350348396627947,0.54261937991612,0.428212528465922,0.560337219089386,0.441377690106855,0.580942018590106,0.539447828017012,0.44633400922559,0.387635849336086,0.486304427426275,0.514507228687453,0.406020161343738,0.460648272916392,0.468812774916847
0.609998667302105,0.543601250757272,0.512547469895624,0.438019130749472,0.482358943166032,0.563085728642935,0.513226455395505,0.601554401428099,0.517989705050949,0.508117069453019,0.60613536828466,0.573294816844825,0.487975882940554,0.538844048866886,0.502115139781232,0.492531156622471,0.528558005472868,0.530585862872676,0.525406467169065,0.501304045765268,0.550596855179899
0.578045791677437,0.795188337006281,0.688538626618732,0.66683136297351,0.679101946718012,0.682527880915108,0.670589878579735,0.694799043021147,0.654735551509111,0.542505404618455,0.610577458813117,0.535807707412445,0.605018921289211,0.521568960547613,0.574263473432266,0.625290009846907,0.540071377541059,0.565787700465209,0.57336764989336,0.634531477873613,0.53862069769387
0.73404651159236,0.583233600127046,0.403889518332231,0.312960258030001,0.325070778239454,0.31199315727711,0.256419429391242,0.230009378758114,0.227428843087556,0.234890037793957,0.123660750814591,0.166748302564142,0.185211184537648,0.122736351221884,0.273826537419397,0.125902091724949,0.178267370405647,0.236028951799469,0.243700479948309,0.191023680113634,0.183771752527489
0.28731422548985,0.40092577083405,0.391968059999692,0.383529854141967,0.426556701980943,0.289413649546389,0.289157051564503,0.338202806167646,0.286207961581993,0.27580353979473,0.354554882975405,0.299558356781224,0.222997081781941,0.265918930796961,0.309769170349796,0.314162846004047,0.28014599186742,0.285084379437648,0.275756529515898,0.304761733736315,0.249603378390833
0.550312133913884,0.609829821486521,0.617938733760122,0.669028538726066,0.632975653619226,0.61257431429609,0.640809468470628,0.510971133183743,0.562730188481433,0.483433013945961,0.55424708800607,0.535625298331143,0.586496290903542,0.574277170040591,0.486727785161911,0.428478137183784,0.397117591579505,0.462554517510575,0.50034643484088,0.451284315262876,0.47857382079764
0.1351725597206,0.389625397631665,0.579974719810793,0.630493877835303,0.513941212376637,0.577385342848641,0.560637482516909,0.67129151597975,0.527538787291387,0.64172424311081,0.587496866309914,0.490857308878942,0.591559992531569,0.576997415686776,0.587162053077549,0.598163596921201,0.435324324469751,0.584570429479075,0.531442688264915,0.509040096659994,0.55297960244789
0.72508987506044,0.71028748504098,0.745029924349178,0.733519376858516,0.687031055825785,0.60335073645456,0.529965812001738,0.60990065057173,0.505238775799736,0.522211392370692,0.456399575621079,0.501305073448129,0.544344522066465,0.47907581768654,0.475724721390889,0.500190736674338,0.491181880094102,0.518182259981453,0.392691977022794,0.442176916803416,0.490492667381554
-0.0256167080356534,0.323580230832491,0.461221444415356,0.387297434434099,0.447078612276955,0.496748483956826,0.422382495991134,0.368770882799888,0.443109417208738,0.403030244438711,0.470607318414072,0.398919825850944,0.379836235480556,0.46265494837409,0.515038729904009,0.544024724755486,0.400264182497337,0.431823531862309,0.481473457977177,0.38009398180791,0.371155160995257
0.405984542696759,0.423546841942446,0.253727592340693,0.348604680218654,0.291780677443165,0.286041449529359,0.241773368999845,0.307887866207166,0.249822322253032,0.266434391548176,0.186642674460964,0.200834360134112,0.117545699297927,0.198757476172355,0.22729779403697,0.152988529594823,0.205182777102966,0.118005448004071,0.200351812364357,0.21401785669586,0.241977681725113
0.165557256662175,0.390870227067498,0.478473459285707,0.609675263467394,0.543258596935921,0.469992483809049,0.54077006158939,0.510519279249356,0.482931058597266,0.533437964205168,0.478558260403872,0.449328307757009,0.512762826965066,0.521177619560224,0.445601021182715,0.495434317630585,0.576516591592876,0.525750255283395,0.536983457664554,0.478517307343552,0.488571374723751
0.662314039774965,0.630020114051071,0.655429515196674,0.521613308583898,0.494101945290839,0.52042309385005,0.472367625019208,0.365682836710143,0.414355860497244,0.42165458992258,0.371335195294985,0.431577857923016,0.392190104045388,0.348383262574005,0.395824973939991,0.415719935190928,0.343597117068645,0.410610976380932,0.385023902693674,0.407925840813321,0.241014760024255
0.659268031521996,0.63632963141155,0.555306450045172,0.296554312762574,0.2556126902874,0.160418688964816,0.216993222464243,0.149446735021644,0.0435660569852959,0.0974354514757795,0.0124488910474274,0.121094466490693,0.0716079052260087,0.0425964328734319,-0.00698829247257012,-0.0141317337148028,0.0287945565266645,0.0508775629694087,0.0196335410667387,0.0442741921794818,-0.0365649131887993
0.268176958264235,0.20208340022862,0.102247612186312,0.105379468225059,0.0941493363265969,0.0936239394644823,0.0474366637023976,0.096569527529372,0.108930391442197,0.160165437722814,0.133595759879287,0.167386670519258,0.0473695847562634,0.0678332869882632,0.0454417595233663,0.0599489175860485,0.189068160724596,0.0754954824666475,0.0905928419664392,0.0537339312496197,0.0666096846000451
0.435711797100054,0.290328314329171,0.291711086121929,0.0953813157491147,0.0505454035625452,0.0939247282717249,0.115949075511342,0.09866575299316,0.0250343542397763,0.0539359857233946,0.0276812684052622,0.00948567634760688,0.0479298767520735,0.0983653067283201,0.0447357311583638,-0.00748964672267848,-0.0925169110956406,0.0489808295232346,0.0882256233333553,0.00987417046008399,-0.0762529001410168
0.438334949918449,0.327197703501798,0.224349968320695,0.0794051060574945,0.227278856623627,0.16752583873491,0.0587972679510314,0.112017621490251,0.0639000558289045,-0.052690528350773,0.0778997991403174,0.0828329962827109,0.0818747954906144,0.0844182286488886,-0.0335518842704291,0.0124751400128621,0.0328499264116331,0.15259011399401,0.0345673177678725,0.130829279114512,0.121766169334487
0.0760958899593311,0.0902331846338013,0.047680037548439,-0.00505761572856783,0.0594937712231691,0.0478415569091706,0.142766851965297,0.0588671960663896,0.0883612484667793,0.119898616000365,0.0791398239304284,0.169645843576172,0.0585610149686811,0.0855914636529602,0.151036486951495,0.159347961153459,0.132669261376627,0.16561301224014,-0.0341740025377986,0.143544555336606,0.108432734202111
0.437901948504581,0.32234362717408,0.265876251120275,0.155354196513486,0.0742832048558624,0.176796536875925,0.0697113844099146,0.0442167098780837,0.0439248117176571,0.170376190055727,0.0902024245990011,0.047593052831184,-0.0638342574058256,0.0208605122378852,0.13946588038108,0.0623444936101734,-0.0508580212011892,0.0549004966705507,0.0220830933008481,0.145711883641538,0.0971479670741701
0.414121235162927,0.320416136667882,0.190269954964086,0.269351193164968,0.171204970332006,0.198126413533423,0.142259109813536,0.0651339263693622,0.0483467723629036,0.182263351452255,0.0897335207936829,0.0788688873204041,0.0165924046472957,0.154595799243126,0.0977330408971177,0.125413676964057,0.108124291962053,0.0717619926982829,0.0592222105222531,0.140841080377428,0.0471972915618267
0.591464651092916,0.339968290018321,0.392905639693223,0.174094902456861,0.0630783859871421,0.177492871381376,0.147476396349928,0.053580282014297,0.127637515584186,0.114039884799041,0.0753548411680692,0.153924427495461,0.0395786944690341,0.107769702194742,0.123204658344671,0.0750019899217478,0.0633926523770627,0.125338425711211,0.0311592227720587,0.0354231232822243,0.0988477262879455
0.158922698879588,0.115514309754839,0.0636094694424553,0.167746260758233,0.0224008176193167,0.0434456696946061,0.0496120374023024,0.107337727671982,0.201366243048164,0.0177827891144475,0.169636458326373,0.116138669457863,0.0142639212863839,0.00771029573288551,0.0352390722212912,-0.0448833592794008,0.0493096995628182,0.0843789086258727,0.111038364125555,0.0762500280551824,0.0876080905411566
0.560651192454038,0.603441999624284,0.601017285790253,0.563326325694348,0.653621076345805,0.670707430582903,0.650428369273665,0.695224398601353,0.629345427717634,0.621823818234234,0.685240576383665,0.703859643623154,0.72105114081632,0.675280328470494,0.643725903565507,0.67832122573043,0.707451621192798,0.660465651218251,0.662934090968457,0.714113507099469,0.637331837907702
0.552422543890258,0.255478455201057,0.323821725878862,0.283626780088319,0.195123674398407,0.063125050067394,0.000972835879907888,0.160731593130364,0.0205620972646535,0.115764384476811,-0.022349263446928,0.0870494319066228,0.120497155826694,0.032893405987629,0.0711963344716592,0.021945849587984,-0.0120264391551293,0.0548633389575311,0.0652840154478532,-0.0112049896165226,0.0231195500414913
0.63283441810682,0.456159754186225,0.272113084314097,0.141829770881048,0.136565802015815,0.103668746442966,0.10729353449804,0.0621242019330891,0.0702031897245119,0.00898985316966562,0.091285415256783,0.0117815843217149,-0.0135687708597517,0.0861928755216028,0.0297112464382954,0.0743986154921144,0.0276178582500868,-0.029936800111087,0.0431454817967602,0.0524244913121599,0.0256633773536956
0.344380193195102,0.286747313654215,0.0963885959059926,0.123669480048581,0.0911078775380246,0.131273496922441,0.136378825184311,0.153592694991669,0.108928801190005,0.151980970698234,0.0216387461345442,0.10373368189868,0.0653672674106856,0.0184046969665759,0.0872245054651365,0.121418287778623,0.0679386461077763,0.0998266672914236,0.0807708722655894,-0.0353423688778226,0.0596830406682438
0.693250112324661,0.431703243035606,0.306933733801618,0.192986768420345,0.130922430251337,0.0937468953948631,0.111010045095247,0.13046638913603,0.122042491137562,0.045637532970658,0.121938321232427,0.0905753720949602,0.0953169756532944,0.0431392907979991,0.0886503822023374,0.0599143017729959,0.102377130440089,0.060534761523226,0.0329583394113894,0.0388575996738782,0.111482614439324
0.163456827048422,0.0972768398248868,0.0542609867804105,0.162807390750767,0.0119315481688106,0.0203664797745463,-0.00152472771871061,0.0418122573039707,-0.000574260026188905,0.040598307114667,0.00541928871885679,0.127827812327318,0.0621590736047792,0.0682959795146645,-0.00699560280211969,0.101957290871782,0.0920774394688396,0.0822865817199038,0.102760021930979,0.0276168420360885,0.0504143814905178
0.693332423416534,0.383132644667377,0.239806255838339,0.179844874503456,0.250901450355889,0.148871229999038,0.196585253881837,0.180303974078481,0.115525670707582,-0.0440655409938576,0.117113165390748,0.0233965006770739,0.128239613126471,0.149142431777583,0.0515378928671714,0.0891239617890971,0.0741832776864784,0.105914701906303,0.0211443581739267,0.0204353457666546,0.168757409081849
0.219468848231507,0.273680863434111,0.225350252459377,0.190037054774998,0.132920379682083,0.120714177862799,0.0479893323233125,0.0496103487030789,0.0974269368744258,0.0336000846639628,0.0593550560551714,0.210903003652981,0.10139580462891,0.0587579687524606,0.121995535544602,0.0850502349700424,0.00670032176989878,0.0782948901396709,0.171650142148486,0.137577697149754,0.123213940788474
0.826701542667636,0.74101891086369,0.547108450378618,0.533391283425516,0.531713553795057,0.602447659938387,0.540372362587743,0.512360220808668,0.478383745663776,0.545258708534684,0.531647996138617,0.505398193051178,0.489590789531038,0.5998617962606,0.442061220899027,0.5247376850758,0.461557755534998,0.507223664338532,0.454323902599659,0.551989456263945,0.579891318414123
0.439440059667964,0.471617458364292,0.529397368863308,0.445914230206732,0.523988453041341,0.530752015637398,0.471019504808663,0.425092201891723,0.437298536098217,0.453814790572443,0.398363164876436,0.440493526184712,0.422257498400455,0.361156464126793,0.448566210629066,0.466819484014335,0.361153290847463,0.481042191617921,0.45717611041322,0.454213944457255,0.462921789864826
0.59692756474909,0.53013994918388,0.542079914371913,0.439530303919024,0.437910620064231,0.416338425600992,0.50398136542539,0.488782542797345,0.388116289675707,0.316938775455075,0.52150022313278,0.463515165250483,0.436389121491612,0.495621205057753,0.433412609112648,0.466664571100269,0.429804325151684,0.398711490060084,0.570036978822844,0.403223335841874,0.392245406669614
0.42204872141311,0.549684210529865,0.603921280465542,0.577385681130303,0.541165857946383,0.586149488707449,0.6210658609376,0.593707313352946,0.594773256779744,0.587857427425846,0.628183224734837,0.720124700454763,0.605706776514768,0.543505663876785,0.528690785348114,0.504612172274471,0.65776429462652,0.761606491051848,0.593424592685441,0.553712037368157,0.619828416455575
0.324561096397983,0.414373077787588,0.540076130418391,0.494744547446117,0.575723999825941,0.536636939852002,0.59025376852661,0.559894351738395,0.548125002479563,0.628416842173866,0.619415421192494,0.508843930701277,0.453579345369604,0.556557624500302,0.497906866225944,0.625571235763465,0.598665885811938,0.547408072078483,0.504475772512331,0.51931175310486,0.57490984137618
0.272039403240335,0.302808031428383,0.282284917233225,0.413821885618443,0.535760829269197,0.52793311098648,0.487862619239052,0.480773937947607,0.420914323606655,0.501117440072468,0.559805333606343,0.535404216589101,0.543220701342136,0.497839732251291,0.501210760109645,0.518608213014271,0.563267037203158,0.49768982602752,0.546021479890946,0.557381121710502,0.56595226203768
0.197609970234309,0.378162232350728,0.440685431214779,0.482863917931195,0.523670704643395,0.576661005810203,0.544847532208989,0.655383234926306,0.550526728463136,0.655150575993388,0.560891064818348,0.522137667541132,0.560563855512147,0.575623163724551,0.551796572303785,0.52466652080602,0.634459035624059,0.614368851659702,0.60070875231892,0.524136400386045,0.5771595471254
0.679502221366707,0.627082305945294,0.694444201390205,0.563436756716598,0.643818628990304,0.549912993721923,0.582478388368958,0.526378308788,0.621899736067367,0.516800606859546,0.517090899653414,0.557304773326851,0.489121993482106,0.546459735910835,0.571723254494691,0.525969227822005,0.506712423665487,0.581547172606304,0.589890948997387,0.683205708867899,0.554763051939901
0.506527255575955,0.565865955764532,0.481970161891727,0.492571065719301,0.499684168130096,0.499423485477409,0.471219388569843,0.508686768847067,0.467485848688977,0.466510419617608,0.417744885101595,0.431117819001983,0.380599010118062,0.410359587885901,0.53733054905074,0.409663158638068,0.431473185065924,0.485749480987117,0.479786189083315,0.557966980077348,0.454756620490599
0,0.5,1,1.5,2,2.5,3,3.5,4,4.5,5,5.5,6,6.5,7,7.5,8,8.5,9,9.5,10
0.291719961666303,0.28135701821695,0.256435325152914,0.275862344680927,0.17353662882974,0.197988744891256,0.254281839133023,0.313976645594874,0.337535846492065,0.27986961468661,0.343833650283548,0.291568620385449,0.282142360752976,0.207580700971178,0.283102643816379,0.203323905308784,0.271614962117048,0.325334610630222,0.244170052053912,0.307762062530307,0.26084142632889
0.165343447280134,0.0468953454791187,0.110193342255466,0.0668044605493497,0.095003721313737,0.112826913729837,0.127234204430441,0.241225570997311,-0.00592188142988005,0.0843354826164458,0.102946477753399,0.160149761504725,0.171788807784618,0.108961783287793,0.102649474965571,0.121906438528247,0.0437757232656198,0.0585328078459785,0.0517604853481228,0.0390158883277942,0.128600186879464
0.526958932588469,0.514230267960418,0.490586948915356,0.58324153031931,0.500725729462007,0.572587482019073,0.584649032308779,0.575865294970334,0.60972233574807,0.443317571841965,0.57033948892118,0.554736854710945,0.54950674518855,0.573673166228262,0.585129376251001,0.66697843885922,0.572509387616335,0.648489619187698,0.482165053661709,0.582941373244682,0.55829903759386
0.423979810960292,0.230739162902114,0.229590250446393,0.297941291318488,0.243598933586335,0.220733834553576,0.282007897717501,0.281894637032711,0.306307183006381,0.281049306997384,0.288978469674641,0.334395998228466,0.311704009341589,0.370418655820695,0.348339963994927,0.232651263094201,0.32372541601638,0.333686064236885,0.312726719492215,0.298027411747168,0.375603948528293
0.0732871857630797,0.228850129869567,0.413036228081378,0.539857492447606,0.490128540755268,0.522990344908607,0.521915630277535,0.610522468758223,0.542443449770182,0.597203858614293,0.446469166934137,0.50994696170803,0.479388723651582,0.527665454666589,0.604045624109373,0.604143232825355,0.539489996764033,0.551373992347337,0.526352983094402,0.580722111784602,0.558257030721261
0.0318037863650997,0.127707440822714,0.102399892236599,0.107989676868238,0.00696236798825243,0.0427925294653869,0.0587767931186881,0.0404364609190192,0.0505590252275522,0.0282031848570358,-0.0700266482390984,-0.009265053640034,-0.00469635148514684,-0.00685337690764039,0.0480301943840031,0.130230530807121,0.108943526942431,-0.00831263948495711,0.112063080049505,0.139760310060206,0.0861454580424638
0.22897808853671,0.356668682302367,0.334765350613744,0.505959026087752,0.348198055657746,0.426633087810209,0.392792214282744,0.424677077200639,0.391174875915582,0.387444445748452,0.292443126942258,0.38907549568782,0.441563795938413,0.479499120223293,0.408366323243996,0.350175241416517,0.374604822557454,0.397827125185352,0.494966425837729,0.465821659598604,0.373029537105474
0.793897962269493,0.621808253916565,0.62812140206016,0.495002344743699,0.587229245383822,0.530648510532188,0.412997624837063,0.397423152805102,0.534914336849627,0.449447864992282,0.591154358546647,0.565153953807049,0.46485629611406,0.550308050265986,0.595514360227832,0.567256449899328,0.524544787825716,0.473728451045039,0.492220550639104,0.438699551620706,0.586499656923805
-0.023803107611381,0.135839953030676,0.318485164884707,0.357920184196633,0.293511407787438,0.337677545675723,0.329627973955778,0.315879499538181,0.408344151670786,0.439661763246878,0.446224731669272,0.425232680868262,0.39719369785107,0.353155199569699,0.384308545245755,0.430909650689367,0.325426639486576,0.342770265433198,0.380076923347871,0.430295415535789,0.493298997043406
0.320708401847748,0.262862860119907,0.146426922354134,0.0746767903955456,0.109145575525418,0.0762580746651552,0.154026942306404,0.0297199896065846,0.0436934022480413,0.0740617422555896,0.0116136632966059,0.110995557077384,0.0253643404438545,0.1276362683231,0.0752016537820619,0.14530246653089,0.11063467378146,0.126676428991705,0.14835048615223,0.0748178542726411,0.193290348964955
0.715685595989867,0.718991420625679,0.583711768515086,0.557263438974054,0.545639440865766,0.585380800958644,0.558668556561833,0.50109469956257,0.628612490177246,0.400808450570866,0.46601787965749,0.584854031707837,0.546542294053851,0.590144309804457,0.533633416831166,0.539676300644383,0.550718015936518,0.438874739886962,0.531342020230638,0.556420997957458,0.556942208336087
0.448196859888131,0.559659181477281,0.44355014828978,0.531801544166843,0.704741999496179,0.717796064349584,0.736102735068662,0.800151352595574,0.804868938000211,0.834557902729129,0.722631258463608,0.772142746329185,0.699539739402906,0.794116750077437,0.769783848140021,0.796691552315546,0.687007531158147,0.84105751229752,0.761704747397927,0.718109122968278,0.802832389968377
0.486983319555802,0.374374317674187,0.319838389682423,0.360059769532379,0.35215365329441,0.407494416449814,0.399529926980376,0.44561755167311,0.312853525294301,0.269882445895264,0.397350026032067,0.398525177200525,0.342195582923409,0.291827895649914,0.321487825383239,0.356904686586766,0.315366698083903,0.296019993812004,0.462594940961351,0.359789197928055,0.393800418991609
0.376573388343248,0.433390157451121,0.432574333183162,0.309773283878252,0.372483370980222,0.32201654258063,0.366750450797511,0.351288887601691,0.385669873095615,0.384577110307822,0.379888213408624,0.312508464553871,0.425602825959905,0.461348419323133,0.437056202504536,0.400376469222312,0.450461720825819,0.352223688431128,0.421409734030082,0.403559782902579,0.355998950343251
0.455994363789069,0.340368518122659,0.426472755759186,0.480267857280103,0.581714600260923,0.588328722109457,0.612395312653309,0.683464986793198,0.66692490018335,0.553132439471723,0.700723429254253,0.734738549742963,0.724806787541229,0.64736632517545,0.728273610306307,0.650628932124615,0.606734878760672,0.587092586748903,0.657837323106582,0.650326917984403,0.701656221766768
0.252295871866471,0.163357858014355,0.278416134694515,0.220548419788568,0.202759673642777,0.287033552410305,0.221622201380735,0.291705063421321,0.271309704051243,0.246499567729712,0.269285035925129,0.284109168402874,0.226327220813649,0.181683349451677,0.227706960521838,0.339044626031796,0.321010128548349,0.200081034351461,0.198649292990386,0.243741957518921,0.312602269060688
0.303933879716276,0.313499909576932,0.228244062198965,0.305653704282223,0.225331637006408,0.377433969165315,0.404692466210813,0.338750299569027,0.356718086733798,0.317149332576025,0.418099453040649,0.390181964574574,0.417345920586881,0.446701124753418,0.460466113555953,0.367756529668985,0.367234166686135,0.376675374601888,0.39710555152061,0.357417276101438,0.425541261995783
0.400787767475155,0.346783902400027,0.407407398950934,0.423998033105879,0.281664178836342,0.518537755939497,0.554435481670205,0.532222388912579,0.575027065915673,0.546175858581417,0.698584392011472,0.742738498322577,0.462229384583611,0.64881019099989,0.64736954904838,0.592366131909715,0.636714926940197,0.658472409151688,0.561208761866822,0.583101242980931,0.586130801179096
0.530924838089841,0.455058779333029,0.458694787731814,0.532945460936383,0.571420913713525,0.601144716523252,0.576603573585635,0.593603198680159,0.639666534423354,0.664495525485971,0.635988011792391,0.659010309082458,0.627784286168748,0.659205983024178,0.515212952755438,0.589386317695393,0.627652535664732,0.613303333314293,0.635885591345561,0.69760586335655,0.741786745567304
0.524577782924132,0.35751158319535,0.319912049110263,0.344362049235622,0.413039400453331,0.428718703692906,0.519584919768899,0.616413163597714,0.69257115670955,0.541391230369023,0.505453019782114,0.515840541459927,0.519313011044016,0.601744653474631,0.570853218526983,0.618028588207613,0.627146213121625,0.614614977813705,0.601071368932012,0.597172409280686,0.638822149385118
0.688948031027832,0.522064110002915,0.454054630440866,0.428362813301829,0.461592407138147,0.491803330255493,0.425227928867436,0.551378864847702,0.544060247415135,0.529152479267278,0.606013444479631,0.515763980908083,0.473837235518695,0.522842308856836,0.541735837330544,0.510392904100037,0.615776104430191,0.537018054849448,0.484764131833506,0.53155722061858,0.480713770117617
0.291152655845888,0.16917602877307,0.126339343942617,0.267705368240343,0.154881564208987,0.281664622123637,0.142051777271359,0.236146898137169,0.305005791478811,0.274173034036647,0.374453661153424,0.293217783606223,0.262481972369227,0.423457639411853,0.351578265823607,0.354628003771374,0.378221527453365,0.34251122083037,0.23366557407677,0.315316326802304,0.339428662374445
0.600752611382739,0.505300696817645,0.403174970373216,0.397984689630766,0.417231407303007,0.50184924118891,0.472137010265651,0.544607248673282,0.548276172586016,0.595192560300462,0.554956454835246,0.656602563528768,0.541686217483753,0.532423848120503,0.528261918703203,0.601892029911902,0.523035564810074,0.638202098422502,0.59066379544418,0.566451302555119,0.5294793640874
1.03220351411188,0.703793871544356,0.537777015506762,0.384749048217245,0.486710603589569,0.317699335731741,0.477187895844609,0.405733109557286,0.510622431326737,0.462162186883392,0.394131273185884,0.470097322237261,0.494170188807083,0.473552173181444,0.529015154150868,0.554752204362201,0.555564342611382,0.522481339926131,0.489339725845435,0.440393788112136,0.60567694982129
0.902510386621679,0.575746412182411,0.310126743844695,0.119544987738079,0.199156429036317,0.145834541235913,-0.0241738939374609,0.0312981470515045,0.0693759157741494,0.0697520687200413,0.149956894704355,-0.0166604250819449,0.03742136135394,0.0627412436532555,0.036824201891416,-0.0391546170951838,0.174125554725588,-0.0324378869619804,0.0117124124656139,0.00313944884672169,0.047033984668812
0.640737831932665,0.465258560743798,0.332334096473933,0.134223559146107,0.173700544697181,0.0660045253505295,0.217749632425847,0.0661825600002645,0.122455891849196,0.20942389175442,0.0847648688740815,0.0226462724659268,0.0979561313934633,0.0638074338323383,0.131836549696591,0.0551660273807072,0.0157033007397386,0.0578411112802013,0.0603962915155832,0.0918976628666012,0.0673889026320021
0.458150757079364,0.273535184344499,0.144424158092289,0.185954101268825,0.104423776123148,0.0444031634175663,0.0954166596634315,0.00170952293781677,0.062137399599296,0.0221234998316292,0.135185226330758,0.140496967298942,0.00135170277435335,-0.0158572858935711,-0.0327161921871002,0.0578450450858823,0.0602145346285159,0.0129679578392936,0.0487593167136097,0.142465528433654,0.0392575548942947
0.665114376375568,0.3807517363091,0.235413278718218,0.209538468929528,0.097786857308553,0.0586563939688927,0.132276418610657,0.0437519731332584,0.0733423112037815,0.136312190022963,0.0845263410554312,-0.0502889974694114,0.115310640628425,0.0549853228771983,0.024896902291067,0.0924786240772549,0.123786723148221,0.105114564131005,-0.000573973900564601,0.139989887516441,0.093407721739164
0.921978844111108,0.56951834388102,0.38345149231908,0.220674935782165,0.180309507756846,0.187437174767471,0.0358239800776363,0.109922602067884,0.124056179021381,0.113054095720301,0.0100314510846995,0.112213717831295,0.111592683950088,0.105516029958739,0.105609000226571,0.114022419576008,0.0936719812088363,0.0391126349236453,0.102232292042854,0.153447369499938,0.100653821276446
0.533930147932322,0.264827353017824,0.311059125637064,0.167429730816825,0.236998055530558,0.10873862388746,0.0361794630095666,0.0609236175341563,0.0518888830732359,0.180874085950676,0.122560517949421,0.091013076823299,0.0784133840654975,0.0863784121931365,0.0206911929932914,0.159988134607301,0.131700966746217,-0.0375148743803295,0.103906186170659,0.145330094897078,0.130418168119141
0.288217014258383,0.236048434992638,0.128718318093465,0.0969131521615575,0.16730873067547,0.0732028930832824,0.130657261347448,0.141901878262428,0.098886305250436,0.0877139821216064,0.104616733828058,0.051736623573325,0.141465364691979,0.0707982886376085,0.101464866478157,0.15162017753442,0.113387151400832,0.0644559012721529,0.14534012883127,0.0761883402276614,0.0854512823670607
0.692450102111878,0.496976205442132,0.326880447317529,0.205039344104953,0.287475872505445,0.178589673206876,0.150288469751278,0.0185732159347173,0.188627744042314,0.055422678870002,0.093464795165099,0.100621615290223,0.0311811031005122,0.126974485705535,0.0792425333239989,0.0980408238560172,0.164825197247125,0.0521573556062521,0.0837087181172097,0.0719376266291261,0.0801032612115376
0.451250586261239,0.352039417898096,0.189093747854551,0.136743806477815,0.126645626958624,0.153212928029381,0.0574796770720224,0.144539166421009,0.105379592646406,-0.00969654149601266,0.182129856125702,0.0248706884393856,0.0753936153643071,0.00393812882092778,0.135957591249022,0.112822078785363,0.0776134787911587,0.029727885115774,0.0480298717032498,0.131591808492789,0.0879256046862086
0.546783719983902,0.540675845765238,0.544700438341373,0.626164891842223,0.579933398612809,0.596873256150228,0.49155651628582,0.624339666304226,0.578129774737944,0.584447380812057,0.654959500748662,0.678150936087832,0.615346979911918,0.500610351315261,0.605528097363149,0.62788078432491,0.566221110285373,0.632302577932978,0.712467392686707,0.57031941995207,0.557180318378501
0.705655453978256,0.417482342556622,0.274981678525261,0.102984866625901,0.0228891729977781,0.115611513683578,0.0866649854111363,0.105636396927923,0.0943476649516993,0.0140447616821127,0.0422142762493187,0.0925616558084119,0.0115152201869953,0.0873122556260393,0.0696416774137762,0.0264074331470344,0.0513547092758795,0.00329395641789754,0.007975965294813,0.100029013954637,0.0624648114570081
0.37984219370398,0.204227524819245,0.242124119148509,0.217480520043922,0.0595101846730371,0.0684668394464685,0.0378193005870205,0.0823289808227907,0.0538853591178625,0.00679404770421284,0.165695135975498,0.0762643733291515,0.132252544689596,0.0876294173915456,0.117840167241238,0.019133675046615,0.0993664090542718,0.0697083834516805,0.0349767509734353,0.0979087942956158,0.149048804163454
0.782521015030669,0.524562486310486,0.288955408472134,0.21862834733232,0.213540460734132,0.146950271726191,0.1373718595062,0.120746863049642,0.134676245152402,0.0415312253620382,0.0916311961222299,0.069225416841699,0.162506628885517,0.0315322401200312,0.00782869267560936,0.085007800026648,0.0643299828138968,0.0541295884740182,0.104647121480291,-0.0518146858814749,0.121286532736872
0.197918362606225,0.221505758270522,0.156292936305083,0.0926452535974038,0.149385997677929,0.0996686189618075,0.168318030580944,0.118841043912624,0.15096560856084,-0.0212334963087934,0.124237490488563,-0.00365272262310593,0.150256068447093,0.0297598680491716,0.017723965848358,0.0116142766861193,0.0695634525708775,-0.000590535147977314,0.058547296103091,0.0684756363890921,0.101528574560763
0.617615569020093,0.420527424976335,0.294993807606339,0.245241167417016,0.212568776781939,0.0847517514860149,0.0852091072926635,0.164195081873111,0.0741117268865912,0.0980766457265877,-0.0204347243071242,0.13951357112697,0.0101659382361766,0.0478421185863976,0.0706150885552074,-0.042102109750509,0.0678110309216808,-0.0250196504074927,0.099619019546198,0.0244621043830063,0.0973941877027304
0.422165996059169,0.345409702631821,0.342099123669955,0.194387937996865,0.29325657100792,0.184929339255188,0.133369716743287,0.00808293789029366,0.121840084373363,0.0716222348234682,0.180886074060946,0.0739936137893027,0.120204656991979,0.0459755934547551,0.047939780445197,0.0931419871530208,0.0787063888499873,0.117340067395754,0.0917029845157464,0.215234234967202,0.102048355131642
0.174993081960145,0.206183919342875,0.127588030287721,0.0439578566126007,0.15202096219379,0.0348701523259921,0.145609730170913,0.0879538956562988,0.0979077005773041,0.0953251884131833,0.12791990650612,0.0879807051872663,0.18259048261082,0.0925782925567397,0.159572093625377,0.101827692406142,0.0682759594353482,0.157975941262965,0.104719078080303,0.17411722942162,0.0490732673265381
0.286487067721754,0.303954512313378,0.384072130410818,0.339770886524071,0.323063698935965,0.45579602093414,0.416483648990649,0.510001186435925,0.439849467598408,0.416793622264457,0.484248449429693,0.378076265914308,0.437334418553918,0.412758234613121,0.372522372071832,0.44624412102318,0.419798484205524,0.382688763136592,0.420015948957974,0.457131189286788,0.375885161215192
0.326740090036888,0.378242183185839,0.3766047887723,0.311481368673848,0.323640185369917,0.391718606617692,0.358163462540162,0.294372354173965,0.387978117609901,0.391977619296508,0.26028253941622,0.418374420241213,0.349732542850391,0.447677330772642,0.283174796685583,0.331865793301091,0.280591527736728,0.405013824477281,0.411431469664704,0.390262809914592,0.360321325093059
0.432079460014291,0.433888634416392,0.300136402842112,0.435438344718896,0.35768345472534,0.3680868358433,0.430974476643559,0.391701854677139,0.411259068637044,0.321360665096352,0.390371840978448,0.437462994946659,0.423679108167708,0.344018062190944,0.378763248400802,0.449419806630177,0.39353220814998,0.402639707546458,0.387599010739527,0.455183400274548,0.356065646511006
0.394028191665245,0.37796940295866,0.39512742959509,0.332554220547928,0.483537769325798,0.532198497170528,0.474164773203902,0.446195978226235,0.491162016482166,0.475137162171871,0.543390433090424,0.468487275988283,0.570358025501912,0.468621179621277,0.473432082950368,0.462998451959646,0.490978398185408,0.504807190556263,0.452778109720326,0.452017542179005,0.499310396186561
0.150204116944409,0.230748110428979,0.388526808689427,0.363646831510543,0.410606989330808,0.332835386215616,0.448329172208453,0.527393908858626,0.469561701151394,0.523138756743299,0.419407687772787,0.421385143432684,0.544373424450084,0.435952062275728,0.461618557344978,0.486074899645521,0.4867237421434,0.405828396040752,0.50089528573992,0.490890578060383,0.448046965802397
0.858378967089748,0.661502304278719,0.692001207092061,0.595142982614365,0.631204987635644,0.600174357411698,0.626897548658687,0.553139195603891,0.605525865196275,0.541555975068224,0.597531423557895,0.647118829395588,0.699513853357316,0.608484317491136,0.591044303329192,0.591221512838676,0.682908329729402,0.695949881626333,0.513319844847009,0.557521521693426,0.606322041074789
0.328877812867201,0.414768580176421,0.387098390246382,0.491524675602152,0.425582474997807,0.365488269223497,0.496681363858559,0.428244010047519,0.549736760604827,0.622957591896332,0.440020985501372,0.415307755736384,0.434157309084587,0.571936113260557,0.487675455353271,0.413929404710015,0.522853075043972,0.43833123878681,0.496831795348547,0.598908395500286,0.418897139264361
0.427484075800817,0.354397194446729,0.465017758942787,0.407804245328597,0.493545636175098,0.468911974232819,0.46032642871592,0.535148635516628,0.565154271825098,0.474462644191241,0.551258435074288,0.54435518230665,0.544646046093791,0.535379546353001,0.465569563503391,0.465645036920691,0.517065239933739,0.480538076647511,0.424739598639186,0.49545025544652,0.43960203424379
0.229658157852969,0.279227457702421,0.363935683450919,0.256544921974373,0.348662271872935,0.410855753355794,0.357500417981864,0.371310497715093,0.359954216465065,0.286247764209427,0.275946737246646,0.374396530169481,0.335400160227381,0.337509075990374,0.389818923300306,0.331886783941838,0.402413097921971,0.338588441171743,0.482523053075444,0.322348336536334,0.348350517101403
0,0.5,1,1.5,2,2.5,3,3.5,4,4.5,5,5.5,6,6.5,7,7.5,8,8.5,9,9.5,10
0.367053290487423,0.35456080436481,0.339673591157484,0.438832503819696,0.363911811481465,0.398124626271788,0.340219078621112,0.351088092547885,0.389746774104315,0.389597102292248,0.331583555465222,0.331253247037417,0.411153806835825,0.444477777016906,0.457539857368569,0.397496025663964,0.359957222728443,0.383769343566607,0.332163955246657,0.284627857896063,0.345435934073994
0.435672731959309,0.469334809787394,0.537818167628934,0.474846201334055,0.436179254263374,0.431578092032215,0.407931688496198,0.43348788845184,0.485049137388533,0.452729732085737,0.358005992291183,0.542407055278025,0.429962567635567,0.395828455681062,0.492887656456662,0.406461704443384,0.410040505872332,0.472042473242666,0.41803098118664,0.53026664344103,0.494022969837993
0.0331766057962278,0.118119945691901,0.0115444537993703,0.0970273754012536,0.016453796169819,0.0243013167461355,0.0855840281060595,0.00295633981781165,0.0289794407655385,0.0511027089948546,0.0585034190396105,0.113457676938064,0.0859270102743213,0.0610089406613566,0.0169040427472946,0.0715139286214762,0.0277273243326523,-0.056440963202114,-0.000303559674466915,0.0897695436572018,0.0602406791549829
0.812554419436564,0.437692329944006,0.281598421614234,0.138039916539493,0.0590332664835017,0.0657852399652194,0.00842543421956534,0.0142726859038947,0.0729889721823886,0.0477245008355838,0.00786353501119806,0.027047924264197,0.0364388821930097,0.0841080852246655,0.0613833380700838,0.0655036937478062,0.0430177360536361,0.00919885774720333,-0.0258028417717864,0.0470913689414886,0.0813402278444962
0.735493349514258,0.406860011559742,0.417529880248299,0.190192293716845,0.0671085449564715,0.091050485780877,0.0292112872291645,0.0477951305823266,0.0107347104859227,0.0775997765494137,0.0330414765024368,0.0362270107988298,0.054602554327821,0.103341336763556,0.014043242698548,-0.0203939066295238,0.0116238857902394,-0.00980763045955563,0.011349423566251,-0.0448548637236337,0.0198733247433921
0.707300488662084,0.614737488119894,0.616039727121609,0.605340813530497,0.53648074650846,0.564661906427253,0.497990239886875,0.485068615579396,0.529049884420711,0.440911539349664,0.534794568534269,0.549714358870932,0.50224683771919,0.466366708691019,0.522358871355688,0.55114545055145,0.437550642653563,0.493710886131834,0.54525400858681,0.553574348551238,0.500450967457987
0.918960722418974,0.835504103018831,0.943809175551261,0.845830651103854,1.00133018947019,0.97295313557471,0.96369534302738,0.990234084101023,0.988768445811356,0.91374024880738,0.985462447596322,1.02330555715382,1.04168810068143,0.869458620794668,0.883645260286691,0.912413679190412,0.9112045516182,0.977676733278243,0.953480031789709,0.972510952347238,0.916840175090913
0.220358817575986,0.423063884129303,0.770045207324611,0.840977763495187,0.865392230808208,0.957325483377263,0.918261879273431,0.925573509835247,0.907490587798608,0.923140706941928,1.00109960870756,0.922104747052564,0.997943489026919,1.03699978277041,0.915288093796035,0.956907108345783,0.981203801240054,0.981260320693314,0.889799675258989,1.06787920791012,1.06133754912492
0.735431575737512,0.915068484716082,0.929719988544222,0.944722170933928,0.982468223099914,0.989806068213243,1.0333573549421,0.910731689735605,0.922590315625784,0.929750596891211,0.977130336402743,0.878845770710834,1.01189916094595,1.02381365570302,1.07107528356663,1.11798123248128,1.00485681528038,1.05339957202568,0.977811043488234,1.05097248373685,0.962008894086017
0.870835962691259,0.597759379774803,0.410356661044459,0.335527346249794,0.176227826034546,0.0573678079706915,0.0422843305334761,0.070422803884889,-0.0447005226680518,0.0622203377204923,0.0924164650065733,0.0908679708973349,-0.0399079220624858,-0.015499322490578,0.0619214123775307,0.0222360931445592,-0.0103840331878029,0.0159304055582984,-0.12891127744609,-0.0145800823438779,0.094687473813139
0.576483449851064,0.65990043464587,0.916282575383322,0.878751589243834,0.930439042942802,0.934478084244854,0.91285255097562,0.959407164751512,0.962839353856631,0.937175628937362,0.966052868117729,1.02527034522108,0.988088873143544,0.901001901369819,0.974804995180264,0.931643674179258,0.904493864400636,0.981149316034338,1.01254949835231,1.02403427585371,0.985124923162902
0.612993388527544,0.77106404842804,0.857828655616407,0.876539776118327,0.941310132488551,0.919760660413474,1.01307232486878,0.893131854769537,0.965709205019266,0.983141379025193,1.00885044372469,0.966955295163262,0.90094650232136,0.957528657309052,0.932378294649162,0.97913152536399,1.00770162817943,0.99955773489248,0.906396658245873,1.00807964826545,0.982231553655927
0.233645607737327,0.609688048066094,0.766108930258054,0.780921312562753,0.879666364281427,1.02641961731822,0.935988600884514,0.942278574683518,0.924426562255482,0.991740299181798,0.930191658575463,1.01779849713446,1.05313840289233,0.961164376670324,0.976652343488722,0.856828092310869,0.921021501744153,0.993988404334587,0.916151613168859,0.935015948296775,1.03861262663191
0.872828683923863,0.909043198767983,0.951793954501995,0.961948612125033,0.927348962154885,0.901179521993501,0.962045673144193,0.966425363476956,1.01103969332565,0.99759584213566,0.957334311051378,0.914961026926933,1.02763609882344,0.982062590238199,1.01146087980767,0.979133488235053,1.00439945717735,0.95716089137306,0.927945714171587,0.970519020664221,0.950069819206609
0.42653150189512,0.599010164477753,0.536727380829025,0.442376266653076,0.256505137492001,0.17906026608718,0.190601241036937,0.157357791810231,0.125947986144621,0.0527568950450399,0.099330762822675,0.0991513874613816,-0.090058572769933,-0.0433839662829526,-0.0129756600047122,0.0254265486307597,-0.0199613999219076,0.0038856116211529,-0.0276596901028951,-0.0598499008365924,-0.0120313464813258
0.472827825406301,0.313709841691131,0.189037810520493,0.119623616444756,0.094937880793788,0.0738795513918107,-0.0989332912746398,0.0336657756649506,0.0234131884400728,0.0319271280000355,-0.0564209996041931,0.0709637188886846,-0.0472026396202463,-0.0182253970681624,-0.0148929996015557,-0.0110863853674352,0.0167120600291046,-0.0256711676776571,0.0521403870293315,0.061309043279657,0.00781593050842047
0.558729676526817,0.406636674732114,0.212818821452941,0.22499722013309,0.0761807385047018,0.0541905199394019,0.00980063219707106,0.0519135821148836,0.0734268358178941,-0.0194682626422116,-0.0438708043566884,-0.0268049956233312,-0.0149267815585013,-0.010052876040248,-0.0405859349183823,0.005402687643653,-0.0562163979439986,0.00532644878311936,-0.0557219594755908,-0.0312657356316008,-0.0338232515454833
0.348581940833801,0.393168096176507,0.434323521048337,0.327326939747258,0.282957024834622,0.218928045739718,0.0985642267412416,0.0509190533869073,0.134689795031889,0.070468448587761,0.0622472417291548,0.0114349394121284,-0.0207219833970636,0.0348522569097038,0.0662213334545091,-0.0231446083960217,0.0428896277904633,0.0950614471545289,0.0778782777932381,0.0058373755381348,-0.0162512485364894
0.13249193557048,0.372232012096371,0.394056282686987,0.278120396893822,0.236916133730513,0.176376601745558,0.117484113321206,0.0581212798011165,0.157542860937337,0.0534974932936089,0.0754542673044918,0.0371807408016444,0.0936659997782058,-0.0226871581549287,0.0323848876168992,0.0636882676678152,0.0890320096805217,0.0796306102860898,0.112831912195664,0.0485999155017524,0.0914461729944555
0.514534968611283,0.584795913031002,0.476148077934321,0.303412376189236,0.347763388307309,0.217654567548979,0.0912819826214403,0.0608673157812001,0.0405023130134973,0.0227867764710314,0.0552049665627288,0.0972191889140536,0.00916054631779246,0.0298413404855064,0.0873938822696576,-0.0316657378060284,0.0963264183504928,0.0531589850898748,-0.0371250533315102,-0.0679241661916314,-0.0355870970251279
0.157345874637219,0.412929988999964,0.258114941942599,0.358900601400435,0.183555569359068,0.17220485799478,0.11431662090291,0.108032202632859,0.044194491192187,0.0782039457695418,0.0188982993541915,0.0497075554965627,0.0546065068775184,0.0331597678005852,-0.0349537157662882,-0.072684848124545,-0.0123240775607923,-0.0461552694288441,0.0325139741791757,0.0798908919063446,-0.0611997385046121
0.662422648949636,0.463380533901065,0.221833396611584,0.130236595211103,0.0671206325703938,0.0826177124080344,-0.0349312342285759,0.0592617617873087,-0.0230280045018102,-0.00499113800429284,-0.0422654117903832,-0.0456973829061369,-0.0158978960999625,-0.0108971003742038,-0.022590008473658,-0.0266822676738001,0.0282552505385175,-0.0130344896010029,-0.0147927679594174,0.023642543321891,0.0290250304281362
0.480433387475265,0.597094787141498,0.451902933724028,0.350827585692043,0.311310336165591,0.274128408381881,0.131049001609733,0.175303303796195,0.0923396864238187,0.0305964402504852,0.026701228442741,0.0496853101208684,0.0233890631958786,0.100752431505298,0.0211789145596967,0.0629054072944802,0.0687147046828201,-0.00461261568614475,0.0715774165274412,0.00892039185585124,0.0299063480781967
0.589215298913782,0.455918364314559,0.416466953865125,0.299659978114463,0.260554727348901,0.141093592115823,0.103996731602191,0.102287386903118,0.0594558355226425,0.0118678530003853,0.0874006206481749,-0.0362643410634374,-0.0212268907796517,-0.0147598149963075,0.116441651291491,0.0330186203989335,-0.0198806174987441,0.0638291538760617,-0.0477779661209463,0.0244037516692164,0.0619502621334972
0.267718097045611,0.383623458578559,0.523341661897178,0.620047135684605,0.604818745103782,0.558593619597343,0.521428243286887,0.5582526922824,0.4946234338103,0.55694331696186,0.504508615988515,0.547304044145119,0.497779628121849,0.44040581492163,0.533324665185206,0.488762891833269,0.451777981392048,0.498474287534907,0.494829101556456,0.397356698631743,0.428971365135883
0.0917710610041017,0.233068938510471,0.378248772974129,0.416647959904371,0.381485947091976,0.466781928316412,0.47741182093978,0.557317584102058,0.529524728125056,0.429352761024203,0.483615110759123,0.45106523608585,0.482739623928037,0.473999526605719,0.405152824414972,0.448499981694907,0.468767876590231,0.514186629343797,0.46607688552595,0.408470403695508,0.426271467014439
0.378971918123683,0.467291722997121,0.445376898212216,0.490473409753894,0.420323544589173,0.421228787588205,0.425080393240161,0.5120834339285,0.459584621712939,0.512818279433462,0.538454818107059,0.410987531560854,0.369073119774492,0.420684548665624,0.461422748200305,0.504725361381407,0.41617081553233,0.378566934960111,0.431805309314713,0.465881402554647,0.481754652049305
0.380707772227244,0.427668259252687,0.531398474413799,0.455863534507638,0.50806376438555,0.491654637656366,0.545816518642198,0.475078965826277,0.549511643100311,0.493675765699715,0.496723191418429,0.518103971824623,0.501383834493841,0.534270155987852,0.561623335861288,0.463768610298099,0.564550533305253,0.521711139740137,0.515794226482078,0.471405034323674,0.566640568256959
0.897704402970624,0.749917346664494,0.72041482308802,0.670381402272195,0.640096138727575,0.513458382233594,0.56432974952101,0.485913229563887,0.511518941195045,0.54653412304154,0.53390947873576,0.425023888999477,0.464382230088327,0.481450280929554,0.523050106479715,0.4943733867589,0.554311065298774,0.595943787236357,0.427484203130568,0.464267391001572,0.428571887294681
0.72248391183421,0.685509454003919,0.584358563125686,0.564700763801086,0.532300713220152,0.471999686991893,0.46974280049474,0.520035241190388,0.483464709901941,0.504550539971528,0.518849669387081,0.557536434778485,0.458711417557571,0.539148165493233,0.507958734520918,0.533660310167178,0.513143332851155,0.497145728151579,0.57239648823197,0.48024816129723,0.552857372713588
0.563764068442784,0.688604853189966,0.600621893871146,0.561525543748692,0.45645593325596,0.489549881158024,0.531919034806513,0.557868212090939,0.501069414835351,0.476022070936822,0.510559286174638,0.533785157944898,0.462808937708944,0.556319403558323,0.571333487502474,0.528003343793819,0.517679330161145,0.567691729274577,0.585149164920569,0.387668367826256,0.576082108575148
0.765643360987223,0.594878180020717,0.523163685539047,0.500283444628934,0.539792674810256,0.47727170939462,0.527759843037921,0.4600107342876,0.459517925832994,0.473044141961139,0.559738959575743,0.397951908916996,0.46756262036858,0.507388216697364,0.490847473939289,0.488674777841756,0.468950987772362,0.459033456508276,0.371802521202831,0.407845064690906,0.567438279077318
0.654649423148406,0.546681179643933,0.546955374506928,0.636841795509115,0.522526175247168,0.570898947619286,0.658492525003186,0.596309432272306,0.629361039934539,0.496236884799746,0.558014164579857,0.555311364601043,0.585033572928612,0.505756243283573,0.453675471576151,0.601242590848045,0.641521323513821,0.546747644505914,0.632622215669358,0.530514490422626,0.50730514846371
0.264523316702875,0.606576743912681,0.719069642009503,0.892006755998334,0.955898723471192,0.879062340422156,0.934900712435944,0.948499750838011,1.0638439530736,0.953359571037308,0.987612368889027,0.956435784572249,0.94779541561607,0.929465410100858,1.10189448458678,0.963364869771676,0.993004390236463,1.01857100381522,1.01132088635374,0.922934488616072,1.03912835526279
0.674453968439732,0.565490189301987,0.534817618068829,0.444598846289409,0.486558447393189,0.506077672051714,0.501144216694817,0.45700430958227,0.342173243230496,0.395562817334112,0.503756516353303,0.391894963482617,0.318948993413913,0.411025109909501,0.459949132959123,0.350770766115301,0.465226078459661,0.520208264477528,0.425182719760689,0.371700838263199,0.387790392269215
0.393646761095522,0.450781954196708,0.449209966693297,0.345868914638521,0.433311689227105,0.432849551494218,0.420136019144398,0.431148093216433,0.54409230914351,0.393388811141396,0.410699677299568,0.422016369508109,0.371718070575093,0.440544800518064,0.47431043873111,0.49962401239577,0.434784358168318,0.534134346832806,0.430155928065703,0.500006358859337,0.463516476100005
0.553735423780038,0.595827962882071,0.543624219848775,0.534315168527819,0.608114449121339,0.464823417160604,0.594782556861098,0.514991801248564,0.531038170694742,0.485655298475615,0.518501961458941,0.465833422816522,0.559433934488474,0.497060417137758,0.481998356130439,0.54395946105366,0.519723074728643,0.55992349371077,0.511763357916094,0.535647406223693,0.507340409035562
0.601441492598846,0.494275964429966,0.432025889765376,0.534138115228166,0.444877900195737,0.514506018794694,0.413330291592244,0.351513562002125,0.437915960997876,0.421157417576823,0.38331236531358,0.480615839563352,0.360667389144862,0.44908985967658,0.412731692437028,0.391678371183273,0.377277793593235,0.472630548080058,0.397218706706276,0.47046163226861,0.384960645999875
0.292215580854394,0.297986672943353,0.405808931127458,0.370250829321263,0.365818394591042,0.398956086748694,0.433632118913839,0.392104695333949,0.396978740924712,0.359990464007468,0.367597861203159,0.321483551648581,0.426955216844217,0.443863048736555,0.354273531159385,0.385526257289038,0.507261037790434,0.428148881649171,0.381553162942443,0.383714230917234,0.359313332489102
0.0391621397469123,0.235709363106197,0.336831785820105,0.403687576029778,0.40519848746981,0.474840793269092,0.399790042617615,0.458587414108785,0.480268571948646,0.50247119462899,0.459604904908093,0.516291810513085,0.461658665763788,0.457060536234326,0.496708240847969,0.531482101399552,0.540698300786197,0.502444129242667,0.512609167063036,0.499358725958554,0.518894930099117
0.569231573104277,0.570431477147941,0.504621847112006,0.549743801913281,0.446578628136074,0.422760797770064,0.580546650326934,0.427956377108751,0.407859591985605,0.479996458653021,0.470178245771359,0.485929994032763,0.478282679112247,0.479814561797225,0.465415231614808,0.414021796497284,0.477419956272215,0.472503588549385,0.569087953621325,0.503171623774359,0.437535988568972
0.346944647492389,0.663109718349785,0.832443632944731,0.81452335302797,0.887627842106474,0.896393980624425,0.996926750242476,0.975913385502177,0.933737902916416,0.924833976242875,0.899567197844104,0.940178096793259,0.990110798600966,0.857575363839116,0.951295164854977,1.06944872456372,0.874398709312005,0.987331270501693,0.913359366358516,0.965821433102673,1.07736771931829
0.465200068533055,0.58114839283896,0.80294073795584,0.794171747270323,0.868917392358396,0.890187244131255,0.954779467599722,0.923307663738065,0.889325269293647,0.842460845331967,0.930245099213978,0.884784521201121,1.07460851712759,0.942925507742061,0.8841613748995,0.927941278827378,0.953750590894303,1.06069977824362,0.827256193773388,1.00471058726944,0.961103957984794
0.0581889610987059,0.431272412451263,0.648555697257984,0.797094106812792,0.8901185558569,0.92767305865497,0.855377389329407,0.965891405667427,0.983684538169986,0.97896558923568,0.981292270734761,0.889999934577963,0.981233906084578,0.918831961277008,0.85847852119596,0.99415243851087,0.955264555376116,1.02762479110463,0.958695090126351,0.926840430970401,1.06161891919118
0.181009975252082,0.530369614461139,0.737644702520825,0.887185463973436,0.79246422614849,0.988626515552192,0.865747393200215,0.985003769742733,0.900940210799055,0.989385716375734,1.00246357272658,0.969338730016371,0.930689944504444,0.991415479609904,1.0074028884542,0.972686010625304,0.936879814687932,0.99434933726908,1.06987275542226,0.990767382097108,0.984302410784233
0.721720900274525,0.805347046241964,0.802697536127818,0.903910983053371,0.880680488482152,0.965834482994647,0.894110914645084,0.972779488354696,1.02725118678772,0.902283991395904,0.918018057748483,0.945066030256853,0.97324843284549,0.99466271481948,0.996808130078974,1.02084866412619,0.8972548259186,0.977106330074701,1.02462516263683,1.03554065307026,1.0126611876844
0.682763680805594,0.373555133812611,0.248322170227791,0.207783465348344,0.0373224455843077,0.197976143936926,0.113666112609066,0.0384093076619694,0.0180398984905193,0.0950093170539189,0.0533839031355079,-0.0316083536795131,0.0101550983675087,0.0604040460333887,0.0878445242665485,0.0879946874890531,-0.0143495966097808,-0.0748619181646367,-0.0158417268757856,0.0228696819293917,0.0480630151856947
0.391849776978984,0.602785637305277,0.845979820477424,0.837545642316829,0.842548268439175,0.861481285485113,0.940142603697619,0.945632216457921,0.952089434563713,0.932064511767959,0.986675590301103,1.02572632055388,0.93422500475408,0.968499516743257,0.843143885181327,0.951330190888921,0.925421310119249,0.931329794281802,1.04476374707207,0.94417249400549,0.974761044928514
0.46448090995919,0.701728515754284,0.797885852731309,0.958931984405283,0.983544069470569,0.971825500870278,0.852096102874553,0.97111053641608,0.954753125887506,1.01149528375271,0.901833727737922,1.03608639113615,0.997027955988269,0.899975327152149,0.982118672752291,0.88381297405338,0.935639902739905,0.891718049515312,1.06602394699341,0.986860906683604,1.03603296346051
-0.00422073754372684,0.331654518147129,0.738988502191323,0.75747481154226,0.80289124886552,0.911551472363388,0.94438899926758,0.940923445266641,0.978485792324449,1.01299404083793,0.955055585234324,0.981041026989424,0.954454474343109,1.04195960248072,1.00776551949298,1.10065022798589,1.08346766376394,0.95262055751999,0.977370348542485,1.09931771428918,0.946230198083077
0,0.5,1,1.5,2,2.5,3,3.5,4,4.5,5,5.5,6,6.5,7,7.5,8,8.5,9,9.5,10
0.487381179288729,0.428509801840555,0.467051729977717,0.410745833413208,0.441402169436739,0.485613534166015,0.436896140867511,0.419516401924467,0.479615110285316,0.430310397929232,0.508830409731097,0.437536964274045,0.455313861551626,0.41427451131807,0.406308205484953,0.4474599797982,0.388150039928262,0.42477707281967,0.334618452309521,0.451438577912566,0.512647473592325
0.124147120826289,0.199915855328288,0.150448933309659,0.12841484635692,0.145147649348239,0.0670528745956296,0.142019505234011,0.16880500738658,0.144758437513396,0.140642983462427,0.0869283087662754,0.0848654526444152,0.126223033864411,0.118742444878887,0.0794170848797209,0.121126759134204,0.0771068189682803,0.216624430581831,0.13918690685173,0.14465497441095,0.19169055445492
0.42428022246972,0.429077311575059,0.443097287581509,0.456324867813628,0.364849682338876,0.393924683949517,0.362359534342343,0.48230904880609,0.435112027931638,0.498582626048587,0.42587509698628,0.425467053319501,0.416133774465986,0.459711419445187,0.541916272691158,0.470398892368117,0.572344889423655,0.482027712143234,0.433475493054755,0.487142776397478,0.351452719491192
0.751346540160958,0.495289329490131,0.365146557296779,0.237255874059755,0.299647776959559,0.264674861553366,0.169787464394701,0.216202681363648,0.151657248691541,0.186156533988714,0.169499897022676,0.169432784620199,0.196899660855914,0.220086971107745,0.1557260700599,0.241358990405178,0.257298352128411,0.107451692245678,0.196205092136063,0.189418046751339,0.196932633290703
0.566137055692554,0.435581146948089,0.513248453622148,0.425631314881496,0.521775253862793,0.469205542739685,0.429718734070252,0.456885648468704,0.414468543628392,0.370130397455514,0.426515526897626,0.346752730827194,0.513129867560512,0.335600377356501,0.423043700201542,0.527128373827688,0.351372648228577,0.360371551617169,0.392037166128977,0.437963672346506,0.478673386570893
0.86678782758501,0.522188205636522,0.3056367785511,0.267903534517014,0.254616264056543,0.137844729653586,0.109586008331238,0.160594422031971,0.144902424228845,0.0280404696851109,0.0918560906786859,0.170383032726235,0.190167904872492,0.0662512544448794,-0.012737336158515,0.101099646372865,0.128291098737191,0.110387742466492,0.125584680177867,0.122738417857946,0.0865679470113105
0.0815300918753596,0.308423800278045,0.441488109219222,0.444493778310773,0.559965772644881,0.53192020157239,0.548161781427676,0.651552894540102,0.516006018976771,0.483448292315494,0.555928754343019,0.538940337787498,0.53854572656771,0.50110392802298,0.540400931355276,0.492746032871436,0.559557196848069,0.516419364986083,0.57803233655756,0.58146263945217,0.609238098799987
0.417360452557938,0.449699158426852,0.543259589004743,0.504257967118195,0.573740792733796,0.636563753681776,0.609051585823677,0.597937091948349,0.662648117433451,0.632877572442211,0.669823016763912,0.698503611328487,0.597993412118953,0.543025758324121,0.561233655255631,0.6753190271481,0.639020913023033,0.557343016358609,0.658973104480892,0.612044820182731,0.744603639988174
0.933335599602038,0.780398585794722,0.650983290934903,0.69630911711629,0.606707131013411,0.620779207236519,0.598401374650404,0.560129328449223,0.577012500380402,0.520314518215852,0.593086391190508,0.43348951715513,0.537043292166341,0.523568166604241,0.484897353584367,0.5877891567408,0.557077449984556,0.620870731534369,0.62428211806201,0.561864608806543,0.481107818675408
0.531031101633214,0.347711032164411,0.304881916091482,0.212528519985698,0.184327390593647,0.133373112072845,0.105664555440756,0.0809360667321721,0.0821452394044416,0.102702716930522,0.127424073372346,0.0371551026285994,0.133701475416052,0.10416418282648,0.20482968234451,0.156421923177849,0.0994092831803013,0.168023072786136,0.0938148668332686,0.136261474869076,0.0878938568861933
0.901770199454985,0.851276348157357,0.745507962146924,0.751181946367417,0.743265968744202,0.709876463168539,0.773664344374171,0.706323379888143,0.759646924314194,0.723060657394801,0.729608466433581,0.688479943021972,0.770430337883037,0.718207633536703,0.742923454463871,0.679096928509584,0.605358862857127,0.781124066408977,0.724127563131866,0.784456252613173,0.642669926727183
0.937492948417662,0.865548593752888,0.820791926795451,0.772613917656505,0.802193372287235,0.803788198716462,0.833603323901578,0.821279672217681,0.908137663979516,0.814617204512392,0.833833407044263,0.807590748106846,0.815376701803188,0.714514288841831,0.809171164919649,0.708184692243808,0.817166361525182,0.817542618649792,0.7817606010236,0.845456500191032,0.700831688948541
0.592259546094315,0.592993531221937,0.533111268473418,0.587702509453852,0.581182862989461,0.569108799156167,0.560616649294578,0.520580907803459,0.483479246954559,0.480152068298176,0.500492141143312,0.508263071400931,0.450934043444175,0.525625037325253,0.522722111503203,0.445249861185562,0.454526144887655,0.48299399497191,0.544664100673258,0.492003071149398,0.524053399068021
0.490452157352781,0.529107921770194,0.520731222351378,0.599170786100837,0.550696433766959,0.618051412164401,0.437322602246946,0.578606787159162,0.573346507845627,0.626785685819468,0.568591337727516,0.531490364239565,0.548486582270377,0.517155785959648,0.513609300075695,0.486883730787719,0.500917871643482,0.503332447131099,0.584058220863306,0.502945531360601,0.527315610405553
0.320267920490382,0.423782292782164,0.541200700789407,0.482281986592087,0.492207720100123,0.580177992600498,0.546087223842826,0.504311998258199,0.435734042261546,0.597471167601946,0.509040538851058,0.527495897339375,0.531606889928099,0.455331814481702,0.522619538263958,0.502698048208781,0.482994406340153,0.5158370314937,0.537539169471579,0.448442577837599,0.534687468783512
0.40280511849965,0.211301588779645,0.325724211690063,0.255110748021002,0.264639453828658,0.133017831723167,0.180206954532337,0.223927754840697,0.219724520000226,0.189201541509575,0.101241598008825,0.163969513414639,0.0944517120089864,0.116817342065216,0.164461971670038,0.181493099905795,0.219459612216948,0.0827192118765104,0.2434192668962,0.178673576791998,0.169306708223679
0.647266006809514,0.513046850058282,0.418576094615754,0.335997568888705,0.292728577735199,0.302509836965014,0.343305331624436,0.291257537349223,0.264771176033708,0.18637065696162,0.233810600446537,0.329999369584766,0.304542468472977,0.28377126936876,0.318515460708443,0.262080609247534,0.384052346795362,0.250405488479891,0.333469931513717,0.329173554745413,0.290936387919782
0.255637205112333,0.399975035344637,0.606588132882813,0.469089976736331,0.531421462013153,0.434531908570186,0.485906202480367,0.430827075435416,0.476603285114723,0.505512820238661,0.505027692499693,0.445291713669667,0.439797505933834,0.559899519692354,0.506137181491511,0.514260956340662,0.528647962379798,0.436151391745005,0.558420457081265,0.416513070861672,0.417070995902358
0.320840714029442,0.442603692172851,0.494365860485255,0.561115205124387,0.520123710176336,0.545135234795011,0.464996823796021,0.502518029236078,0.646172116752869,0.532240976349078,0.56547506169929,0.554201176139887,0.514943556321976,0.498737070968639,0.494004536740059,0.46310513462872,0.552132856097401,0.493533772158536,0.499498394053451,0.47632965620474,0.512716385834956
0.484483962860984,0.4970414474469,0.408674889888663,0.541040836985901,0.551513089070949,0.50736813699588,0.499954692825153,0.506121536153551,0.493416748280809,0.511041648613208,0.422706570247731,0.443600277147145,0.466127016853001,0.461847289758759,0.407140132005652,0.378257299457064,0.371575372523888,0.495834335149836,0.457996279899571,0.460772326122787,0.430394055383057
0.421378843184604,0.491964301456568,0.412799136289068,0.431800352321039,0.421045000132445,0.427917469096495,0.427745222217936,0.441431111529577,0.390872002064876,0.363097154524905,0.41198993027394,0.391883138155771,0.385427781014669,0.298758277499968,0.274332782364152,0.444303855815887,0.462555577684571,0.388600525805665,0.392163649507463,0.273290052415067,0.406742129038006
0.550879831279972,0.381135866106545,0.30573131662156,0.206323855109016,0.195407971978835,0.111502333735225,0.21174026990846,0.122003343090791,0.225370180763274,0.140645115869632,0.213613304924888,0.151580058465782,0.195778942920342,0.195597638641847,0.102001248977805,0.150354787941303,0.100452835135596,0.131363645278416,0.130619281521398,0.146560937169163,0.204533416930312
0.206567591905888,0.317704855946443,0.403543375376043,0.465466945201869,0.397481775408636,0.533480319384333,0.470051613473634,0.420356469800905,0.434890440829321,0.489240108280788,0.388774416864951,0.531474583750429,0.472455715517684,0.440587250592768,0.522199963254745,0.45774669225491,0.392514134945943,0.498404831650711,0.463243785066119,0.418008533096316,0.532403745441476
0.450994779433031,0.515621136405748,0.462235659229418,0.336341122259028,0.421496873074762,0.355997191009396,0.33718397119948,0.47758793597146,0.329031940643796,0.336113505178296,0.341017432064299,0.425340287921387,0.421447926229052,0.338721294849612,0.362218057722771,0.340357966909225,0.400283403606129,0.351326337378138,0.396118259430118,0.258962114877754,0.312943506112803
0.712949633858717,0.55782446691197,0.523627881943309,0.305352790338389,0.364312555733135,0.126670377281214,0.126844978160048,0.174060606901473,0.127960583946551,0.158298696867385,0.0889943116462757,0.0666800978327389,0.0360142564850287,0.145831949846101,0.0762248179894209,-0.0116685907961378,0.149288737991217,0.08335357947026,0.10543302335618,0.0350513448245278,0.0796916720697
0.223275102211818,0.170410306455074,0.177082797208432,0.169422335501149,0.172258113259942,0.148349288819618,0.0241316905817196,0.0566761949014272,0.127499166480869,0.110150014720739,0.211181575685401,0.105341701832083,0.0698886396668211,0.10215330693374,0.140106547692054,0.254577789072335,0.0833423376675618,0.130149512539791,0.121536401897929,0.179107264200386,0.0565224937094374
0.178081225004493,0.224232954534004,0.1237363785927,0.0803312005377291,0.111634488934536,0.107157051471204,0.0880493173615321,0.15868186162552,0.0812964257465126,0.150697610455765,0.126346333043921,0.112880072722282,0.0541647502851111,0.0855652412742595,0.0288601739568311,0.0838365765852683,0.0558869511169328,0.202048998164829,0.0352049641531962,0.0837555436116321,0.0500937798234441
0.686819541157312,0.438851580710306,0.450994218090771,0.156474029388656,0.156136697908945,0.147820927763088,0.114280689901054,0.212442126401043,0.114349263932787,0.117162235890572,0.0941409398210879,0.0743765143879613,0.187320117611705,0.102506272210862,0.136075314855241,0.0801645717834693,0.00158236589407094,0.0591447264202837,0.12720955132878,0.107498939795808,0.106550289156985
0.440405336130143,0.321738739951359,0.219184118063783,0.179168015160784,0.184009827303136,0.0575007857174293,0.202415857571482,0.143335995913465,0.0687507316475843,0.119295303163316,0.0973070110440259,0.139057632532119,0.137927612773098,0.162524815904756,0.129766140271384,0.150686876161971,0.0328883835279138,0.128895385040798,0.148250280986519,0.147953631348052,0.0818258667303229
0.512630316640584,0.359293504830397,0.284189501455019,0.22404706295824,0.188016778029288,0.141595773197513,0.129145624110981,0.0930430021787341,0.0724041624828972,0.128530297895542,0.107531978998315,0.142178497260068,0.146139138033095,0.120393154784207,0.0900577827506069,0.0754303835977378,0.168893611756361,0.128762303321567,0.139474050023276,0.0947633340058776,0.120293819649944
0.339851462673411,0.194451440567602,0.187880288455399,0.208449225588242,0.187422120773928,0.122804662124013,0.128518463874116,0.26020951364242,0.112833099280265,0.0882358219297022,0.122963086448336,0.155824462126507,0.124904154958113,0.138769702060684,0.164321832014443,0.120589064968286,0.119216126016636,0.164493811409423,0.235097297223579,0.0750294205084554,0.0900840395975805
0.312269557081088,0.260230204855028,0.21681777978729,0.237082685976441,0.175280840136303,0.212002504652346,0.119351077920329,0.134384964185381,0.150788391216908,0.161078709616331,0.214251491363814,0.102543107745179,0.0436526548972138,0.13919123766461,0.123215763355851,0.15755464010377,0.0507697153921008,0.0725208645090581,0.148179480014743,0.0643594457527369,0.269037179786895
0.964329509854516,0.578717444471011,0.406833582654179,0.284728587593076,0.183248862928094,0.129896095522448,0.192053949233037,0.194980321760481,0.0989733812570958,0.144753808933591,0.1574473835002,0.143095787840625,0.159010360417898,0.182022650208864,0.125415117624505,0.107359888176611,0.113270940551845,0.154147936914855,0.0733438882121126,0.085068276670954,0.0550113099727932
0.361436169947355,0.5263187143081,0.52933832209393,0.675485326057202,0.550514485870152,0.717583600367221,0.730338690816399,0.65958177762461,0.61766416413695,0.697702248886269,0.688841881232961,0.691204489427603,0.71043666138919,0.696675509715702,0.737997560220477,0.741237493312715,0.603695290234441,0.667892625790791,0.731701588094131,0.698741632945236,0.749321039405093
0.150451825152163,0.140588730671343,0.0750502322307546,0.115678416441368,0.15239122622178,0.10195690702619,0.105341715030972,0.132737855244996,0.0741541289960973,0.146907589032766,-0.0186694510866289,0.0252628366677148,0.0519476451968461,0.121052046958083,0.0751340194167415,0.0706568532558813,0.117926121311122,0.0694265339753912,0.116002426596672,0.0926793414061332,0.00724180509633923
0.0586810544224489,-0.036338677877142,0.0574949310959226,0.106444002515937,0.176749389726255,0.0403255174193146,0.0360767749383452,0.0471769055843695,0.1154303673765,0.0506138873874502,0.0116272843351736,0.0764036619343945,0.0765433684238378,0.0479321304981977,0.106253783651032,0.178297909898895,0.0945283399097229,0.145393681905248,0.143682676545735,0.158791451326632,0.122165198810111
0.660802656907013,0.418497209013006,0.292554829633566,0.359851466440585,0.219516081109484,0.18538739849485,0.129827457444151,0.137828314046302,0.155509066961545,0.1474829752818,0.180695999776764,0.0815230415936495,0.133651822961469,0.23614596240577,0.123504114346817,0.201081877334275,0.25634599469841,0.146586539392851,0.195633241161691,0.147082719079755,0.14982533627196
0.472337567413444,0.307972245512094,0.165632366588643,0.10363504488691,0.100028955908503,0.113141731338734,0.0995577527751277,0.13016232753212,0.151808109530788,0.0198184360524338,0.137484007147255,0.176187618788454,-0.000465312609451582,0.037490700265623,0.174832290037492,0.137340434542456,0.213205576366719,0.160944738182212,0.164740927466776,0.0702708528895808,0.175643232290328
0.804112166705303,0.575420073779802,0.292829982767129,0.276343032619399,0.160821973253914,0.151073502790801,0.0565506842072981,0.184111319319812,0.0799225956746059,0.171410788016058,0.0710460515193531,0.17243528381569,0.146250801319084,0.116690695834487,0.0964676824218102,0.0434722526984104,0.0565525317632248,0.0578104711893105,0.103180534290779,0.110031889517456,0.0739297340140461
0.172938367803651,0.104666230154817,0.105473467262617,0.173712590822612,0.10158424587778,0.126902719253792,0.158113381450748,0.209805843884848,0.25530387574483,0.178596187372685,0.151242518299238,0.160202612936116,0.176829777671442,0.185191492369108,0.146213168755269,0.0842237321626446,0.10115622550933,0.153419970172069,0.192427228892095,0.214650974590353,0.126187706159314
0.583445215758578,0.319441773705448,0.30157484081329,0.300986202180046,0.0848418808950322,0.230011272615115,0.165916333088871,0.148827395978536,0.266795269668258,0.164680780420562,0.159855033128718,0.151832791743165,0.137050086487615,0.226430985369383,0.164716388110267,0.130337585103556,0.139743817426359,0.174801960401506,0.174319183358295,0.20356007702859,0.161571830242594
0.0850233037344855,0.251209939620123,0.390337359665287,0.447139128785917,0.441231342966102,0.521698222524817,0.531378036071303,0.510467133776398,0.617971824930723,0.612470171351517,0.611514946608305,0.564596388875558,0.461700727675869,0.581030601440005,0.535710503316525,0.614089639839247,0.604153655718697,0.556402024202627,0.509093800144112,0.52366261958055,0.513117202668831
0.41317976888638,0.403601350279133,0.394555893712047,0.474186049336003,0.440640250422153,0.547811745494713,0.478331467204608,0.445855647843384,0.514627212162782,0.440784672377106,0.457732537757051,0.513794234393383,0.468263206705601,0.492981102608168,0.480419381343759,0.492903770756013,0.568279288827003,0.550608558871886,0.478684003438137,0.436742150523795,0.461306318171664
0.536860263043151,0.510120497989571,0.53441681359514,0.394336866909939,0.598572146789926,0.485393923913974,0.424294491763089,0.575184495997746,0.598247648133601,0.472481213648634,0.458264169507062,0.566114766615338,0.475620152019777,0.610944703966552,0.49004837579605,0.529672664717267,0.471602725303895,0.513345440579258,0.489587603282972,0.515185072346966,0.448099498855398
0.376131743513064,0.387956393996521,0.48188319830742,0.61588765970842,0.575849578773925,0.567191767789392,0.622848557110544,0.604173414540023,0.538601672009528,0.674940967870775,0.676592003301184,0.582271795608596,0.699679127241938,0.637820045096605,0.660354174909093,0.639388729828867,0.629831787730822,0.538197466252189,0.630204233815714,0.690841127340504,0.588876469538206
0.530353108537938,0.515596685754118,0.529158386694514,0.60074424231267,0.584034076361648,0.552391621068997,0.565208581025934,0.596851620049671,0.562623802409998,0.541433975844974,0.483065681756932,0.571616985774268,0.569314614530299,0.61087497570798,0.60397670411171,0.556086193199523,0.575328100835115,0.581235281182002,0.587286526359748,0.661896718403942,0.603701542096797
0.355377545043806,0.4380485515412,0.460733277926633,0.514933008824559,0.492473872436327,0.480388506580969,0.41465937507309,0.493624429532839,0.483507408865071,0.457413967670686,0.486629768428062,0.470813506627671,0.54537175040189,0.495095894406102,0.524885318010994,0.472130633040487,0.503641397496797,0.473647471492588,0.498601570798221,0.456019910334488,0.512969928867997
0.550817169380974,0.568017491994704,0.597848267267022,0.554044891998675,0.592152025374738,0.656265195734564,0.494058566069328,0.564348711523976,0.48078636241426,0.589352002873654,0.589854418319971,0.593519037671576,0.556695452353286,0.636147065997787,0.585664977667262,0.656267610633097,0.577143007591155,0.533867516357449,0.595495531807321,0.641320350503185,0.568214451379526
0.372526459888349,0.544000326075592,0.476981464085318,0.507048237166935,0.564581750551285,0.461326754705158,0.543800039424408,0.614338988917796,0.584360830529823,0.60213573209086,0.562720013064093,0.605507324751744,0.574129351967021,0.568246718324134,0.545910468757733,0.590718608777072,0.57497671824341,0.644940796888207,0.592456909721381,0.631947311191785,0.60792498073289
0.98734492178421,0.79951203610935,0.582866679725387,0.615021721864468,0.534256640776645,0.530678591970332,0.564732463687197,0.406661928590439,0.49535883453063,0.527334093054918,0.586994358438843,0.525041730134486,0.523845299819253,0.456440918090639,0.489023319575707,0.573262380297644,0.455086659230911,0.535695760230344,0.528869178343713,0.428804764461207,0.435318922540157
0,0.5,1,1.5,2,2.5,3,3.5,4,4.5,5,5.5,6,6.5,7,7.5,8,8.5,9,9.5,10
0.39435222329449,0.416290604209055,0.402650342099152,0.366215434245329,0.362776948930662,0.376248701942941,0.417784402456904,0.32840838756143,0.286339042123042,0.3824801994684,0.30690924338528,0.319913692283374,0.386537658521819,0.358561994889134,0.373803217031057,0.395483464725471,0.389518150826211,0.394037504966296,0.328406969702854,0.413740419159572,0.434617434314653
0.151401641619291,0.0882577014554631,0.119164717240138,0.172254805121438,0.117454630105671,0.156497691207849,0.120195495008977,0.0984026438488446,-0.0318082836589935,0.0860567140200765,0.106757998268869,0.050786653542339,0.128645132840042,0.125620911026694,0.143793273097474,0.0709893843561563,0.0556968975286355,0.0550475234454792,0.109151236098562,0.180239126398825,0.171292982680073
0.419004478484475,0.275242373554716,0.398889709677707,0.348159355798112,0.478370157372091,0.391146218042663,0.355248476108204,0.401834631355006,0.412284448448896,0.370189406339892,0.35911254020736,0.446866063299586,0.400021091019257,0.444462621133679,0.429009668873332,0.36410615180267,0.471065005672578,0.422872574127063,0.525236218182848,0.474809684323526,0.473412403231693
0.467443309974372,0.511819851348016,0.425183478992314,0.380610984159092,0.272187449644537,0.26398825425369,0.239000261006871,0.193057399532476,0.178182950233821,0.115895088881508,0.183453991545004,0.21967305129296,0.272275703766304,0.206211084032398,0.228041253625322,0.17213829506337,0.150131215975583,0.191813736697416,0.21419559330555,0.140369395455944,0.0602413523424814
0.919668313959123,0.820549146447676,0.615325140940852,0.48644197618522,0.387626979849031,0.391353149157048,0.420812748011946,0.413338234016028,0.370439135018714,0.405674639791539,0.413033382140826,0.375069317284469,0.253581854389737,0.320759298562098,0.451381943397578,0.410170235902641,0.436295457232069,0.396757747682598,0.319360030099875,0.405401732321297,0.462005587135014
0.493743221221608,0.415101599002222,0.167846504178603,0.102142678609062,0.127178283580112,0.166099621974913,0.0781495881059635,0.0542951850634985,0.0744222407258841,-0.00948251498535115,0.0102754520894286,0.0319546564971541,0.095813020718527,0.0697119019941718,0.0540053605743461,0.1551156225163,0.0637414211477214,0.0834593912910265,0.0592608937987836,0.0906786934024246,0.0185139764618777
0.37765599689332,0.376143508718868,0.489942296409883,0.489738755885639,0.518756348426055,0.504406053890933,0.502980446921851,0.512333083908646,0.586616794508784,0.539748457482478,0.519444215605336,0.555642151930334,0.53755828359254,0.552195238177564,0.545828379707104,0.567471300292753,0.4698268698064,0.50392243318744,0.543613478031542,0.611872312018072,0.504565147210941
0.488209593191769,0.556958800461012,0.572443400889738,0.62646987671735,0.628912488053152,0.667203219290431,0.616054534228407,0.651856020655669,0.698289894964985,0.597496658104398,0.616374360011507,0.570013870395024,0.69880727685288,0.628546506670498,0.64559784965019,0.530393453062074,0.656106371308231,0.620612103519424,0.756326729608077,0.575503779861537,0.569615179730836
0.507830851821595,0.59734551276883,0.49221994092862,0.565401839328086,0.581831740854557,0.56868757269225,0.541972020993422,0.503314196639087,0.584777805590204,0.536903728492436,0.53558774355473,0.589530079463138,0.471140490763982,0.643445818427268,0.609581197631734,0.442905872021199,0.515069883819525,0.634443461479805,0.618069712813722,0.529895602849547,0.60737392314083
0.513316104949912,0.315314809294147,0.218445961922121,0.197389629513556,0.2830043810177,0.118210904089674,0.136013484408025,0.129842864614562,0.113991118324362,0.0272526855232547,0.142588135127837,0.0992732072181408,0.0416976310849973,0.0703728074948585,0.148700294220189,0.133163631414851,0.0473724442924494,0.0703440330542018,0.0583577612347171,0.121693918378949,0.00435229826132706
0.990889694451947,0.907037378681192,0.791610158216322,0.694976769641255,0.787031433947623,0.715765336197631,0.746374858155228,0.763255123943352,0.679349345250314,0.637730567636397,0.733241538028572,0.794208817158676,0.732195190644815,0.759076170470921,0.748502823891443,0.675575662209603,0.715971501511101,0.708333580795713,0.768252668384427,0.734622251395278,0.689641271494086
0.74902160255509,0.867116209886432,0.994761383660663,0.860086272744527,0.807630954254803,0.860657030741027,0.846404641627267,0.766379165658454,0.803770159342285,0.698204652023939,0.913247574334061,0.812037016834556,0.85074244549091,0.750629412676834,0.772089157398523,0.755182776952942,0.832556330663712,0.769657393153278,0.802073113122982,0.802559557623592,0.778599699833285
0.76124792707255,0.828072268380351,0.683253445907157,0.586253309528107,0.573968736241009,0.59382780444417,0.633957061084368,0.545811228910381,0.489811566582794,0.53715128928606,0.604042163725912,0.477519421512595,0.475394455551315,0.56751005471892,0.547299961686889,0.427577797205276,0.504210475178815,0.505027223097225,0.585962275126007,0.542441314855702,0.472978334888796
0.400725635700459,0.431832207055445,0.447455705408923,0.521788953207418,0.581464060353758,0.612028419106318,0.639540400392987,0.578224126254899,0.590134775207781,0.539937854281588,0.597213829901739,0.58534888821597,0.501924402026559,0.561360438188369,0.56848254529152,0.524009472270721,0.515772380921721,0.562730997792691,0.523868796599854,0.561775677567841,0.571573921118065
0.149653703814995,0.437450352783898,0.543041307543092,0.548436160865847,0.5974957604279,0.611504685561536,0.573348169089475,0.532286879695806,0.599613514525568,0.491501405187026,0.44994777146175,0.386587248680656,0.445553084801676,0.519353564886354,0.461394804929147,0.389818724481278,0.554459875144119,0.454636940339996,0.401951615281056,0.498182873652133,0.504823961180569
0.520682260471808,0.424488110325804,0.341930119837672,0.327766307970886,0.273852009970323,0.249120249838798,0.202595288231516,0.10715953180249,0.175588511035301,0.118271733696261,0.0690066702001878,0.17107545809287,0.113084851434482,0.175734864355114,0.129052128271024,0.177802455280592,0.184615152906684,0.128236589633949,0.12591475890877,0.151307975225081,0.131306671050052
0.459384264422421,0.405633955839187,0.498730321194123,0.346275468789842,0.270301184470317,0.344633744255288,0.22429278384608,0.288444225602943,0.357207001649801,0.275246307238193,0.200485131724707,0.160687064695778,0.212822986356473,0.269666193310746,0.261494803825619,0.256249707069892,0.256933070321562,0.248574275882101,0.301988577423965,0.251566951231582,0.163348312140381
0.759033584977636,0.838259363149163,0.737203478156162,0.694443624148685,0.656958232172457,0.705797413419593,0.585193509456925,0.551384816608433,0.531787235489065,0.515743003136644,0.411948987409937,0.545019257090038,0.39990793835008,0.534313485309713,0.469152637236781,0.444144339646724,0.485859519554427,0.488691092351987,0.422334985761994,0.490508692561344,0.507795933378395
0.860904859231136,0.885884893932596,0.853753857119512,0.805580734139331,0.605154392072593,0.694331389370873,0.593505657461687,0.574777071641988,0.521422823280573,0.487665021535567,0.504788220324293,0.519063975059912,0.527368974017954,0.479331934824882,0.427739033972242,0.479698605057258,0.508832274516546,0.608624706357794,0.487192067050173,0.46788772466243,0.413447115678853
0.600021501253372,0.779752662363536,0.727994177042032,0.75690848488907,0.543373801777532,0.586833627831767,0.577509558341883,0.366819296515961,0.445101697707717,0.421263499374417,0.455260642571843,0.446165204310108,0.463803746322125,0.405670825105333,0.4866074977756,0.404802784157208,0.473338936202296,0.465923820404878,0.390626503354791,0.424767888208898,0.34723926956611
0.565416564285253,0.642910247231231,0.669826927489982,0.682703941214206,0.551085200593207,0.556288232715346,0.520595674664422,0.465363387930096,0.347507169092592,0.342616993978775,0.380767967613361,0.335026017698227,0.391772416038153,0.353094573155742,0.350309838948757,0.292456287470926,0.3771395610711,0.305899130038658,0.315080327167119,0.314838304395414,0.390353675319218
0.549460386745666,0.530626440411442,0.440339069032243,0.385319134072542,0.260046986374839,0.267709616935319,0.19122087681137,0.173230270226679,0.111388226628872,0.14526236915876,0.227045396822873,0.0629690071014787,0.222232354889315,0.11905763512361,0.138696976526308,0.0635942268014757,0.237541109512475,0.166061317134285,0.199305364211845,0.182179643614719,0.184981117196381
0.785202484125839,0.752109128381434,0.715183709655043,0.685735211788525,0.600620220084132,0.565702888611208,0.469810144915665,0.540633065889083,0.417853056023754,0.420019292726611,0.517894530739815,0.390699962871502,0.415743145724054,0.471776144632892,0.421562715350367,0.330592299956234,0.559993507368207,0.391295992725952,0.353850995513408,0.531229551968421,0.425464007952476
0.412380650437546,0.42041781536725,0.601542136226478,0.423023256968706,0.436293692263459,0.451004905737031,0.372899706834486,0.428131283161718,0.355884296371344,0.349185656946874,0.419178835752189,0.396536960607567,0.324743495559534,0.372651061250629,0.270788051195049,0.335253740647977,0.343465849870512,0.321481834077026,0.338642378903328,0.293970567481881,0.385630287475433
0.766559989744984,0.68050226300916,0.349708383082066,0.304346184198979,0.305680201435807,0.250099880654427,0.0837390787016943,0.0849341931663629,0.132852112124289,0.00365804203947002,0.0405449630550992,0.0968885908194373,0.0493668444157884,-0.0637776261771077,0.00258193399054826,0.021981810807975,0.0496085900348026,0.0537498455049903,0.0428971319708742,-0.00388166507087862,0.033471965478079
0.394223685971675,0.336000155353357,0.211800988269178,0.136134597110364,0.0788437779105856,0.0651255707300982,0.0447664538329198,0.0585274654017526,0.148193225549433,0.0384596979864492,0.0834886964061036,0.00474203257146527,0.0849613087349469,0.0842733054584597,0.0586722555363638,0.174130650168453,0.0716466182199568,0.140091278848953,0.0935972934882199,0.0916637271503112,0.088099190352257
0.23142286762814,0.216212854834906,0.126239888739797,0.106638005016465,0.0384238652425313,0.0143387964929725,0.0635121018128456,0.0662373070991683,-0.0155616082814738,0.0581596108511942,0.0401048351053968,0.0801377166052846,-0.0208897048283648,0.0755736752182109,0.0816768132999484,-0.012934120859385,0.0915131016805723,0.113148108120391,-0.00656576393213908,0.0256512370186487,-0.0224708861510222
0.453702042052064,0.324231365022089,0.250068266382539,0.146598664513291,0.214668556939693,0.0450640079446832,0.0420712573819619,0.122484843610481,0.184159304620532,0.103865573617384,0.0857780657492289,0.134393923201663,-0.0187021114143972,0.0157073684775562,0.0673809872069138,0.0825734059201905,0.0396659795017308,0.0896696023160157,0.0575745188316165,0.0629758873218215,0.108172640311935
0.206521265573957,0.135944227126729,0.154538455597026,0.13148842224856,0.171475641508407,0.14097075064429,0.107650971100463,-0.00165827418721895,-0.0273675369011624,0.0587635310307129,0.175199179521647,0.138074488547627,0.0422121138244286,0.110205215058133,0.100520777521387,0.119814390192164,-0.0111209306621975,0.044737641038462,-0.00682702194198953,0.0412136312592402,0.0304982106940674
0.70937559373145,0.510761134989908,0.281547628795009,0.251659778663144,0.0963014491605052,0.0807978390116677,0.110294595887686,0.0626767589009894,0.0103272577354106,0.0451063691215606,0.00442490904974912,0.029466637171499,0.0855658656245314,0.0780287062349023,0.0286722001684469,0.0013790433142421,0.00632861118575784,0.0342967993367536,0.049201438193079,-0.00308823148689967,0.10941026784875
0.435071199626962,0.282173312687384,0.197952633124058,0.211950301753502,0.0725381864368297,0.0759132827379324,0.165881416738621,0.0382099850644303,0.0703955744759042,0.108381164580408,0.103983819933013,0.0609566497882636,0.111204558381945,0.162547759341646,0.0698659768951859,0.0998883619738755,0.0912394704896522,0.0634170399571633,0.122644651174189,0.137541073096445,0.0381032910063998
0.469058064783837,0.307177937153246,0.205687350783523,0.103017237607882,0.0632710815633628,0.142162111480604,0.174484021385754,-0.00209347981217839,0.0961322545208496,0.00076923585585506,0.152658032980721,0.12860215257307,0.11661865674444,0.0947108616125088,0.0906794897324228,0.0647334117564015,0.159338867618423,0.100209737700117,0.154051850690788,0.121032177848086,0.118859220453797
0.663040332077096,0.319521312874905,0.271984234842547,0.222824531055201,0.182527243957187,0.145231270347727,0.136894755076941,0.0748253083121569,0.0406899094725587,0.14972709709653,0.0209949662901023,-0.0462774741263704,0.059813171187163,0.109053165869348,0.102550409260715,0.0660798166480324,0.110002306558041,0.0469310361074021,0.120098234893243,0.103111407934666,0.101705309877243
0.562162182801068,0.612655694330004,0.623995050523801,0.566233750599238,0.637758722288819,0.712719593792261,0.658883515866025,0.680175108305044,0.768743553433719,0.64427508578903,0.676134218836937,0.721782551808659,0.690194270829778,0.758522531898618,0.770548087795014,0.656054753701392,0.745613315276082,0.638649750843494,0.728254574256753,0.839529848547269,0.571948526899934
0.918705530783373,0.506585299096856,0.353658024092855,0.335664919825092,0.171914999985573,-0.0787165084201164,0.114272944378261,0.0154020647396737,0.0213621368987763,0.0952397719566219,0.0551739492159324,0.0319786124306614,0.0890788569637486,-0.000115980204932774,0.0372281816300948,-0.00629642004403923,0.00505415611983063,0.0110453832607405,-0.0320570658018217,0.0357295569496959,0.204852895307085
0.513685657936445,0.302496575906316,0.283977058196078,0.0811412755309664,0.129242201569168,0.0576455443067549,0.10588901784502,0.100618421855847,0.00611985811005147,0.0535795163765256,0.0256297184810063,0.141237969898811,-0.00709229433367098,0.166169804492676,0.138655706672596,-0.00465696205299673,0.0478416197149197,0.0755782006558281,0.0488697446391788,0.0745392144102234,0.0919689899451904
0.290426815007127,0.143855182153695,0.135611722264157,0.132588302291138,0.170852651058199,0.143763553586174,0.0766422928198103,0.112592281337105,0.0421850598815777,0.081378283772676,0.0542679471667949,0.126170416246851,0.0817718518444241,0.164554909332597,0.104600120417257,0.00893020276144771,0.138324725836788,0.0930429342672613,0.124291427983429,0.156884359479044,0.172300653614498
0.704117825686746,0.537044091305657,0.292624132596135,0.177761097046058,0.202502268895556,0.122930832305339,0.120987701540037,0.146016184900796,0.0866622907032533,0.0661227241533809,0.10067610122385,0.0316555333950802,0.0727954665173272,0.0406205250852974,0.0352434682169017,0.00201628110269278,0.0904098930764849,0.0927541686961472,0.125559047721797,-0.00240005137418323,0.0443639935834787
0.585096151158348,0.41298162537598,0.175383505372867,0.0700219434053515,0.190814226558842,0.114231642447595,0.123168268869493,0.0261912452428157,0.0495737778746295,0.0141146967940579,0.102141872503921,0.00164853695101794,0.0424668265575557,0.00764153588305684,0.10515170176358,0.0457580604747,-0.0878950224270222,0.102525500771418,0.0116976359578427,0.118754633047535,-0.0445548849451917
0.462413180961685,0.310776107517935,0.28922090648529,0.177597238595366,0.115277159026108,0.163726214717715,0.0683916024546569,0.062528951334762,0.0788493017260722,0.105480312609578,0.113428435146435,0.142597981893111,0.169127741486995,0.074348417143841,0.0855176751798328,0.0416621485912333,0.133674419154543,0.139868378962764,0.144878713316866,0.10957981749771,0.0463772791404006
0.637651699728417,0.463995169940066,0.381639846675701,0.176422153466223,0.19177082348326,0.233715106776467,0.0393626876537473,0.153702483805883,0.162702702055047,0.0115477717049572,-0.0689213432596281,0.142598978646737,0.164770344053816,0.106796826371424,0.0631600183827594,0.0994149865839258,0.154885988315326,0.115894959226649,0.137275441988971,0.0519932231352589,0.16856868806709
0.216680187117056,0.362305561309767,0.495075858501312,0.5245368389718,0.606997613083717,0.524841731413943,0.581025081038585,0.571174604887429,0.598528492151794,0.587525446792934,0.631573971021982,0.610562386925365,0.616601866573339,0.506770373829798,0.57243345355248,0.482767203699363,0.622912195133195,0.632317432220685,0.572038159346573,0.597886010418257,0.50035466758467
0.272883494795542,0.363430223789971,0.363339807547541,0.396830090858991,0.535858784884049,0.481913214284784,0.495624547460589,0.529988348256619,0.526832007848734,0.548255748648674,0.54993690550406,0.470567353928408,0.59767412486982,0.482653715585354,0.506135007309787,0.437471634823604,0.516364299423612,0.452326513916849,0.320454781342209,0.527728305570743,0.527247342782838
0.74194455463552,0.648785771309977,0.555050096044491,0.546833772766164,0.565229379094586,0.535206059513347,0.56439300952382,0.479181850166024,0.510595582425755,0.616106944166846,0.494498939630971,0.512377879832726,0.521138224755391,0.537629337704344,0.528042465803144,0.44730111824429,0.548800096202326,0.4438721627387,0.461980339137388,0.567105184048822,0.561829886741704
0.573873137064716,0.571382049355086,0.52792461514187,0.591489987375968,0.712684431705928,0.568626598699936,0.74546470846047,0.707091157296741,0.638100789781601,0.633019912090072,0.641839780408849,0.712071884762878,0.668125655807602,0.646328317547377,0.63284421481437,0.654981307485715,0.583680307952343,0.686578227828214,0.653878044603886,0.71637971981872,0.648570029277017
0.244152299382463,0.441585207419256,0.44001652124959,0.556175120026901,0.536412112636568,0.602983098647867,0.634693451811965,0.586418269663258,0.644744997385514,0.555022447889478,0.615307999963387,0.643038925289118,0.661729978789422,0.644276782831034,0.621600323860697,0.628175598851387,0.530892366501115,0.635227150686458,0.653551359166573,0.651106797860386,0.666852230976591
0.383769443506477,0.42178087784721,0.439734986472408,0.431121147516568,0.496083582641771,0.423716947157679,0.428173378311202,0.448734139816459,0.412923057020904,0.470453449653718,0.434086867396183,0.493001741273895,0.459467050908465,0.446529475167497,0.413051787941526,0.425641810431901,0.48792591742206,0.447503103740201,0.464585211215733,0.495131041536681,0.352450864923402
0.598787046641699,0.637244694396216,0.650091820078419,0.577880367667259,0.674214879938008,0.589225200817267,0.542184768476162,0.551974546361698,0.583754230367784,0.59385324627869,0.562534302883562,0.569534467832456,0.561400168760958,0.53498385954584,0.608093690575922,0.50014276206903,0.571567109789007,0.541177760455097,0.613021298546146,0.583312911755028,0.612625997523658
0.723216632065283,0.647618830767525,0.631791300492959,0.756373463208713,0.522128857758185,0.651778830769357,0.642922518001214,0.605600729099492,0.633375885741997,0.611195707020965,0.706726880527647,0.64725593500371,0.660062198823797,0.562017818327097,0.627073492948569,0.685868169997768,0.606541604551258,0.697994555122466,0.656302410083792,0.699166483298522,0.699210468107988
0.419391522468269,0.430737642692779,0.496333649859128,0.435471462424669,0.460156841966277,0.538088964023167,0.495373628686449,0.48347770355562,0.478329779722443,0.553300668232909,0.522506406469051,0.60733055681127,0.536881117928044,0.516879872337954,0.475602649810307,0.577341587490146,0.562311965894068,0.559584173271511,0.540095441857753,0.406615777210757,0.561577116044886
0,0.5,1,1.5,2,2.5,3,3.5,4,4.5,5,5.5,6,6.5,7,7.5,8,8.5,9,9.5,10
