"node","sample_1","sample_2","sample_3","sample_4","sample_5","sample_7","sample_8","sample_9","sample_10","eqn"
"ABF1",0.105948913206913,0.157924760398324,0.265416387923949,0.338574335734631,0.159389079480574,0.426195966612258,0.0584442981613474,0.183971523139363,0.245090940027944,"input gene"
"ACC1",0.0951678512944396,0.172936424097238,0.127665094342067,0.0583322300200554,0.0348134410570582,-0.0344415004963313,0.0817514311032815,-0.017432693267391,0.175791418987841,"(((1 * fAct(INO2, 0.559048517001793, 1.23964335189434) * 1 * fAct(INO4, 0.444647015957162, 1.48908331262181))) * 1 - 1 * ACC1) / 1"
"ACE2",0.394351411414877,0.655476085258481,0.406672020372237,0.433979846529096,0.347051105826887,0.460645808780206,0.468052625848931,0.630035437724002,0.500230650757184,"input gene"
"ACS1",0.499226634218449,0.545159006728407,0.48546251010289,0.483121737945384,0.86520417474094,1.02475598776534,0.908769109319338,0.883268314770358,0.496955352638226,"((((1 - 1 * fAct(UME6, 0.470874050119892, 1.03661424341844)) + (1 * fAct(ABF1, 0.400937356194481, 1.3146644753241) * 1 * fAct(ADR1, 0.503039895324036, 1.03479707546299)) - (1 - 1 * fAct(UME6, 0.470874050119892, 1.03661424341844)) * (1 * fAct(ABF1, 0.400937356194481, 1.3146644753241) * 1 * fAct(ADR1, 0.503039895324036, 1.03479707546299)))) * 1 - 1 * ACS1) / 1"
"ADH1",0.0730066543666347,0.119358724135481,0.103752635634,0.0613129482858908,0.00295450129811679,-0.00677146678987316,-0.0527934524049677,0.0354446869063805,-0.0146937276414639,"((((1 * fAct(RAP1, 0.461343709146604, 1.42885982804) * ((1 * fAct(ABF1, 0.462243856862187, 1.29998967829626) * 1 * fAct(ADR1, 0.401520505920053, 1.67515824689763)) * 1 * fAct(SNF6, 0.406484708935022, 1.22931431350531))) * ((((1 - 1 * fAct(CAF16, 0.420533755701035, 1.05866496125469)) + (1 - 1 * fAct(CAF4, 0.484103786107153, 1.60636735119857)) - (1 - 1 * fAct(CAF16, 0.420533755701035, 1.05866496125469)) * (1 - 1 * fAct(CAF4, 0.484103786107153, 1.60636735119857))) + (1 - 1 * fAct(CCR4, 0.556700410041958, 1.33880157851381)) - ((1 - 1 * fAct(CAF16, 0.420533755701035, 1.05866496125469)) + (1 - 1 * fAct(CAF4, 0.484103786107153, 1.60636735119857)) - (1 - 1 * fAct(CAF16, 0.420533755701035, 1.05866496125469)) * (1 - 1 * fAct(CAF4, 0.484103786107153, 1.60636735119857))) * (1 - 1 * fAct(CCR4, 0.556700410041958, 1.33880157851381))) + (1 - 1 * fAct(POP2, 0.447057667933404, 1.60623747003963)) - (((1 - 1 * fAct(CAF16, 0.420533755701035, 1.05866496125469)) + (1 - 1 * fAct(CAF4, 0.484103786107153, 1.60636735119857)) - (1 - 1 * fAct(CAF16, 0.420533755701035, 1.05866496125469)) * (1 - 1 * fAct(CAF4, 0.484103786107153, 1.60636735119857))) + (1 - 1 * fAct(CCR4, 0.556700410041958, 1.33880157851381)) - ((1 - 1 * fAct(CAF16, 0.420533755701035, 1.05866496125469)) + (1 - 1 * fAct(CAF4, 0.484103786107153, 1.60636735119857)) - (1 - 1 * fAct(CAF16, 0.420533755701035, 1.05866496125469)) * (1 - 1 * fAct(CAF4, 0.484103786107153, 1.60636735119857))) * (1 - 1 * fAct(CCR4, 0.556700410041958, 1.33880157851381))) * (1 - 1 * fAct(POP2, 0.447057667933404, 1.60623747003963))))) * 1 - 1 * ADH1) / 1"
"ADH2",-0.0242570949277129,0.0432516171585352,0.0771095888771502,0.0114267282204969,0.0628449388567818,0.00413168685030574,0.0195501333193668,0.0416994858914949,0.00718790258219193,"(((1 * fAct(SIN3, 0.45663738087751, 1.44733801403316) * ((((1 * fAct(ADR1, 0.592549746111035, 1.41580738550285) * 1 * fAct(CCR4, 0.542408696375787, 1.36959526263643)) * 1 * fAct(SNF6, 0.475537301879376, 1.13684608062031)) * 1 * fAct(SPT21, 0.552405549678952, 1.38900646955706)) * 1 * fAct(TAF90, 0.424472844321281, 1.10887145449175)))) * 1 - 1 * ADH2) / 1"
"ADK1",0.120412089809083,0.118720815597491,0.290096805299076,0.19556199872007,0.0338087488335376,0.0858026061794489,-0.037876016272483,0.0595598802880746,0.220979958508269,"((1 * fAct(INO2, 0.547941219061613, 1.13853069816483)) * 1 - 1 * ADK1) / 1"
"ADR1",0.441405588568007,0.272005549080514,0.368144746535022,0.298855640913592,0.231868264576584,0.393946900242941,0.341982462228443,0.375889731272164,0.435883145812985,"input gene"
"ASH1",0.180741114978835,0.294425879889669,0.231208670964918,0.043062395146756,0.254802726521986,-0.0268890385061406,-0.0452582223867801,0.43524977424415,-0.0406696548980071,"((1 * fAct(SWI5, 0.572704822523519, 1.44232678653439)) * 1 - 1 * ASH1) / 1"
"BAR1",0.363515079859729,0.416618112998884,0.230301124609683,-0.0237857804928614,0.447954542165246,0.0109954419852988,0.0152030626315714,0.572433978573828,-0.0326152616843448,"(((1 * fAct(SIN3, 0.485206053312868, 1.24911005513277) * (1 - 1 * fAct(UME6, 0.599847618257627, 1.55110106919426)))) * 1 - 1 * BAR1) / 1"
"CAF16",0.0561371306966493,0.51779351304757,0.415563486644586,0.0752065111886202,0.595288555946258,0.443562053819971,0.129765245077539,0.475753753053629,0.512117968067152,"input gene"
"CAF4",0.42759908737802,0.444020274556195,0.380143598688817,0.474079973794234,0.50825844386558,0.223031294074515,0.489434134894293,0.333398478168173,0.464444464141509,"input gene"
"CAR1",0.739316432292893,0.741264690080468,0.629406011673997,0.415884159799508,0.961784460029983,0.78798383993746,0.938885427232461,0.897167890097681,0.423809869156593,"((((1 - 1 * fAct(UME6, 0.511804112652317, 1.08819670352386)) + 1 * fAct(RAP1, 0.584550441335887, 1.26295575180789) - (1 - 1 * fAct(UME6, 0.511804112652317, 1.08819670352386)) * 1 * fAct(RAP1, 0.584550441335887, 1.26295575180789))) * 1 - 1 * CAR1) / 1"
"CAT2",0.768911207872786,0.703089756402232,0.656663904139399,0.661531890081318,0.556684528115883,0.639263263201023,0.770610694906219,0.71055398930744,0.622045830141147,"((1 * fAct(OAF1_PIP2, 0.444731346797198, 1.52524754813407)) * 1 - 1 * CAT2) / 1"
"CCR4",0.404445222642055,0.0547105901672193,0.564171919146252,0.455402778692977,0.739128939674403,0.50903433267736,0.600858599751504,0.093444792034939,0.0538700476756033,"input gene"
"CDC19",0.505627322288228,0.709159115552003,0.521177599893325,0.493144438519639,0.996619537700696,0.874196243451586,0.889331935120475,0.981110615053415,0.469069144939905,"((((1 - 1 * fAct(UME6, 0.564824832044542, 1.40201385177905)) + (((1 * fAct(ABF1, 0.472333625750616, 1.53881921649212) * 1 * fAct(RAP1, 0.508684223145247, 1.63632380736526)) * 1 * fAct(REB1, 0.405044518271461, 1.29584181621671)) * 1 * fAct(GCR1_GCR2, 0.502262623980641, 1.47834018946858)) - (1 - 1 * fAct(UME6, 0.564824832044542, 1.40201385177905)) * (((1 * fAct(ABF1, 0.472333625750616, 1.53881921649212) * 1 * fAct(RAP1, 0.508684223145247, 1.63632380736526)) * 1 * fAct(REB1, 0.405044518271461, 1.29584181621671)) * 1 * fAct(GCR1_GCR2, 0.502262623980641, 1.47834018946858)))) * 1 - 1 * CDC19) / 1"
"CDC6",0.142491473130756,0.215010744540329,0.0986257253945398,0.0326034246504924,0.231225057633245,-0.0190227752115761,-0.0799681110787857,0.157254191888951,0.0513557132659636,"(((1 * fAct(SWI5, 0.496582501241937, 1.24737527701771) * (1 - 1 * fAct(ACE2, 0.50307617825456, 1.52077820272651)))) * 1 - 1 * CDC6) / 1"
"CDS1",0.418829496258369,0.350845633290099,0.413105525340595,0.377633597665728,-0.0217580111708979,-0.048940594089901,-0.00799805641552725,-0.0697242691461233,0.593780863723175,"((1 * fAct(INO2_INO4, 0.571116270218045, 1.15206345183309)) * 1 - 1 * CDS1) / 1"
"CHO1",0.238071846878378,0.296159204234489,0.292883018271299,0.367570772244636,0.0618342710243873,0.0532642776268704,-0.0998308351274116,0.0392222019059655,0.383685090319804,"(((1 * fAct(UME6, 0.402226750319824, 1.10321096000262) * 1 * fAct(INO2_INO4, 0.516964045306668, 1.5799530645553))) * 1 - 1 * CHO1) / 1"
"CHO2",0.220313837794311,0.249845349500729,0.335389908635504,0.307170315039554,-0.0393522776223895,0.0551532453581874,0.0440948681058534,-9.91751296838767e-05,0.244728765979301,"(((1 * fAct(UME6, 0.582788437837735, 1.41009255121229) * 1 * fAct(INO2_INO4, 0.448610259639099, 1.55033239466604))) * 1 - 1 * CHO2) / 1"
"CKI1",0.524673542050837,0.426048559242408,0.603487682955845,0.48504981365055,-0.0406895571445759,0.0538526039156601,0.0772915295078819,0.0576181470551822,0.554489955920865,"((1 * fAct(INO2_INO4, 0.488915236620232, 1.31565631988226)) * 1 - 1 * CKI1) / 1"
"CRC1",0.898915302471658,0.813640832012981,0.659780406798752,0.63033573276505,0.675122128085744,0.566697630830974,0.731567204744205,0.864718811358563,0.766093129035163,"((1 * fAct(OAF1_PIP2, 0.441438825940713, 1.60791883275146)) * 1 - 1 * CRC1) / 1"
"CTA1",0.762267063684011,0.765190483283863,0.472031054747145,0.493340675894774,0.923005863449402,0.8824539853722,1.01760143289554,0.975710213942585,0.697971875509254,"((((1 - 1 * fAct(UME6, 0.5918233204633, 1.0627691566851)) + (1 * fAct(ADR1, 0.581218587094918, 1.51711813371629) * 1 * fAct(OAF1_PIP2, 0.432493921369314, 1.14704786115559)) - (1 - 1 * fAct(UME6, 0.5918233204633, 1.0627691566851)) * (1 * fAct(ADR1, 0.581218587094918, 1.51711813371629) * 1 * fAct(OAF1_PIP2, 0.432493921369314, 1.14704786115559)))) * 1 - 1 * CTA1) / 1"
"CTS1",0.0840636589814464,0.101893552192342,0.0967883228995789,-0.0940447785872004,0.0796484770165761,0.00732340559145897,0.0339871291265693,0.128535836637761,-0.0395501461241314,"(((1 * fAct(SWI5, 0.542371094226837, 1.35692068432691) * (1 * fAct(ACE2, 0.499520070571452, 1.31848888029112) * 1 * fAct(SNF2, 0.437063802266493, 1.17017533692997)))) * 1 - 1 * CTS1) / 1"
"DCI1",0.580269771027227,0.750457765511509,0.418820605396807,0.470514997646742,0.419622520207657,0.423387621586629,0.737603589679757,0.690616698473566,0.451186488738133,"((1 * fAct(OAF1_PIP2, 0.598030219972134, 1.10206648965599)) * 1 - 1 * DCI1) / 1"
"DED1",0.00961154849105586,0.237542718734808,0.156587253450185,0.370615631242229,0.242685309071689,0.361057669602036,0.101452874906716,0.143533717644271,0.219729933523446,"((1 * fAct(ABF1, 0.466984594007954, 1.30964154151268)) * 1 - 1 * DED1) / 1"
"DIT1",0.143293203903432,0.138421882374662,0.188567422652752,0.077916751231599,0.0934949287504041,0.0405941638870363,0.103544162929236,0.116212448924344,0.206293298433883,"((((1 * fAct(IME1, 0.427664371626452, 1.06480465660105) * 1 * fAct(RIM101, 0.488768701115623, 1.07519889558665)) * (1 - 1 * fAct(SSN6_TUP1, 0.447988485731184, 1.20322362326086)))) * 1 - 1 * DIT1) / 1"
"DIT2",0.668067156228429,0.559583712459932,0.547851949534368,0.540102225140759,0.522684202254478,0.538027023231036,0.618861305381765,0.608784315151752,0.674864216185011,"((((1 - 1 * fAct(SSN6_TUP1, 0.444200399424881, 1.42012641418958)) + 1 * fAct(RIM101, 0.442817702516913, 1.13238483598689) - (1 - 1 * fAct(SSN6_TUP1, 0.444200399424881, 1.42012641418958)) * 1 * fAct(RIM101, 0.442817702516913, 1.13238483598689))) * 1 - 1 * DIT2) / 1"
"DMC1",0.588464843877691,0.6083657889384,0.469601119055867,0.418772357166124,1.04004188863531,0.953918985345156,0.98136704211182,0.964770564698324,0.435279823899472,"(((1 - 1 * fAct(UME6, 0.517626125970855, 1.53656374482904))) * 1 - 1 * DMC1) / 1"
"ECI1",0.711154982015385,0.651564875414998,0.480437582100751,0.57134569841436,0.512039009510492,0.516372308692871,0.623699468358044,0.819153076291712,0.579493055733241,"((1 * fAct(OAF1_PIP2, 0.542915152851492, 1.40259723861003)) * 1 - 1 * ECI1) / 1"
"EGT2",0.0996338102599835,0.235974501232394,0.281931253847654,0.0597570552746151,0.124756124086204,0.0146924993666454,0.00874974865487231,0.26386459515368,0.00966827276205156,"(((1 * fAct(SWI5, 0.433636852540076, 1.34803539301036) * 1 * fAct(ACE2, 0.542417780915275, 1.20205768242478))) * 1 - 1 * EGT2) / 1"
"ENO1",0.256498608355337,0.189713338419396,0.162693876218514,-0.0636302823669627,0.215726601930945,0.00614781080309679,0.0564431984778439,0.258117805389944,0.0545634771608646,"((((1 * fAct(RAP1, 0.456851050117984, 1.06135586703895) * 1 * fAct(GCR1_GCR2, 0.488799579115584, 1.55480947809294)) * (1 - 1 * fAct(REB1, 0.504592067701742, 1.07832775485469)))) * 1 - 1 * ENO1) / 1"
"ENO2",0.221606723620635,0.120909145927685,0.164025169403268,0.0612576993792543,0.229036263664194,-0.0194816831138402,0.0847208385513753,0.373759154655607,0.0525199691339991,"(((1 * fAct(RAP1, 0.560851436667144, 1.06772369177779) * 1 * fAct(GCR1_GCR2, 0.447611589776352, 1.20459340369795))) * 1 - 1 * ENO2) / 1"
"EPT1",0.380286765435206,0.331365275512808,0.441569170560864,0.452914623505131,0.0533203841209093,-0.0911245320502285,-0.034230761384343,-0.0393035469629502,0.442024003679765,"((1 * fAct(INO2_INO4, 0.592911105742678, 1.11800297374139)) * 1 - 1 * EPT1) / 1"
"ERG10",0.548799445114296,0.945195441991261,0.486950293374755,0.630991952919597,0.381670134287655,0.752944236322142,0.311544931020253,1.00713552630997,1.04714249457846,"(((1 - 1 * fAct(HDA1, 0.479635901656002, 1.53970427458407))) * 1 - 1 * ERG10) / 1"
"FAA2",0.763548479237312,0.777720285750646,0.580836187651316,0.715341169169057,0.540452824478418,0.554058233948397,0.743897531802076,0.749808239271937,0.622286629885387,"((1 * fAct(OAF1_PIP2, 0.499812671495602, 1.24400354923448)) * 1 - 1 * FAA2) / 1"
"FAS1",0.192113902342666,0.105129827593504,0.0930048278823365,-0.00653807781638912,0.022746794845725,-0.0190789027033299,-0.00763209584636096,0.0031064968060332,-0.0207370377850906,"(((1 * fAct(INO2_INO4, 0.532606690423563, 1.47973176716361) * 1 * fAct(REB1, 0.575972801353782, 1.3847863387852))) * 1 - 1 * FAS1) / 1"
"FAS2",0.0783358099063803,0.254557731143224,0.180868651598512,0.0640788620383193,0.0236520800695787,0.00672575231344642,0.0182147273175075,0.0238582691735473,0.00592409932218958,"(((1 * fAct(INO2_INO4, 0.537736611627042, 1.51160080318805) * 1 * fAct(REB1, 0.52248697783798, 1.12725115512731))) * 1 - 1 * FAS2) / 1"
"FKS1",-0.0175122883694049,0.241993373581829,0.278111813516804,0.115279234475191,0.328136822278002,0.22462829734235,0.00789051031081154,0.178806003473869,0.255826259865141,"(((1 * fAct(CAF4, 0.479445758089423, 1.6427624666458) * 1 * fAct(CAF16, 0.427955100871623, 1.11102258177707))) * 1 - 1 * FKS1) / 1"
"FLO1",0.68145772783426,0.396457473110138,0.378341760575842,0.30014432634818,0.305314783985066,0.482517845976768,0.423498050354258,0.424403529847821,0.52387390086095,"(((1 - 1 * fAct(SSN6_TUP1, 0.513940617116168, 1.14029882562347))) * 1 - 1 * FLO1) / 1"
"FLO5",0.560992003533691,0.529131582644061,0.480362870249117,0.431220441311419,0.274129815305484,0.522756169957336,0.394004462847742,0.462504857491946,0.493859296769238,"(((1 - 1 * fAct(SSN6_TUP1, 0.539458560897037, 1.50935840290738))) * 1 - 1 * FLO5) / 1"
"FLO8",0.173623545890312,0.2186268651434,0.277696199168495,0.140007188287137,0.365787400951955,0.393221617696753,0.173940940654839,0.208527819643602,0.0919022889560933,"input gene"
"FOX2",0.662780312117106,0.595576890208348,0.50458742541443,0.640148976194927,0.919920937522284,0.992013048217451,1.02638776477269,0.872870550217575,0.598852657439959,"((((1 - 1 * fAct(UME6, 0.549323018919676, 1.41130917168921)) + (1 * fAct(ADR1, 0.593772606691346, 1.23823039640672) * 1 * fAct(OAF1_PIP2, 0.586248023016378, 1.4569109115703)) - (1 - 1 * fAct(UME6, 0.549323018919676, 1.41130917168921)) * (1 * fAct(ADR1, 0.593772606691346, 1.23823039640672) * 1 * fAct(OAF1_PIP2, 0.586248023016378, 1.4569109115703)))) * 1 - 1 * FOX2) / 1"
"GAL1",0.856525329747249,0.960366984199456,0.956533394205451,0.813500140261185,0.949482321223318,1.03055902010311,1.06516560574248,1.04160190878641,0.835978898370319,"(((((1 - 1 * fAct(UME6, 0.445904272282496, 1.50980827701511)) + ((1 * fAct(REB1, 0.570872035296634, 1.13785073646344) * 1 * fAct(SNF2, 0.406915050419048, 1.55896196039626)) * 1 * fAct(SNF6, 0.561029517324641, 1.36929347490193)) - (1 - 1 * fAct(UME6, 0.445904272282496, 1.50980827701511)) * ((1 * fAct(REB1, 0.570872035296634, 1.13785073646344) * 1 * fAct(SNF2, 0.406915050419048, 1.55896196039626)) * 1 * fAct(SNF6, 0.561029517324641, 1.36929347490193))) + ((1 - 1 * fAct(CAF4, 0.442791291605681, 1.3222298868373)) + (1 - 1 * fAct(HDA1_TUP1, 0.435851594666019, 1.13713842837606)) - (1 - 1 * fAct(CAF4, 0.442791291605681, 1.3222298868373)) * (1 - 1 * fAct(HDA1_TUP1, 0.435851594666019, 1.13713842837606))) - ((1 - 1 * fAct(UME6, 0.445904272282496, 1.50980827701511)) + ((1 * fAct(REB1, 0.570872035296634, 1.13785073646344) * 1 * fAct(SNF2, 0.406915050419048, 1.55896196039626)) * 1 * fAct(SNF6, 0.561029517324641, 1.36929347490193)) - (1 - 1 * fAct(UME6, 0.445904272282496, 1.50980827701511)) * ((1 * fAct(REB1, 0.570872035296634, 1.13785073646344) * 1 * fAct(SNF2, 0.406915050419048, 1.55896196039626)) * 1 * fAct(SNF6, 0.561029517324641, 1.36929347490193))) * ((1 - 1 * fAct(CAF4, 0.442791291605681, 1.3222298868373)) + (1 - 1 * fAct(HDA1_TUP1, 0.435851594666019, 1.13713842837606)) - (1 - 1 * fAct(CAF4, 0.442791291605681, 1.3222298868373)) * (1 - 1 * fAct(HDA1_TUP1, 0.435851594666019, 1.13713842837606))))) * 1 - 1 * GAL1) / 1"
"GAL10",0.754793963198779,0.922920039932396,0.870815073848055,0.814027747498474,0.770615472926594,0.776356238711938,0.926073083230847,0.710579376715623,0.920334970606258,"(((1 * fAct(SNF6, 0.554436223162338, 1.09892630851828) + (1 - 1 * fAct(HDA1_TUP1, 0.491999547742307, 1.6826235792134)) - 1 * fAct(SNF6, 0.554436223162338, 1.09892630851828) * (1 - 1 * fAct(HDA1_TUP1, 0.491999547742307, 1.6826235792134)))) * 1 - 1 * GAL10) / 1"
"GCR1_GCR2",0.545466431558027,0.423379053465991,0.506228586827488,0.694066192387695,0.619213099347163,0.527305023866889,0.725123104950175,0.559261775766496,0.39787675979654,"input gene"
"GPD1",0.293658541919543,0.475833341187843,0.370105074223209,0.0876109059569703,0.3330279928611,0.0156520861539552,-0.0134642613077059,0.54658295422031,0.165819347165383,"((1 * fAct(RAP1, 0.52398604019545, 1.05931797740748)) * 1 - 1 * GPD1) / 1"
"GUT1",0.146799338412736,0.122658182231417,0.163894104183224,0.132683129064281,-0.0215204127438874,0.0698633149913739,0.0224729241229381,-0.02828504265616,0.300473342475501,"(((1 * fAct(INO2_INO4, 0.531811536243185, 1.32328238888178) * 1 * fAct(ADR1, 0.418277091579512, 1.65425246080384))) * 1 - 1 * GUT1) / 1"
"HDA1",0.442069425308138,0.103432908220342,0.589791999415725,0.343066728697916,0.627643887204593,0.228542199693246,0.592593998522341,0.0952649608764471,0.156850906706949,"input gene"
"HDA1_TUP1",0.378274251618515,0.312777609265573,0.20171349300066,0.460953283028838,0.38077099487165,0.349219153652025,0.393282459144686,0.406802647475988,0.355885097173817,"input gene"
"HHF1",0.586202457533696,0.604856349971278,0.311764437089682,0.520261982109417,0.681034992590686,0.492819953476819,0.564839002225439,0.657806053537273,0.590922378203722,"((1 * fAct(SPT21, 0.505755413649604, 1.27146395838587)) * 1 - 1 * HHF1) / 1"
"HHF2",0.482410958403996,0.463701227333019,0.282432985137161,0.399823940208424,0.43032345376521,0.303407130943739,0.477427230178083,0.544910343947274,0.47050288286282,"((1 * fAct(SPT21, 0.599464393313974, 1.04905488054734)) * 1 - 1 * HHF2) / 1"
"HNM1",0.394182158387121,0.391357696750824,0.464812599323346,0.423362943287174,0.0573158377989293,0.0245961133889832,-0.0102120808578622,-0.00862482729534446,0.492110719281226,"((1 * fAct(INO2_INO4, 0.548343513859436, 1.07813133903546)) * 1 - 1 * HNM1) / 1"
"HO",-0.031738695987759,-0.0193829726035349,-0.0473481323859311,-0.0131750045267531,-0.0628352141428879,-0.0758705801381204,0.0533262678935667,0.0263155993912598,0.0118455962383739,"(((((((((1 * fAct(ACE2, 0.435942793218419, 1.33955221089069) * 1 * fAct(CAF16, 0.429951411066577, 1.1947888096259)) * 1 * fAct(CAF4, 0.4907838803716, 1.53525829665828)) * 1 * fAct(SIN3, 0.59609102983959, 1.2338542858907)) * 1 * fAct(SNF5, 0.431618924252689, 1.40481120135635)) * 1 * fAct(SNF6, 0.596545470273122, 1.60859970133984)) * 1 * fAct(SWI3, 0.564895603340119, 1.05685931357555)) * 1 * fAct(SWI5, 0.585965506592765, 1.19513787260046))) * 1 - 1 * HO) / 1"
"HOP1",1.02502087216696,1.00425577656965,0.953200666726193,1.01261745483505,0.92603058713549,0.988616363693644,1.09505320153214,1.02109584477909,0.8945279135839,"((((1 - 1 * fAct(UME6, 0.586448424309492, 1.56492765553528)) + 1 * fAct(IME1, 0.578214064473286, 1.5503957263846) - (1 - 1 * fAct(UME6, 0.586448424309492, 1.56492765553528)) * 1 * fAct(IME1, 0.578214064473286, 1.5503957263846))) * 1 - 1 * HOP1) / 1"
"HUG1",0.500443073078585,0.426977259851301,0.370713004376239,0.314684842116762,0.284810415207282,0.350312843862158,0.420035645655241,0.398251459340673,0.451954302829251,"(((1 - 1 * fAct(SSN6_TUP1, 0.497594659449533, 1.0960123509448))) * 1 - 1 * HUG1) / 1"
"IDP3",0.699778838159468,0.720463185203036,0.637525434183279,0.595463437113519,0.557160068815946,0.540846273702294,0.637193532870138,0.65952277927472,0.652364145907644,"((1 * fAct(OAF1_PIP2, 0.540349856065586, 1.13547307169763)) * 1 - 1 * IDP3) / 1"
"ILV2",0.525414302429256,0.519022992055063,0.48044556535221,0.408054371325836,0.914243211116186,0.967561098532727,0.993936781052796,0.958518221603231,0.321473361435036,"(((1 - 1 * fAct(UME6, 0.503479300020263, 1.21118989344686))) * 1 - 1 * ILV2) / 1"
"IME1",0.939913345420252,1.02412009811774,0.94058456557718,0.943418029268564,1.0385999978454,0.972397786601517,0.887961196563769,1.03863429047874,0.892332107200038,"((((1 * fAct(IME4, 0.455282931821421, 1.41848174529849) * 1 * fAct(RIM101, 0.430619716644287, 1.08755058774492)) + ((1 - 1 * fAct(RME1, 0.569673691689968, 1.33608580185566)) + (1 - 1 * fAct(IME1_UME6, 0.51497751371935, 1.68872947554803)) - (1 - 1 * fAct(RME1, 0.569673691689968, 1.33608580185566)) * (1 - 1 * fAct(IME1_UME6, 0.51497751371935, 1.68872947554803))) - (1 * fAct(IME4, 0.455282931821421, 1.41848174529849) * 1 * fAct(RIM101, 0.430619716644287, 1.08755058774492)) * ((1 - 1 * fAct(RME1, 0.569673691689968, 1.33608580185566)) + (1 - 1 * fAct(IME1_UME6, 0.51497751371935, 1.68872947554803)) - (1 - 1 * fAct(RME1, 0.569673691689968, 1.33608580185566)) * (1 - 1 * fAct(IME1_UME6, 0.51497751371935, 1.68872947554803))))) * 1 - 1 * IME1) / 1"
"IME1_UME6",0.136971951412638,0.0920793593179241,0.232787282065945,0.240956529715085,0.0363742157640912,-0.0159874741187528,0.0311491300361531,-0.0414723996997497,0.165785935351522,"((((1 * fAct(RIM101, 0.425050213793293, 1.21041602211073) * 1 * fAct(IME4, 0.424831861490384, 1.34369416832458)) * (1 - 1 * fAct(RME1, 0.550557131832466, 1.35449654292781)))) * 1 - 1 * IME1_UME6) / 1"
"IME2",1.01484457123573,0.960485328922205,0.972414302314394,0.988081593175679,1.00718261074793,0.958015997222446,0.955729558187598,1.03383517151934,0.945009014213422,"(((((1 - 1 * fAct(UME6, 0.48381043379195, 1.25027500827331)) + 1 * fAct(IME1, 0.563441710127518, 1.19552577315131) - (1 - 1 * fAct(UME6, 0.48381043379195, 1.25027500827331)) * 1 * fAct(IME1, 0.563441710127518, 1.19552577315131)) + (1 - 1 * fAct(SDS3, 0.55779563463293, 1.12676094904775)) - ((1 - 1 * fAct(UME6, 0.48381043379195, 1.25027500827331)) + 1 * fAct(IME1, 0.563441710127518, 1.19552577315131) - (1 - 1 * fAct(UME6, 0.48381043379195, 1.25027500827331)) * 1 * fAct(IME1, 0.563441710127518, 1.19552577315131)) * (1 - 1 * fAct(SDS3, 0.55779563463293, 1.12676094904775)))) * 1 - 1 * IME2) / 1"
"IME4",0.578931231026246,0.580878471356834,0.683960990896669,0.699655296844226,0.618208409730112,0.763305033957392,0.636356401072461,0.59610785251628,0.672850027147471,"input gene"
"INH1",0.614887834316426,0.833173573129327,0.572608348811265,0.63912408510054,0.461833475945937,0.710583989796235,0.495291394060778,1.0397543330277,0.933868619989573,"(((1 - 1 * fAct(HDA1, 0.49582917955704, 1.1306592183141))) * 1 - 1 * INH1) / 1"
"INO1",1.02763531011802,0.957525602965854,0.905111690674232,0.92077221774502,1.01385116743519,0.934163140857065,0.984325899430036,0.992103081395867,0.963334524199783,"(((((1 - 1 * fAct(UME6, 0.563163102744147, 1.09521868714131)) + ((1 * fAct(INO2_INO4, 0.442682830942795, 1.16468134464463) * 1 * fAct(SNF2, 0.47797801559791, 1.06013865664369)) * 1 * fAct(SNF6, 0.501644258154556, 1.11563631757163)) - (1 - 1 * fAct(UME6, 0.563163102744147, 1.09521868714131)) * ((1 * fAct(INO2_INO4, 0.442682830942795, 1.16468134464463) * 1 * fAct(SNF2, 0.47797801559791, 1.06013865664369)) * 1 * fAct(SNF6, 0.501644258154556, 1.11563631757163))) + ((1 - 1 * fAct(HDA1, 0.530992630356923, 1.33643064222299)) + (1 - 1 * fAct(SDS3, 0.412197856185958, 1.37385670488235)) - (1 - 1 * fAct(HDA1, 0.530992630356923, 1.33643064222299)) * (1 - 1 * fAct(SDS3, 0.412197856185958, 1.37385670488235))) - ((1 - 1 * fAct(UME6, 0.563163102744147, 1.09521868714131)) + ((1 * fAct(INO2_INO4, 0.442682830942795, 1.16468134464463) * 1 * fAct(SNF2, 0.47797801559791, 1.06013865664369)) * 1 * fAct(SNF6, 0.501644258154556, 1.11563631757163)) - (1 - 1 * fAct(UME6, 0.563163102744147, 1.09521868714131)) * ((1 * fAct(INO2_INO4, 0.442682830942795, 1.16468134464463) * 1 * fAct(SNF2, 0.47797801559791, 1.06013865664369)) * 1 * fAct(SNF6, 0.501644258154556, 1.11563631757163))) * ((1 - 1 * fAct(HDA1, 0.530992630356923, 1.33643064222299)) + (1 - 1 * fAct(SDS3, 0.412197856185958, 1.37385670488235)) - (1 - 1 * fAct(HDA1, 0.530992630356923, 1.33643064222299)) * (1 - 1 * fAct(SDS3, 0.412197856185958, 1.37385670488235))))) * 1 - 1 * INO1) / 1"
"INO2",0.177873914886018,0.278662984993614,0.270648293903019,0.303519493635842,-0.027575003908282,0.0212077755053145,-0.0257673308709036,-0.0308322154064408,0.334345531959534,"(((1 * fAct(UME6, 0.444857061840594, 1.69784512178507) * 1 * fAct(INO2_INO4, 0.561033436655998, 1.67286777437665))) * 1 - 1 * INO2) / 1"
"INO2_INO4",0.444597547283119,0.465128271589073,0.60834364629486,0.572004212241257,0.119014120816716,-0.0121480807643456,0.0488369151684324,0.121119938995341,0.493143076416451,"((1 * fAct(UME6, 0.551776944799349, 1.45951411728514)) * 1 - 1 * INO2_INO4) / 1"
"INO4",0.639821264775752,0.648161094852738,0.649214588379612,0.518491161751995,0.632684688010301,0.487962282877576,0.578364604703312,0.630861528260048,0.716467657643435,"input gene"
"ITR1",0.434019088492941,0.481405338729227,0.56356936075495,0.616310554841902,0.033822681984893,0.00447792013673158,0.0126062542850289,-0.057261308107376,0.58080135346809,"((1 * fAct(INO2_INO4, 0.411017273459584, 1.55811909656739)) * 1 - 1 * ITR1) / 1"
"MAK10",0.537934707744774,0.417257405576917,0.476181705209293,0.354617978277612,0.399727998341237,0.410849836177866,0.362885692816006,0.436824950789936,0.442002623910012,"(((1 - 1 * fAct(SSN6_TUP1, 0.499472541641444, 1.32990386035526))) * 1 - 1 * MAK10) / 1"
"MDH3",0.770250541293559,0.657863136262567,0.543234901122272,0.621903738045793,0.60575207242641,0.463921008532676,0.76067316165726,0.809455995352093,0.661577833344676,"((1 * fAct(OAF1_PIP2, 0.4813782336656, 1.24786267793272)) * 1 - 1 * MDH3) / 1"
"MEI4",0.550946104117954,0.376937844744422,0.436360551088641,0.476048125900973,0.932686718496912,0.941467506238169,0.968664372198188,1.00351771084447,0.503326801021887,"(((1 - 1 * fAct(UME6, 0.517421908164397, 1.49119790770346))) * 1 - 1 * MEI4) / 1"
"MEK1",0.64168301367289,0.558243126232002,0.545977461682544,0.513269045657634,0.979428787113823,0.909303299499026,0.966624861911971,1.00367218195008,0.599656879843035,"(((1 - 1 * fAct(UME6, 0.593422585353255, 1.42304832168389))) * 1 - 1 * MEK1) / 1"
"MER1",1.00935495828538,0.980216532506005,0.941032057804254,1.02587157449206,0.980447813584214,0.928407021852878,1.05811352544359,0.992910557772936,1.03944783655695,"((((1 - 1 * fAct(UME6, 0.594636768568307, 1.36884241549531)) + 1 * fAct(IME1, 0.483421463146806, 1.65144028085284) - (1 - 1 * fAct(UME6, 0.594636768568307, 1.36884241549531)) * 1 * fAct(IME1, 0.483421463146806, 1.65144028085284))) * 1 - 1 * MER1) / 1"
"MSN1",0.4753351459979,0.388475576934178,0.323961250034435,0.310046353939158,0.319252674500236,0.346017918786236,0.385580781924511,0.433774529265429,0.485415094767179,"input gene"
"MUC1",-0.00381066882332197,-0.0665581655273902,0.0296976607988683,0.00394992175099691,0.0221132820245819,0.00121924908533075,0.0132874088159911,0.0266840089613713,0.0630748051299791,"((((1 * fAct(ASH1, 0.480847387388349, 1.67341822377872) * 1 * fAct(FLO8, 0.491261285636574, 1.06091551291524)) * 1 * fAct(MSN1, 0.407998458342627, 1.12209150854265))) * 1 - 1 * MUC1) / 1"
"OAF1",0.746263462310465,0.720021026148777,0.698155576738128,0.705107820937095,0.660276497509231,0.682657251372861,0.726582172593615,0.890182965320832,0.71177831290376,"((1 * fAct(OAF1_PIP2, 0.436625652108341, 1.51230524730403)) * 1 - 1 * OAF1) / 1"
"OAF1_PIP2",0.735044275498436,0.721848508593138,0.577163081958517,0.555787565282744,0.54144775296349,0.509732981794876,0.722305964206868,0.857788907884125,0.596302577998314,"input gene"
"OPI3",0.141498150169158,0.155247495029193,0.156964646903388,0.233962059360037,0.0394993033023761,0.0389220146115951,-0.0114249718587648,0.0628563654984727,0.163424631827145,"(((1 * fAct(UME6, 0.584284936450422, 1.38982665349962) * 1 * fAct(INO2_INO4, 0.578246447257698, 1.33537901670206))) * 1 - 1 * OPI3) / 1"
"PCL2",0.41036649006474,0.535431919527001,0.352480581070086,-0.0176856534351038,0.366100461874311,0.0297076074920527,-0.0850471664936388,0.506531443276697,-0.0151569720985108,"((1 * fAct(SWI5, 0.41922167763114, 1.27623611006886)) * 1 - 1 * PCL2) / 1"
"PCL9",0.434376867044563,0.303209142454016,0.205415365442328,-0.0226955312061845,0.340502813496921,0.0896130313833104,0.0292924037770032,0.559498611040069,0.00552128268168008,"((1 * fAct(SWI5, 0.451558758877218, 1.50495819570497)) * 1 - 1 * PCL9) / 1"
"PEX1",0.776210742744603,0.658056048923375,0.631035968760549,0.507479949516474,0.968050802140797,0.944319970506226,1.05678568580145,0.99322662113414,0.644379741196237,"((((1 - 1 * fAct(UME6, 0.490809950511903, 1.363076088659)) + 1 * fAct(ADR1, 0.442874150490388, 1.64270305390004) - (1 - 1 * fAct(UME6, 0.490809950511903, 1.363076088659)) * 1 * fAct(ADR1, 0.442874150490388, 1.64270305390004))) * 1 - 1 * PEX1) / 1"
"PEX11",0.551876295291999,0.705731207277597,0.478222903328174,0.48580743987618,0.562382052725695,0.45321563990852,0.676129777526499,0.700573360059092,0.460189019205633,"((1 * fAct(OAF1_PIP2, 0.591948361508548, 1.41724147314439)) * 1 - 1 * PEX11) / 1"
"PEX5",0.791257806939473,0.671141683746107,0.458084281830314,0.653423328040854,0.434910083093301,0.477809334953194,0.675071092226979,0.724848266028017,0.441306004883969,"((1 * fAct(OAF1_PIP2, 0.539596153888851, 1.40197092766874)) * 1 - 1 * PEX5) / 1"
"PGI1",0.496840496843779,0.348853618805309,0.489414553195766,0.688709406883076,0.584804550132262,0.369393814950062,0.679669352928618,0.540094250852106,0.327131380503055,"((1 * fAct(GCR1_GCR2, 0.568674191087484, 1.68438596637454)) * 1 - 1 * PGI1) / 1"
"PGM1",0.650370447987028,0.525246044618662,0.657948760104766,0.942017534856382,0.647005590529162,0.571135050052996,0.804114553290971,0.626946743917099,0.458534755349718,"((1 * fAct(GCR1_GCR2, 0.409053773526102, 1.53037007580977)) * 1 - 1 * PGM1) / 1"
"PGS1",0.523047129066281,0.520757015133361,0.61848605477178,0.550741937315624,-0.053515107980686,0.0151008790423952,-0.0370240654032532,0.0133897644866765,0.707740651543135,"((1 * fAct(INO2_INO4, 0.402858402533457, 1.28875097826822)) * 1 - 1 * PGS1) / 1"
"PHO23",0.053196856021474,0.668105146495479,0.0736599419916834,0.588739243095699,0.147858400878115,0.129725898902323,0.031372132236157,0.504197189610558,0.102590273665248,"input gene"
"PHO3",0.611608377352095,0.968187938329974,0.559150689467483,0.67315500948861,0.457015834738528,0.870400959499946,0.457296489322078,0.989886245664733,0.984404618783358,"(((1 - 1 * fAct(HDA1, 0.551735329534858, 1.69774222216103))) * 1 - 1 * PHO3) / 1"
"PHO5",0.0737388147793559,0.0659203267132824,0.0138689659672848,-0.0701466211573689,0.00439989983625359,-0.018447843846012,0.0412711931673094,0.0537429155259642,-0.0740897724283122,"(((((1 * fAct(INO2, 0.420903363404796, 1.69715079833521) * 1 * fAct(SIN3, 0.44633559496142, 1.42838074124651)) * 1 * fAct(SPT21, 0.553373298048973, 1.09651125783799)) * ((1 - 1 * fAct(HDA1, 0.583693846128881, 1.64510166301625)) + (1 - 1 * fAct(PHO23, 0.582004735199735, 1.04974371142685)) - (1 - 1 * fAct(HDA1, 0.583693846128881, 1.64510166301625)) * (1 - 1 * fAct(PHO23, 0.582004735199735, 1.04974371142685))))) * 1 - 1 * PHO5) / 1"
"PMA1",0.207403834470656,-0.00239378964755227,0.18351445215272,-0.0687863320233174,0.0161455319581034,-0.0040645216131008,0.0301892823121695,0.0610839853514234,-0.0595465332718865,"(((1 * fAct(RAP1, 0.53579562860541, 1.56341826157179) * 1 * fAct(INO2, 0.41329901474528, 1.16174585264176))) * 1 - 1 * PMA1) / 1"
"POP2",0.392605758361362,0.545104256408182,0.55556077040408,0.408438386447547,0.44252207740898,0.350549803966917,0.524405854040232,0.512394893990362,0.322377563461617,"input gene"
"POT1",0.576149717092323,0.581673981896032,0.605337714239296,0.441574469744803,1.00977121492643,0.924068945776483,1.04135358238178,0.875026878025313,0.522308535537916,"((((1 - 1 * fAct(UME6, 0.522948080068454, 1.03592363844626)) + ((1 * fAct(ABF1, 0.492779513634741, 1.36565881768474) * 1 * fAct(ADR1, 0.411837198305875, 1.62660089577781)) * 1 * fAct(OAF1_PIP2, 0.459243218461052, 1.52624416666105)) - (1 - 1 * fAct(UME6, 0.522948080068454, 1.03592363844626)) * ((1 * fAct(ABF1, 0.492779513634741, 1.36565881768474) * 1 * fAct(ADR1, 0.411837198305875, 1.62660089577781)) * 1 * fAct(OAF1_PIP2, 0.459243218461052, 1.52624416666105)))) * 1 - 1 * POT1) / 1"
"POX1",1.03357446347809,0.928748848406618,0.74053462186185,0.836986529551268,0.998490893714676,0.990351152774402,0.990455297270978,1.09525155373807,1.00155399539567,"((((1 - 1 * fAct(UME6, 0.590189054096118, 1.3729468732723)) + 1 * fAct(OAF1_PIP2, 0.453747838363051, 1.65742044569924) - (1 - 1 * fAct(UME6, 0.590189054096118, 1.3729468732723)) * 1 * fAct(OAF1_PIP2, 0.453747838363051, 1.65742044569924))) * 1 - 1 * POX1) / 1"
"PRB1",0.736897190301632,0.641161794689183,0.952429957667043,0.762035088306708,0.709447677109829,0.931401738636591,0.718575863346717,0.896628133878695,0.978117030224777,"((((1 - 1 * fAct(SNF2, 0.527552248025313, 1.61913924964843)) + (1 - 1 * fAct(SNF5, 0.48346848138608, 1.63616459897486)) - (1 - 1 * fAct(SNF2, 0.527552248025313, 1.61913924964843)) * (1 - 1 * fAct(SNF5, 0.48346848138608, 1.63616459897486)))) * 1 - 1 * PRB1) / 1"
"PSD1",0.355217882530803,0.332528252666016,0.369833344768918,0.428128451368214,-0.0452921811578254,-0.0117606397252044,0.0357575825374788,0.0739631374207753,0.50647277391309,"((1 * fAct(INO2_INO4, 0.589537844015285, 1.27376169740921)) * 1 - 1 * PSD1) / 1"
"PXA1",0.571269773041344,0.597509095455242,0.442298390629993,0.532869275193175,0.486567918161586,0.376386576734169,0.586161104181596,0.593046274195165,0.414141802719505,"((1 * fAct(OAF1_PIP2, 0.595985570596531, 1.58610020938795)) * 1 - 1 * PXA1) / 1"
"PXA2",0.696446561459934,0.629138797854512,0.590510258845308,0.711568483609228,0.560148326181787,0.542232533458056,0.576539768407847,0.774028421336978,0.534441040931231,"((1 * fAct(OAF1_PIP2, 0.529771753121167, 1.18638812867925)) * 1 - 1 * PXA2) / 1"
"QDR1",0.885378359989022,0.756723674069325,0.694475885680636,0.707058646685537,0.678815613647454,0.705638223405011,0.875827014143752,0.878950348464968,0.645116177206487,"((1 * fAct(OAF1, 0.481157129397616, 1.50429117638152)) * 1 - 1 * QDR1) / 1"
"RAP1",0.352066380282582,0.573136169284466,0.390370278170531,0.113255016440051,0.364013733855208,-0.0247024010983613,0.0837194714973667,0.603565912957318,-0.050006998843923,"((1 * fAct(REB1, 0.462007714761421, 1.13383207421284)) * 1 - 1 * RAP1) / 1"
"REB1",0.46940365470935,0.53287607615619,0.377409913907979,0.0271171790958796,0.381284446779384,0.025756786177833,0.0329219807545539,0.480743868131344,0.146626749369682,"input gene"
"REC102",0.531971488434314,0.496365739232344,0.463272507456452,0.45999655657277,0.990424638521855,0.901967097562423,1.03023783683832,0.975186394723474,0.553112162877326,"(((1 - 1 * fAct(UME6, 0.576057292008773, 1.43000775660621))) * 1 - 1 * REC102) / 1"
"REC114",0.975996209767829,1.01426443698994,0.974119458155735,0.957291519855026,1.00765767413333,1.02371582105127,1.04059077661256,0.898247462213721,0.908225049299208,"((((1 - 1 * fAct(UME6, 0.567417358374223, 1.21981524235336)) + 1 * fAct(IME1, 0.539536498626694, 1.03908203122439) - (1 - 1 * fAct(UME6, 0.567417358374223, 1.21981524235336)) * 1 * fAct(IME1, 0.539536498626694, 1.03908203122439))) * 1 - 1 * REC114) / 1"
"RED1",0.559409955673719,0.562301585463429,0.306542846085979,0.361538908974872,0.979364666681132,0.878221104467124,0.982847888417281,0.934242253464035,0.374842666829451,"(((1 - 1 * fAct(UME6, 0.473266165051609, 1.37453873724211))) * 1 - 1 * RED1) / 1"
"RIM101",0.418028355412901,0.292868075216879,0.364432539117825,0.248670359166992,0.338610334580928,0.380702046049006,0.450998948189049,0.33809444342198,0.363058764860567,"input gene"
"RIM11",1.05562422073732,1.00594836411301,1.01413009083447,0.97636423028408,1.07659161203428,1.0002148542273,0.98759710591268,1.05324786685651,0.955585442282131,"((1 * fAct(IME1, 0.512489916803315, 1.11314905571286)) * 1 - 1 * RIM11) / 1"
"RIM4",1.06219391483034,0.947676863143565,1.06869639828321,1.02438583765103,0.940343217046618,1.01701653664249,1.02201097418104,1.04839635964874,0.925984878744713,"((((1 - 1 * fAct(UME6, 0.44940691771917, 1.18974844382377)) + 1 * fAct(IME1, 0.434439771389589, 1.62622257754439) - (1 - 1 * fAct(UME6, 0.44940691771917, 1.18974844382377)) * 1 * fAct(IME1, 0.434439771389589, 1.62622257754439))) * 1 - 1 * RIM4) / 1"
"RME1",0.58651785575112,0.646928173041009,0.463510329050579,0.340308767595799,1.01380383748852,0.849897107076191,0.928741125548672,0.931207844981724,0.392150275656914,"((((1 - 1 * fAct(UME6, 0.516676961025223, 1.28134849346243)) + ((1 * fAct(ACE2, 0.599102423153818, 1.46452571091242) * 1 * fAct(SIN3, 0.494867445761338, 1.25201795720728)) * 1 * fAct(SWI5, 0.41932783308439, 1.60292833545245)) - (1 - 1 * fAct(UME6, 0.516676961025223, 1.28134849346243)) * ((1 * fAct(ACE2, 0.599102423153818, 1.46452571091242) * 1 * fAct(SIN3, 0.494867445761338, 1.25201795720728)) * 1 * fAct(SWI5, 0.41932783308439, 1.60292833545245)))) * 1 - 1 * RME1) / 1"
"RPL19A",0.488135211036051,0.346546603566913,0.638750578863099,0.958842869512475,0.475844604086213,0.833320184788451,0.885991541200068,0.473013005478663,0.920007518547574,"(((1 - 1 * fAct(RAP1, 0.491984034702182, 1.31878040566342))) * 1 - 1 * RPL19A) / 1"
"RPL19B",0.507568058555608,0.55610435761609,0.759004357401807,0.927040146217891,0.597826187745755,1.02348240552743,1.0057924518702,0.482240782848712,1.01743977907249,"(((1 - 1 * fAct(RAP1, 0.541575855808333, 1.57758529521991))) * 1 - 1 * RPL19B) / 1"
"RPL4A",0.0896998228867,0.200992832690752,0.339463859686217,0.475100059705148,0.218822987698984,0.383475040646541,0.00351639955691725,0.23705414261814,0.376740225405138,"((1 * fAct(ABF1, 0.408379074651748, 1.31748185561737)) * 1 - 1 * RPL4A) / 1"
"RPL4B",0.0163534789972128,0.0730421087220516,0.211500492257056,0.208568286747694,0.0926488881369389,0.295739796401436,0.0643637388535109,0.130979762265503,0.249063943350256,"((1 * fAct(ABF1, 0.571464423043653, 1.49390506291063)) * 1 - 1 * RPL4B) / 1"
"RPP2B",0.481690580888834,0.430869304355787,0.519212505048234,0.948446525484899,0.536712382573314,0.991421232238125,1.05021658792199,0.389786365300923,0.953609296599763,"(((1 - 1 * fAct(RAP1, 0.420115510514006, 1.5075870588515))) * 1 - 1 * RPP2B) / 1"
"RPS6A",0.514605447194397,0.757287881637979,0.593472202831649,0.103827728546418,0.519090658161213,-0.0664019761013426,0.0797042029567258,0.619389114335927,0.110127486582352,"((1 * fAct(RAP1, 0.410892150085419, 1.64315679300111)) * 1 - 1 * RPS6A) / 1"
"SDS3",0.0958995748949807,0.589978112386104,0.638777611530431,0.787738445193382,0.474634772300497,0.759971703299336,0.139962428455713,0.747035624997706,0.769268429994948,"input gene"
"SGA1",1.07288439000018,0.947739476646269,0.956179185778483,0.967614590578525,0.99485192298567,1.06244410871191,1.01710211443098,1.09677402838023,0.960487701144894,"((1 * fAct(IME1, 0.41149250655435, 1.03436107487883)) * 1 - 1 * SGA1) / 1"
"SIC1",0.246754028994311,0.322585654171808,0.250392113383971,0.0109903407279543,0.295788524181285,-0.0795315201559406,0.00306822122142237,0.467844545949741,0.130015233213146,"((1 * fAct(SWI5, 0.57644236725755, 1.08002924290719)) * 1 - 1 * SIC1) / 1"
"SIN3",0.523704919651309,0.572612500087142,0.465220539413917,0.0811449650389593,0.462062126067376,0.0279649238875548,0.0904376878741873,0.602261189010569,0.0617790784112282,"((1 * fAct(REB1, 0.440145332831889, 1.46410980932182)) * 1 - 1 * SIN3) / 1"
"SKI8",0.645708216620542,0.546635663710439,0.518930011421098,0.503923706847639,0.891359244220534,0.878833053831714,0.99126089364077,1.02782207168772,0.501865408656143,"(((1 - 1 * fAct(UME6, 0.577393775898963, 1.26958551539341))) * 1 - 1 * SKI8) / 1"
"SLZ1",0.467340059719863,0.578812612974697,0.555657966389704,0.480063548546647,0.0641161198038452,0.11163443178815,0.0546287292586298,0.073071194503166,0.548024621964525,"((1 * fAct(UME6, 0.487455301778391, 1.43621415160364)) * 1 - 1 * SLZ1) / 1"
"SNF2",0.388167519368214,0.475951588852473,0.385120427042158,0.337792822576509,0.461680999625472,0.382716819814489,0.426951687717797,0.300434780694061,0.20462793895232,"input gene"
"SNF5",0.430308531655441,0.549117862712674,0.442163399472415,0.339346718718762,0.554428040158478,0.610243526084926,0.582886902228295,0.482438598115127,0.387190197943428,"input gene"
"SNF6",0.67684372295258,0.715389556776385,0.735649190048359,0.549794742994417,0.640312614341506,0.712049437624962,0.756705477210411,0.627320857924858,0.820835027620599,"input gene"
"SPO11",0.671340654713419,0.685991922696309,0.623474201973561,0.51170966333781,0.896270135724127,0.907852741612763,0.862350428071018,1.05067936637851,0.475490987391484,"((((1 - 1 * fAct(UME6, 0.475059145642445, 1.56072418385185)) + (1 * fAct(IME1, 0.499621104123071, 1.41395267499611) * 1 * fAct(SIN3, 0.523718012170866, 1.29827345497673)) - (1 - 1 * fAct(UME6, 0.475059145642445, 1.56072418385185)) * (1 * fAct(IME1, 0.499621104123071, 1.41395267499611) * 1 * fAct(SIN3, 0.523718012170866, 1.29827345497673)))) * 1 - 1 * SPO11) / 1"
"SPO13",1.0378315364882,0.952899712853797,0.972482987989069,0.957182179966964,1.08253483231191,1.05424216122547,0.994899543910395,0.992422621207399,1.01107285976035,"((((1 - 1 * fAct(UME6, 0.580584996566176, 1.37999285107944)) + 1 * fAct(IME1, 0.444767582323402, 1.43037994640414) - (1 - 1 * fAct(UME6, 0.580584996566176, 1.37999285107944)) * 1 * fAct(IME1, 0.444767582323402, 1.43037994640414))) * 1 - 1 * SPO13) / 1"
"SPO16",0.587377514879093,0.472605634905577,0.368857650430976,0.378963961740428,1.01944706940414,1.02905299037915,0.946504405692049,1.07542814084195,0.474365979367664,"(((1 - 1 * fAct(UME6, 0.505847907438874, 1.55388369587483))) * 1 - 1 * SPO16) / 1"
"SPR3",0.100547436473631,0.0601195783745608,0.0527226554836657,0.0548797091122902,0.00155057430027658,-0.00867095013441109,0.0122655824215234,-0.0216078012384124,0.0406896646860616,"(((1 * fAct(ABF1, 0.539470197539777, 1.68792818184476) * (1 - 1 * fAct(SUM1, 0.416074534505606, 1.29357944434043)))) * 1 - 1 * SPR3) / 1"
"SPS1",0.987849722965291,1.01199906918051,0.962825652341693,0.927687632930161,0.961617347673508,0.967588857415105,0.996147477562186,0.995937347889954,0.883299008987627,"((1 * fAct(IME1, 0.560618437035009, 1.07575922901276)) * 1 - 1 * SPS1) / 1"
"SPS19",0.75888666979194,0.723638652756543,0.602859267510199,0.758524117366252,0.643105456680785,0.626438287272181,0.807731872863514,0.821451384384004,0.652037915143344,"((1 * fAct(OAF1_PIP2, 0.451255506183952, 1.09171450485708)) * 1 - 1 * SPS19) / 1"
"SPS2",0.966797455855775,0.958519695415858,1.01442605766793,0.91207072668355,1.01158785403269,1.06635629119932,0.935323562942749,1.09633485126287,0.96104167519049,"((1 * fAct(IME1, 0.400848086830229, 1.13747110794298)) * 1 - 1 * SPS2) / 1"
"SPS4",0.979601546474451,0.97914349799021,0.961906781908134,0.981695662172466,0.932191592493819,0.986890864513326,1.02006640974223,1.04020401299184,1.0330211030525,"((1 * fAct(IME1, 0.501702609984204, 1.12954463395057)) * 1 - 1 * SPS4) / 1"
"SPT21",0.696811553520983,0.615167482179683,0.332992254171829,0.473397278965312,0.591750245797337,0.359043948569564,0.591832108731013,0.714116602592956,0.485876485449973,"input gene"
"SSN6_TUP1",0.538408834950614,0.566740234663735,0.623842746569535,0.699992434707936,0.666842185587128,0.597031757699333,0.629783294078873,0.556247654006546,0.622706313555444,"input gene"
"STA1",0.0995291697606223,0.129411639988095,0.172355660296153,0.0441680500516287,0.141027855948533,0.0170410188865632,0.0344710535936161,0.117085121193912,-0.00861585249534449,"(((1 * fAct(FLO8, 0.559513270715252, 1.47559957808349) * 1 * fAct(SIN3, 0.587565200589597, 1.12793310732115))) * 1 - 1 * STA1) / 1"
"STA2",0.0510608865096094,0.0109802538054513,0.0397567402907727,0.0614520392626798,-0.0472528577203082,-0.0139072946770476,0.008364812274361,-0.106610970137444,0.0734952880701591,"((((((1 * fAct(FLO8, 0.525188832636923, 1.60277445303509) * 1 * fAct(MSN1, 0.573685206798837, 1.5687876593112)) * 1 * fAct(SIN3, 0.575411485368386, 1.39956296645105)) * 1 * fAct(SNF5, 0.564043015101925, 1.3602684256318)) * 1 * fAct(SNF6, 0.581191139202565, 1.27086256121285))) * 1 - 1 * STA2) / 1"
"SUC2",0.737508431282893,0.906789069780262,0.957780104313698,0.754208279590615,0.734622615154676,0.78815642825293,0.802847124789712,0.753281059355411,0.880737887582471,"((((1 * fAct(SNF2, 0.532455227850005, 1.16034649194451) * 1 * fAct(SNF6, 0.409257979691029, 1.1309953173832)) + ((1 - 1 * fAct(HDA1_TUP1, 0.474066244252026, 1.36292702615727)) + (1 - 1 * fAct(SSN6_TUP1, 0.463482137583196, 1.53813963184366)) - (1 - 1 * fAct(HDA1_TUP1, 0.474066244252026, 1.36292702615727)) * (1 - 1 * fAct(SSN6_TUP1, 0.463482137583196, 1.53813963184366))) - (1 * fAct(SNF2, 0.532455227850005, 1.16034649194451) * 1 * fAct(SNF6, 0.409257979691029, 1.1309953173832)) * ((1 - 1 * fAct(HDA1_TUP1, 0.474066244252026, 1.36292702615727)) + (1 - 1 * fAct(SSN6_TUP1, 0.463482137583196, 1.53813963184366)) - (1 - 1 * fAct(HDA1_TUP1, 0.474066244252026, 1.36292702615727)) * (1 - 1 * fAct(SSN6_TUP1, 0.463482137583196, 1.53813963184366))))) * 1 - 1 * SUC2) / 1"
"SUM1",0.669978795645882,0.715026798182188,0.547644394699424,0.734231762299489,0.647254172399826,0.662936293710795,0.613447133227059,0.588439209295855,0.586663711197582,"input gene"
"SWI1",0.540754637315642,0.591186937527136,0.445188500731805,-0.0317028183711547,0.501323149115961,-0.0132636635583366,-0.0350611155882078,0.563898185991652,0.098399718582869,"((1 * fAct(SIN3, 0.512191063305363, 1.1606260883389)) * 1 - 1 * SWI1) / 1"
"SWI3",0.496299571723204,0.357258672209722,0.558573243259686,0.422861735091069,0.413986415781151,0.486906900841845,0.523050771963676,0.43839585408052,0.360632836885071,"input gene"
"SWI5",0.264998080250754,0.411535743641034,0.292525593700091,-0.0351505110041022,0.356940571093576,0.0287633388680697,-0.0535309689369224,0.506447774472221,0.080350043483344,"((1 * fAct(REB1, 0.579509989311919, 1.32871436792891)) * 1 - 1 * SWI5) / 1"
"TAF90",0.428105746773773,0.435862332802764,0.47451617266267,0.527393273748429,0.424290472858305,0.36942300727838,0.706415641480491,0.469439067773459,0.51861717880556,"input gene"
"TES1",0.630435808124733,0.674234245345738,0.494723206240686,0.599472329076716,0.447797992032026,0.487478415156178,0.640706126819028,0.594946258234626,0.600258991121625,"((1 * fAct(OAF1_PIP2, 0.560011605825275, 1.22443700807402)) * 1 - 1 * TES1) / 1"
"TOP1",0.455138685182209,0.407465703126185,0.361389081335997,0.387193127337606,0.893399844420692,0.875384353926351,1.08916653090906,0.902945824087617,0.410390864402073,"(((1 - 1 * fAct(UME6, 0.469477129960433, 1.56093502407428))) * 1 - 1 * TOP1) / 1"
"TPI1",0.0855295615852282,0.207260581418503,0.140072411279343,-0.0122363952987513,0.160718145600537,0.0255813276383687,0.0640000364401917,0.110485061195242,0.0322656753726519,"(((1 * fAct(REB1, 0.580081515619531, 1.01588221639162) * 1 * fAct(GCR1_GCR2, 0.572434341022745, 1.42614996855846))) * 1 - 1 * TPI1) / 1"
"TUB2",0.098307405762622,0.176950928881339,0.322557913812746,0.268459400454774,0.183155591944479,0.306814757036828,0.00538057089450285,0.191795861773901,0.153333797744386,"((1 * fAct(ABF1, 0.525248184939846, 1.52396994950715)) * 1 - 1 * TUB2) / 1"
"UME6",0.482303744716263,0.503444527467683,0.603995560399229,0.591605403551261,0.0576025166700568,0.100450767867081,0.0288116922597413,0.108309472027346,0.535755818485323,"input gene"
"YBR159W",0.610716459881546,0.696336220973834,0.431945377125864,0.600482052951298,0.473677290763742,0.390358090617611,0.598555452002708,0.703267990745897,0.56231560518997,"((1 * fAct(OAF1_PIP2, 0.560222127055749, 1.4632275965577)) * 1 - 1 * YBR159W) / 1"
"YJL218W",0.861970028993793,0.750203250417072,0.592379833646523,0.671628206662757,0.622369274568583,0.447976835618032,0.762729054094653,0.845597706986273,0.784336781611053,"((1 * fAct(OAF1_PIP2, 0.443853642279282, 1.27395831516944)) * 1 - 1 * YJL218W) / 1"
"YOL002C",0.782566211392093,0.662086427534062,0.696029794361627,0.720330314085022,0.687581773424462,0.614215352005641,0.788031881839193,0.877011680337774,0.673825141753599,"((1 * fAct(OAF1_PIP2, 0.428278540028259, 1.64320857777493)) * 1 - 1 * YOL002C) / 1"
"YPL095C",0.698831105480198,0.727931647778859,0.633864361327033,0.72846213614767,0.727420405889426,0.682912929353586,0.868297004669127,0.806673992162217,0.64698812499624,"((1 * fAct(OAF1_PIP2, 0.427030216204002, 1.0927638537623)) * 1 - 1 * YPL095C) / 1"
"ZIP1",0.51956549368291,0.430240330660797,0.542592470990322,0.425963353702594,0.990078741268211,1.03514980188771,1.01973388486789,0.966983740707457,0.468775029430062,"(((1 - 1 * fAct(UME6, 0.540533952694386, 1.49057335591409))) * 1 - 1 * ZIP1) / 1"
